,NoDur,Durbl,Manuf,Enrgy,Chems,BusEq,Telcm,Utils,Shops,Hlth,Money,Other,UST10,GOLD
2000-01,0.0609788327688247,0.03281020485922652,0.05926345057943252,0.07917031389772561,0.06268453526688537,0.0652916558336584,0.13346585046201803,0.08555909191854578,0.04601198800202836,0.053905286174348255,0.05539530404429355,0.035169886715247324,0.18356327584512627,0.046730323632639494
2000-02,0.0586754595587079,0.033051905876600625,0.05420246321593295,0.08379723067835974,0.057468857060995346,0.0639854753666596,0.13148242493115098,0.0975114688850649,0.0408867968185469,0.06143082428867914,0.05392609196617099,0.0337632186018306,0.18309410297961728,0.04672367977168317
2000-03,0.05518271059637697,0.029976564215930132,0.05528159289348066,0.08058951548930465,0.05153984102851113,0.0789388479146335,0.1317569802156497,0.08693208496992759,0.039976049682875624,0.06175528773543059,0.049357479965324746,0.03368988896422476,0.1979899035891791,0.04703325273915082
2000-04,0.05600523668395878,0.03183973435757711,0.056600717824921126,0.082030304542155,0.047599673838782434,0.0756387475927847,0.1288555029284637,0.08833761039412599,0.04209077785491934,0.058636360130843494,0.05232745944114892,0.03419776258046395,0.196888988474115,0.04895112335574044
2000-05,0.055550095658290014,0.03544062936820969,0.05951395594829153,0.08183307956936675,0.048641225401401735,0.06929297492401619,0.11642074702769523,0.10110790859540664,0.04056737720471809,0.06382479921074453,0.051162194446647984,0.0343981786714999,0.19335708736942084,0.04888974660429075
2000-06,0.06132342458153503,0.030918881329019796,0.0580390413575792,0.0918802436734916,0.05037311918287259,0.061940069847518875,0.09904761934915624,0.10858398761048012,0.03973088449505329,0.06738563831180527,0.05471997909267672,0.03402492920826053,0.19349938598559296,0.048532795974957736
2000-07,0.07926910439814025,0.045060725232021606,0.05118593700390376,0.05366432052311771,0.05309638594825346,0.04657960241326996,0.08192951162802514,0.10357249450866815,0.05804707271191305,0.06990466332868485,0.06065574328902589,0.04328832966491496,0.2032703818793702,0.05047572747069114
2000-08,0.08068631400226112,0.048372403287937356,0.05054378632909951,0.052266176435489975,0.05304642930181876,0.04445203000902246,0.07209182735859859,0.1118460821519465,0.05768576296694847,0.06351975628192164,0.06732687430086955,0.04371931347088567,0.20403486226461923,0.05040838183858112
2000-09,0.07725006600419085,0.04906242154970195,0.051977297897545974,0.053712479022756096,0.05303012716867061,0.04545260268699135,0.06996744046218789,0.1124123954348547,0.05563291458885483,0.06349286514968148,0.06879799567195793,0.04490126022108785,0.2030294515988667,0.051280682542651904
2000-10,0.08078374011731593,0.04689052751785876,0.0465587394204681,0.05719133570540472,0.052658990255842544,0.038729316149661214,0.06553116558194447,0.1250409431840118,0.05751006093578606,0.06614298768192343,0.07052782650204575,0.04291003209952039,0.1985195359226906,0.051004798925526146
2000-11,0.08697782873891007,0.04833156287419956,0.04773523419079397,0.05542981428447179,0.056683244032276967,0.036215083711756774,0.065238457114694,0.11957374857281675,0.05605388838576786,0.06722923018999304,0.06918405256031444,0.041509454337327285,0.1988344890752412,0.05100391193143634
2000-12,0.09338971396222431,0.042334385370595244,0.04605045182876008,0.05551533656318264,0.06049534743680795,0.028612044974138585,0.04901941714257676,0.12892836817695374,0.05758710032132427,0.07044673526854743,0.06535982500170436,0.03843900773272951,0.21429322894477465,0.04952903727568052
2001-01,0.09386071950070514,0.04173739843471963,0.04672376775625949,0.05656196158295728,0.061578246844791164,0.027404609737771864,0.04707424903205632,0.13017196413228407,0.057950645301461656,0.0702241715004821,0.06640349719354452,0.03779172122311295,0.2138947420257271,0.04862230573412654
2001-02,0.09458521584980566,0.04760187890707227,0.04899118753272795,0.055501872867326614,0.05856212717731228,0.031138967682417022,0.054841711669206414,0.11003674042679253,0.06381331946155708,0.06532612218567256,0.06918156550840128,0.03998070016688476,0.2117153637803137,0.04872322678451001
2001-03,0.09457762498315014,0.04790677510711866,0.04641878504455507,0.05648455054446001,0.05796468721055256,0.02484351512565011,0.048314438298509975,0.1208558359287711,0.059606895625946156,0.06509815686899667,0.0640700169946793,0.03963938281602422,0.2261590233209673,0.04806031213061867
2001-04,0.09016846461625734,0.048067626554928404,0.044544796448193084,0.05895367408414543,0.054380474093623725,0.022895009514309197,0.04646310821216314,0.12769306109556838,0.060029706588615575,0.059128414217978056,0.06370853902345132,0.037316453522311444,0.2374221241083783,0.049228547920076644
2001-05,0.09833650123574554,0.08039886862972387,0.046918585452866826,0.047063515516334,0.05580678730256587,0.05194562792982205,0.07405659860837364,0.07663410087126184,0.0882970236517373,0.07987595279886986,0.04512592938899479,0.03424489383985048,0.17978164232527047,0.04151397244858342
2001-06,0.10308703534289132,0.07843047665011867,0.04730147020405462,0.04584994625226479,0.05720524443706064,0.04953714013760231,0.07145321219497114,0.07563781058274016,0.0901279794841858,0.08247567591574843,0.04645785433069054,0.03508626257111774,0.17585209483835643,0.041497797058197415
2001-07,0.10248439334284612,0.08525664104544069,0.043921328383184466,0.041822706969395405,0.05792286835461561,0.052251885550982285,0.07033264465362624,0.06772455760801409,0.08831535905143743,0.0802090884479988,0.0488144174457171,0.03560582306878131,0.183906809274278,0.04143147680368261
2001-08,0.09870647743716081,0.08683011218721698,0.04420645981221152,0.04109814318219629,0.05817994581459134,0.04725829103636566,0.06849064960058045,0.06281404190467921,0.0910761694887983,0.08147113450883577,0.048145660286855636,0.03271943842287373,0.1967918719187148,0.042211604398919494
2001-09,0.10799235327711419,0.07671902606155197,0.04329017159766699,0.039378226599027795,0.061291719991120076,0.041301633491116804,0.06050729934542607,0.0651599533580454,0.08511990038899601,0.08053479782629404,0.04574980688749236,0.030884034521239275,0.219073372765434,0.042997703889475186
2001-10,0.10924909052761424,0.060311033001629946,0.03425199616561316,0.03744219155092452,0.060449975856146025,0.03381487177706817,0.06314670721175615,0.05898747022043284,0.07781993989417811,0.08717103468204047,0.04514860061046654,0.02591533797740924,0.257006703959965,0.04928504656475564
2001-11,0.1085677546258272,0.0595866481294392,0.03540167959557092,0.03896194310837665,0.06069280194838829,0.03755115916334691,0.053324258635990995,0.05903210615896089,0.07741465620282066,0.08650543070328706,0.043083897093508745,0.025459830941729822,0.2664554133848977,0.04796242030785489
2001-12,0.10851170910505042,0.06571392197557241,0.03878433322897668,0.03731362213361898,0.0648787532202084,0.04163898567038117,0.056269348059969415,0.05752783869547866,0.08215859422496405,0.08913325740391614,0.04586861840653206,0.028200175280130663,0.23575713198274476,0.04824371061245626
2002-01,0.11254251764572926,0.06519793006615976,0.04020259122734322,0.03936364306594674,0.06459974643958709,0.04110225982624645,0.05764480386278467,0.06030567262747943,0.08712559095547107,0.08556786271885063,0.04725994187952368,0.02943349494835653,0.22341381053226564,0.04624013420425589
2002-02,0.11404606328836425,0.06774834879340243,0.04177812375429479,0.0382953428558448,0.06549908242599144,0.04129125933419219,0.051966409065698306,0.05602144498517369,0.0901139526038142,0.08229928508455511,0.04685143328896679,0.028793672819031967,0.2260035591423575,0.04929202255831255
2002-03,0.11905145896031709,0.06875060661815272,0.0429755019761636,0.03974930234065718,0.06740366580020689,0.035415881198683496,0.048792235125972944,0.05396724537950061,0.08851647163463217,0.08010551406992278,0.044998308422986896,0.028587372703209716,0.2310207471028159,0.05066568866677798
2002-04,0.08873864674530976,0.04180626854664743,0.051019312286513324,0.06887691509341858,0.05810599885265149,0.03555196720316885,0.08036582910204007,0.13061107695957638,0.06282387046601065,0.07596047027524128,0.059878247852402554,0.03685383892542073,0.15282853354296858,0.0565790241486302
2002-05,0.09529924450209643,0.04377856771845548,0.05176496152596854,0.06601766690696241,0.057751109294799464,0.03186132822604512,0.06662020113212856,0.13396782342535868,0.063677988675157,0.07061373382307962,0.061173412041405945,0.03395057679060775,0.16661855128695952,0.05690483465097572
2002-06,0.100060355512365,0.044060947530080316,0.05196155804588145,0.06605471001437424,0.05952517369563506,0.030868237450674043,0.07024576282101727,0.11953198801949198,0.06389295021897373,0.07031863991941657,0.0624160899283656,0.033333197681957555,0.1702049333692002,0.057525455792567105
2002-07,0.09848102547227042,0.041845773728952075,0.052636018708493916,0.07052057365298056,0.06289953813069417,0.027931339109437733,0.05753078742297005,0.11234642311756743,0.06396228827200884,0.0651292147208974,0.06292140537524805,0.03206033794750954,0.19343133801026777,0.0583039363307022
2002-08,0.09727353729511827,0.03866443195383596,0.04870782569519973,0.06165274529283223,0.06453132422512776,0.027284940799243936,0.0512492427810568,0.08899345389816511,0.05798447948457148,0.07032588244076803,0.06262454696283326,0.03324816984683548,0.24125855077409233,0.05620086855031974
2002-09,0.09614999179876524,0.03816200153935036,0.046002038034946714,0.06084636855799336,0.0640216867261794,0.02676055926789271,0.05033365244937732,0.09093909724957708,0.05753686957237454,0.06858948022620447,0.06226336683532502,0.03206471064785385,0.2507237089757742,0.05560646811838568
2002-10,0.12144972723509495,0.07002234286280537,0.042596945826524804,0.04043454716710371,0.07101919700922882,0.03385678207906564,0.04290241821931821,0.05422720589759025,0.08638116791017221,0.07518509849227026,0.04596005402100195,0.027223029920167584,0.23669422466952625,0.05204725869013008
2002-11,0.09178996494005641,0.04646425874161095,0.043725290903569865,0.0564871044975618,0.05674426099152999,0.021727112500273985,0.04123115712784851,0.11131602839597099,0.05913690382023749,0.05805295972805977,0.06460202045292483,0.036308529377809325,0.26159038128532386,0.050824027237222076
2002-12,0.09043947802144812,0.04831200870405466,0.045242589396006706,0.05673360070430966,0.05699242026579953,0.02241854644919405,0.04263749019517816,0.11154398582156037,0.05949237363794615,0.05869073316001054,0.06558675674061608,0.0373284742123034,0.25355217500571914,0.05102936768585366
2003-01,0.09055610818205727,0.044899238546115564,0.04246051611400259,0.056888226943407984,0.05587640117900534,0.0203596272315832,0.03824394135804865,0.11725239049155847,0.05440517738332379,0.05567006541845751,0.06223158617170532,0.03452246243935763,0.2754668388212868,0.051167419720089986
2003-02,0.09031303552602858,0.044359519838180886,0.04123619465014204,0.05563763682467556,0.054938015601311764,0.019993214261070803,0.03682514555421474,0.11620874361260917,0.05325237532198869,0.057529348111510885,0.06467736504304752,0.03297859312420841,0.2787076698543059,0.053343142676704994
2003-03,0.08695168063458374,0.04218041672021337,0.04056031585014768,0.057400290635408635,0.05278766369136299,0.020197809949669476,0.034340981810791454,0.10827148899183538,0.05287632063887695,0.05652401729879635,0.06250958779522839,0.03271315441306029,0.299744069413473,0.0529422021565521
2003-04,0.08240930055819136,0.041223752001638025,0.04015593529611232,0.058879714673224316,0.05680200321265366,0.020423348832460515,0.034653369049125596,0.11388942698484779,0.05540062068944135,0.05858671810703854,0.061891084982779,0.034295678166499,0.28878622010147287,0.052602827344515594
2003-05,0.08207398870867044,0.04259998483366947,0.04095404298201008,0.05810479275568629,0.05741586556164543,0.020896081138143865,0.03582628103107388,0.11359551704926754,0.05627002453200191,0.05839855176079407,0.06248891138102957,0.03593274476645258,0.2806272165339368,0.05481599696561793
2003-06,0.08359660470628838,0.042595458894149785,0.041425021267734445,0.05772010070810371,0.05825616441158711,0.020363183084749253,0.035126874280261636,0.11372303261587907,0.05708881942141661,0.059807361435452476,0.06504891260984369,0.03592427457568753,0.28069221247769127,0.048631979511155
2003-07,0.085086110101376,0.043557254336652584,0.04223192310972962,0.0571685355730954,0.05692098897593041,0.020474644074354058,0.03584546868731022,0.11497556320173617,0.05900640866848339,0.062228895397340424,0.06532704226191818,0.036575033465017816,0.2714350373520625,0.04916709479499315
2003-08,0.12448157793910107,0.06838852728516374,0.04421893269286081,0.04067497148301789,0.07289567233337983,0.038364141508994476,0.04947962946181884,0.0528381611829443,0.09107232928873525,0.07994002299983392,0.04900276499150417,0.02833456850431406,0.20952161139836267,0.050787088929968964
2003-09,0.09072763309108688,0.035228996330750606,0.042718420690991216,0.056975310086995516,0.06375651883988806,0.02369660599748132,0.04620893335768667,0.07561262970809475,0.054627048516837015,0.06892684004313414,0.057745986902689256,0.028999094744302678,0.2991721333573697,0.05560384833269207
2003-10,0.09114980354784427,0.03273934777420335,0.038909918612901453,0.05398809926150568,0.062147496986696305,0.022641426438166922,0.042065645706167984,0.07773788926512902,0.050618958486266276,0.06814623008873916,0.05712647749727743,0.027824136752275814,0.32112756532342035,0.053777004259406035
2003-11,0.09513631825937212,0.034346191037635386,0.04239638142090333,0.05410993101606282,0.0647343384700315,0.023771059325829576,0.04418080966956611,0.07784249400674803,0.05400395796549182,0.06753732266881925,0.05999752115494453,0.028803331829601923,0.29771251557803763,0.05542782759695591
2003-12,0.09856816395697852,0.03473437343194069,0.04296809843560192,0.05353638804170893,0.0645655922825784,0.023605670057735735,0.04304287113272642,0.07760136108462823,0.0535614679811296,0.06813943522242823,0.05992525944440469,0.02872211288452416,0.29574220793590084,0.05528699810771349
2004-01,0.09951665697330461,0.036130796394899044,0.043950413798143455,0.05649695986874797,0.06583773201251987,0.0227973723272022,0.043715435041433576,0.0789015459973406,0.050662854382598384,0.0692458780039662,0.06027259243570929,0.028559077769550183,0.2896076614809473,0.05430502351363742
2004-02,0.09824618059001519,0.03510742601898102,0.04262017829130714,0.05553087456470826,0.06442788374789231,0.023154961419109197,0.043638719459085415,0.07960788328635086,0.04997657041747032,0.07069255382622816,0.06170323412769308,0.028460869836229905,0.292802390110661,0.05403027430426824
2004-03,0.0982160203001311,0.03455699293074563,0.042527966901535555,0.057451715515396615,0.06458412521647686,0.02256351326037513,0.042775458359251284,0.08000326380780907,0.0519828413778176,0.06859679948398244,0.06141707477263359,0.028378179376311184,0.2929301174617677,0.05401593123576629
2004-04,0.09760742679450314,0.033878561272391694,0.04201412826062125,0.0571983155083328,0.06461998487886447,0.02191350933214439,0.041484963962502446,0.08103958181287825,0.05193134047498977,0.06464164540262612,0.06056022169894906,0.028052208869699155,0.30151571711825687,0.05354239461324069
2004-05,0.10525064882204267,0.03692883071039827,0.04388591000558494,0.06277954881449394,0.069698175394426,0.022010714966717707,0.0436655123636398,0.0800312315500833,0.05278527529413619,0.07167876215692948,0.05997286288575304,0.028866553072306633,0.2672429435501995,0.055203030413288515
2004-06,0.10128954289435818,0.036670233149053155,0.04542173413098505,0.06383767527433644,0.07109967700794866,0.023617576071588597,0.04250659564740326,0.0822921669935669,0.053295492886342354,0.0712739423699836,0.06134704646683457,0.03022372466864243,0.2623982764465911,0.05472631599236581
2004-07,0.0663426747592087,0.026914810398245507,0.05971192049760328,0.09448086822285469,0.051042060143266274,0.05591682631809127,0.07999808438297361,0.09725364269807979,0.03713653830068953,0.07236156186433783,0.05529997035869049,0.03173324909763152,0.2235384092697063,0.048269383688621256
2004-08,0.06106679578478345,0.02550518819999042,0.05748666482713136,0.10134561355486471,0.04861738571741604,0.05169609703796784,0.08047092620891418,0.10084244925332776,0.035590834809299775,0.06729979419872362,0.05449064877936787,0.03093588914051304,0.23679966487369186,0.04785204761400811
2004-09,0.06009679554903229,0.02437694889680946,0.05598710824885199,0.09675511260849812,0.04988232264416029,0.04834514919812405,0.07951751005113611,0.10399922647137266,0.034289646387761004,0.06684274410523318,0.055036489396442914,0.030000464944140867,0.2476549159654643,0.04721556553297276
2004-10,0.05736900638989647,0.02461319325038097,0.056874790740203664,0.10438187743770051,0.04892293684266042,0.04899521772798364,0.07939339348495733,0.10431542650905273,0.034705131734013205,0.06448900588424165,0.05410836145049282,0.030708238695685085,0.2439087387432241,0.04721468110950732
2004-11,0.058304024486237366,0.02312482791949002,0.05506970051365391,0.10407334951334939,0.04692142956193228,0.05027828514617781,0.08144500969321816,0.10885771277504075,0.03499989597101236,0.061521301929214095,0.053571784459024434,0.030675718076425846,0.24444007117566868,0.04671688877955481
2004-12,0.08869822180930848,0.04944073652682056,0.04858897756602601,0.06118236549690797,0.06390755339919638,0.02197700956673422,0.03636327163486803,0.1146990063443909,0.065151806729963,0.06478754507139797,0.07388212989183818,0.03994193731207456,0.2200095643914063,0.05136987425906765
2005-01,0.08973327428899908,0.04991030970013851,0.048351085489439345,0.05888972166620753,0.06435884272012514,0.021943308003669764,0.03668753405463868,0.11427200918609184,0.06529954835354673,0.0657829637378101,0.07411367755911487,0.04059110852468868,0.2187901723049896,0.05127644441054006
2005-02,0.09004031412958129,0.04629629118418295,0.047679101224902196,0.06258003740930838,0.06389829902774927,0.021456552725612518,0.03571237498321346,0.11717268762799052,0.06479230491436519,0.06236427093021147,0.07184950642715282,0.040077508252653195,0.22631287791832205,0.04976787324475472
2005-03,0.0896444414545295,0.045887271127665274,0.04879353400591452,0.06829962595525112,0.06563192949407953,0.021352302083613387,0.03537692804116879,0.1186597374326812,0.06452621887884087,0.06301552180174701,0.07091775727641801,0.04011895640624049,0.21785338721661848,0.04992238882523182
2005-04,0.09056805652414962,0.042678898096469874,0.04871712566501665,0.06621117566155421,0.06597494850613478,0.021165821823831695,0.03572152214774461,0.1221481137891776,0.06606674715185545,0.06382224258461568,0.06967621859967074,0.040402628739947745,0.21599179839629037,0.05085470231354101
2005-05,0.05962428434385292,0.022691617497860757,0.05704930238079025,0.10906464753134924,0.0482708830640726,0.050045902719870916,0.0816089270881886,0.11497517601211518,0.03474749110897517,0.06085732197451861,0.05388072322317111,0.03120104659017207,0.22958294518586594,0.04639973127919661
2005-06,0.0893138544252108,0.0383571458220295,0.04621600796451594,0.0618197568738987,0.06266178575576882,0.021028970061887226,0.03556519339847211,0.1258678265685485,0.062118851715346146,0.06726651430983466,0.06918892617330634,0.03961414643069807,0.2308516713338108,0.05012934916667248
2005-07,0.0866638050223472,0.03844738490200786,0.045393812951175685,0.06385095608885902,0.060505484602517416,0.020586719541967353,0.03515283502492384,0.1310070663992832,0.06271522065170936,0.06618404316083674,0.06990402208629796,0.038976636739747855,0.2307846886136545,0.04982732421467213
2005-08,0.12617035807766866,0.0706085842819552,0.04636208071977148,0.04578328395476894,0.07339751153164074,0.03802843092911789,0.047091375754206806,0.05627973926301308,0.0977244596314028,0.07323340847878808,0.046830843200427505,0.02844508920902513,0.2013609805157692,0.04868385445244443
2005-09,0.1296465095215123,0.06866246714501914,0.04565475867574261,0.048529401408465477,0.0695125431133838,0.03751760023246504,0.04553278990236009,0.05608886817200783,0.0914843732404207,0.07298066709787238,0.045307054684151686,0.026693518399512856,0.21444280744939953,0.04794664095768665
2005-10,0.05870124657417643,0.02395828857231654,0.057733897453053656,0.1118095448702074,0.04636172926126379,0.05171058413613773,0.07960600011778649,0.11684636577137929,0.03563965474024481,0.059252761089200856,0.05380313434030753,0.03134319638897048,0.2265168066205083,0.0467167900644468
2005-11,0.08770085394087702,0.038851009100899024,0.04700174182529401,0.0658001464394386,0.061878522147419075,0.021018113017161215,0.03537536723532168,0.13205161023343767,0.06429350815322765,0.06683239587930245,0.07056832808834301,0.03982403190562122,0.21806724048880757,0.050737131544849795
2005-12,0.08717304367463738,0.038748357571246936,0.04830784976742761,0.06523457701219965,0.062247874616654875,0.021204852528761267,0.03532546562926809,0.12988494362432618,0.0651209067207682,0.06663867770050692,0.07178321993241606,0.04070549811406282,0.21701227205248408,0.05061246105523996
2006-01,0.060394737903395494,0.022452345975066727,0.059653401466380915,0.10212441799602946,0.048367168322803765,0.05419749657190946,0.08133981565586991,0.10646085670538646,0.03784352429109753,0.059737016840773566,0.05997694374399914,0.03179519631244575,0.22770657456073487,0.04795050365410705
2006-02,0.058647865779580886,0.02252917852761506,0.06224531980873857,0.11219460978418294,0.04837854936115749,0.05468617113078982,0.08321608896410716,0.10762050575449865,0.037170236137432505,0.05943277731287075,0.05945212503882821,0.031274245143819074,0.2157858966044013,0.04736643065197754
2006-03,0.05991273196584545,0.022189500565341337,0.06404131729976063,0.09986990788984788,0.048694965184560936,0.05455620330163511,0.08829261486668769,0.1085007287334356,0.03782824667019112,0.06058733018936632,0.06129277409016099,0.031044674623059727,0.21620443916376358,0.04698456545634372
2006-04,0.06116842253323302,0.023111831428111476,0.06797546349869468,0.10533205307931348,0.048902123058214446,0.05645090463193736,0.09077687146185781,0.1009262598145943,0.03921103914899253,0.05982088070154421,0.06192998459237763,0.03312952247964294,0.20349390151308336,0.04777074205840275
2006-05,0.060982987209040926,0.021973406076126065,0.07197986176530506,0.1121806932955974,0.049460355044875934,0.055374615076190147,0.092654685380314,0.10194444543249631,0.03728660918077036,0.057267287458097324,0.06372899295590828,0.032275004588848806,0.19095997765685999,0.05193107887956956
2006-06,0.10437788111487327,0.0347467690205353,0.04804262797400348,0.06980763983281901,0.07283646496099458,0.021626428608049746,0.040610219027592126,0.08690374040519104,0.05163908921454415,0.06810794939730745,0.061743438095422494,0.029843179436538456,0.25540993698288206,0.05430463592924694
2006-07,0.06285039055283419,0.020969458823745065,0.07105195135799944,0.11390048573973653,0.04701905591816102,0.05198337066382284,0.09797828635854937,0.10715062234555349,0.0357017644298954,0.05554262573892277,0.06188335556693693,0.030300761612556255,0.18832029833408856,0.055347572557198174
2006-08,0.06443852266193421,0.019599048213818505,0.06402628578211297,0.1180913123620731,0.04448899589167024,0.04836084633788322,0.09859374360061691,0.11321745894935617,0.03256282535363448,0.05719637877034193,0.061209813018377,0.027154256712213602,0.19027903566916968,0.06078147667679792
2006-09,0.06566639767709968,0.01948969986219309,0.06260263431704535,0.10961231349596186,0.04688219699298622,0.05084492387072197,0.09956695311863101,0.11451038953302482,0.03247420355693258,0.057422197455475256,0.060829259452171054,0.027112004411421448,0.19479638705875219,0.05819043919758345
2006-10,0.08853014939430898,0.03797811004987716,0.048532062651883714,0.06397624443393739,0.06240278501519692,0.020000220694895692,0.03425035686509244,0.13413883034478938,0.06484487888011836,0.06785698204430386,0.0732124592351989,0.039773875301552505,0.21595971461523206,0.04854333047361271
2006-11,0.13959586802229185,0.06724648045064201,0.04707183834534689,0.05102918644727839,0.07229875388342788,0.03755187211485638,0.04525508464800542,0.05824900560524292,0.09481729392152033,0.0707454262200326,0.04641285138259492,0.026180941552945786,0.19422538941019893,0.049320007995615534
2006-12,0.14411303860793945,0.06736649330731395,0.04828643851894022,0.054200474818796814,0.07206499161527954,0.03707347047836838,0.0432679214918772,0.05796231704445883,0.0928837144129753,0.06861241215686216,0.044962690398143906,0.025343546734989866,0.19470293561082758,0.04915955480322691
2007-01,0.14920038204764138,0.06639321604931317,0.048203424364432444,0.052215235497254375,0.07382120048483924,0.03665544066344379,0.04625971688011573,0.05868357550474783,0.09471431765499344,0.06849734719651925,0.04777291695249549,0.026254153396447433,0.18174623405759277,0.04958283925016356
2007-02,0.14774970878231747,0.06742138288461169,0.04979091383205192,0.05035433326255933,0.07562025897646431,0.036964802015646586,0.04753001438991487,0.05839972883359264,0.09671992116782428,0.07119748967437672,0.047165668478329266,0.027128836651738802,0.17376638246449305,0.05019055858607917
2007-03,0.1459671791304369,0.06727026916925992,0.05014471093375364,0.047341926620431435,0.07609296693669117,0.03546348057946297,0.0445465888088085,0.062059825402477974,0.09731178132746882,0.06677573200338353,0.044436849670167915,0.025395534738613276,0.18500563454544314,0.052187520133600805
2007-04,0.10072249404331764,0.03622856370648379,0.04782840140777665,0.07227594032403888,0.07211404447841539,0.022448679364163893,0.044045380916451875,0.09241973222124202,0.051698446825700864,0.06659226752940285,0.06018064558663672,0.030786441294645868,0.2516822603260825,0.050976701975641164
2007-05,0.1501220739495611,0.06527631378649075,0.05122928042555538,0.051650113049879195,0.07559193127454784,0.03543543928970059,0.04540402236326193,0.06697064685704217,0.09600847540653579,0.06581943796736348,0.043466383044651884,0.02511254902228379,0.1771862394821349,0.050727094080991235
2007-06,0.10201196055134337,0.03705859494577829,0.04925526427147977,0.07422312189001816,0.07193322821679184,0.022610202129291827,0.04386692108718202,0.09350438894834451,0.051337383601879616,0.06860026597460629,0.0607037440540164,0.03078208073037153,0.24334553310528945,0.05076731049360679
2007-07,0.10318395642180579,0.038898737472308764,0.05015445132223688,0.07715838422719855,0.07290382921789215,0.023301837642432228,0.043873692344708136,0.08740112764484123,0.05127605651698556,0.06709113664238127,0.05909648245891563,0.03110783721352137,0.24387410958836106,0.050678361286411344
2007-08,0.06348582557964484,0.02091700693065354,0.06598946760069054,0.10395801725857054,0.0482006218126249,0.053237238353089196,0.10584415369096072,0.10855297734303429,0.034584797515371864,0.05686330563381603,0.0612501988071837,0.02868499814111131,0.1944926259989466,0.05393876533430196
2007-09,0.06381939058925643,0.02009666307651997,0.06413700906120032,0.10152909264887462,0.04908246790297957,0.05379785183592202,0.10153278348860477,0.10958983009111425,0.03463354012238935,0.057548394458647886,0.061203219398065625,0.028361227931864748,0.20140494808406764,0.05326358131049279
2007-10,0.08859673629465796,0.038153433130072176,0.05008611777573237,0.0660083983463327,0.06414850589400331,0.020010470067788756,0.034631520836380394,0.13642571488634897,0.06451742858603374,0.06645665957742529,0.07120891529970973,0.04070873295343919,0.2104704838436069,0.04857688250846862
2007-11,0.08955169333293858,0.03745509980290313,0.04945145659205618,0.06610374341939523,0.06421722070917289,0.01987904921107178,0.03317196497790777,0.1420274142822243,0.06422242090158241,0.06637233740547739,0.06984449787626996,0.040767702913464696,0.2097124729157365,0.0472229256597993
2007-12,0.09183505746477336,0.03399879927714558,0.04719217454690798,0.06253622375583863,0.06486669938072905,0.01861451062684184,0.030738428639007158,0.14247532672937463,0.061800174320588125,0.06684941873256224,0.06512351155556123,0.03805226861986024,0.22831879191562376,0.04759861443518633
2008-01,0.09115958651273662,0.03345850400485736,0.047898032841453365,0.06815964041249847,0.06677181825128535,0.018887160356698074,0.030798479430957995,0.1453007241461103,0.06013939990148525,0.063803841297597,0.06220624307730201,0.037221207771910084,0.22708683521712497,0.04710852677798326
2008-02,0.08849734809993508,0.03183411518484777,0.044498504790129144,0.06105313157032964,0.06104804882444939,0.016843988963807306,0.027830424159277143,0.135284831964838,0.06289136114785555,0.062438818444739856,0.0652577364503076,0.03608121688448158,0.25333667299343493,0.05310380052156694
2008-03,0.09006080317352709,0.029751970499156854,0.044730421027715156,0.06621876090421694,0.06389200724632683,0.01620467548121014,0.02641816123043921,0.13074978484910996,0.05964936592230379,0.062418524458337836,0.05625260873980211,0.0348798037397147,0.26451312098954616,0.05425999173859332
2008-04,0.09157395606524708,0.028103960856737675,0.04388933704954832,0.06342108038137217,0.06454304457121575,0.015903615117932302,0.025823533843562643,0.13252779858609046,0.06063132506578958,0.0607408869371594,0.05345443400105645,0.03487217405671179,0.26830904269047895,0.0562058107770974
2008-05,0.08817991820768098,0.02992452016750092,0.04639642073363253,0.06908551931189115,0.06605138330764367,0.01680659007939166,0.027271992636978066,0.13883645595224428,0.06304464560000628,0.060362879471429445,0.055592261395040254,0.035069008410938976,0.2494511635882744,0.05392724113734758
2008-06,0.09131436110366059,0.030380609612592344,0.048360104590937154,0.07196192912943289,0.06704907811179531,0.017545303824827774,0.028676362420107446,0.143830498626301,0.06356263219030463,0.061229391988957445,0.05253199592466917,0.03534321312361451,0.235174065888698,0.05304045346410183
2008-07,0.0830613365379218,0.024666886614462195,0.043114335486181043,0.08197167638681918,0.06403890509329108,0.017626416972953765,0.02645770228079802,0.15254624408982487,0.05931187818966508,0.0631160284282461,0.04119568388904482,0.03218471263411557,0.2548750427548895,0.05583315064178716
2008-08,0.08846991909499953,0.024365031424178073,0.04273564073147205,0.06681729910707346,0.06825604069999801,0.01737639638301906,0.02539292254348875,0.13950770770614937,0.061572601017051844,0.06952448944180326,0.044822015972143435,0.03233650116953672,0.2604329972927567,0.05839043741632982
2008-09,0.0880668949795982,0.025180207381402905,0.04320798178250945,0.06635018779796484,0.06846335956837232,0.01810343384348157,0.027075566640063952,0.13289389601579346,0.0643905550128063,0.06969158875222405,0.04445233351614968,0.03303207158564681,0.2666849912506818,0.052406931873304814
2008-10,0.09550405265528628,0.025079773028438865,0.036445641659865455,0.05915147375600296,0.06306775965223227,0.017857532048535175,0.02487931651974331,0.10932185600436004,0.06621294647966684,0.07091938880438044,0.047301974064767396,0.032332263095290324,0.29768942709638524,0.054236595135045314
2008-11,0.08907991059268416,0.01895479692458573,0.030821786109974016,0.05371022220046474,0.056747172530067856,0.0192380268610815,0.025131165962973406,0.10857639941161666,0.06377488016550885,0.0752492589581475,0.043461145235015354,0.029524434287351686,0.32869816263882046,0.057032638121708217
2008-12,0.08453301023034934,0.01846289113677181,0.029672136877055836,0.0564104584921898,0.05287358103376792,0.018926784992091075,0.02651527176118275,0.11219273794551901,0.059052330045680765,0.06911704417738934,0.037906402329742225,0.027925735664540288,0.35,0.05641161531371991
2009-01,0.15315478678525762,0.055282559903823504,0.04871939569900498,0.054068974978852796,0.07489248362882947,0.035548601714778354,0.04488920824386568,0.06136166073016834,0.0964802998818485,0.0642424415257896,0.03567428365355736,0.02336893454582441,0.19897430310736464,0.05334206560103448
2009-02,0.15973781876572957,0.05054550474103304,0.046202393387344734,0.05817815875594847,0.07033980834642313,0.040070516602510264,0.04171833376910676,0.07037348394683504,0.09777142879389605,0.07231575934183448,0.025345464113301932,0.020332761418593276,0.1781881130693306,0.06888045494811246
2009-03,0.1505658346545182,0.04698664971473759,0.0373778321288279,0.04975251118154464,0.06431948583061421,0.04374842603522367,0.04225187755714718,0.055093562020722284,0.11022810520193761,0.06295487901299958,0.02136480697202003,0.017755925733614925,0.19648930002725246,0.10111080392883975
2009-04,0.15210589671927194,0.04919623065807152,0.03865977327455511,0.04839805078753719,0.06470685669866537,0.04480329963736067,0.04313880862486116,0.05348280386330169,0.11335715728488667,0.06467103165578272,0.023786944513129342,0.019147498957110744,0.19393124213430216,0.09061440519116373
2009-05,0.1534133861178475,0.0580190519034997,0.04576934093685977,0.04927157785572078,0.07090799772365326,0.04804481325747649,0.04643569628069287,0.0530525690459813,0.11936602707568195,0.06088591807572833,0.02787035025621785,0.022480933843161594,0.16250027448619453,0.08198206314128399
2009-06,0.16696188607800755,0.05376835904046773,0.04684623031265207,0.05389305351288151,0.07478705562250318,0.047468398453872976,0.04485075716182034,0.05465158859535859,0.11400621742414983,0.06409841402947465,0.029862146620042145,0.022176118251449932,0.1442982044289156,0.08233157046840382
2009-07,0.167248939446976,0.056164268199970384,0.045550638241662646,0.04899083764733255,0.0701707719147768,0.049672993955300025,0.04569212764094044,0.059669917962232366,0.11216961718266442,0.06797075172066118,0.02882248870753714,0.021280433063488105,0.14182274027575953,0.08477347404069847
2009-08,0.16475674555919653,0.05953425895999666,0.04777617798361928,0.04949414768170831,0.07457862478613031,0.04956200084516092,0.046132266769968254,0.06053547783013939,0.10925856350235434,0.0682623704115573,0.030277688123319588,0.023298789729299576,0.13558340121315246,0.0809494866043972
2009-09,0.1635400349648052,0.05950922569785562,0.049412696973829405,0.04836806975688637,0.07231142232317292,0.049352769797240646,0.04508659436810874,0.05872761156569235,0.11265601365017963,0.06875107486470097,0.033057216305891104,0.023710528336469625,0.13571808314037842,0.07979865825478898
2009-10,0.16739337721827438,0.05774271681613204,0.05070296969982492,0.048929473259046556,0.07527982543934764,0.049261042560507354,0.046214051921792704,0.05769911777418398,0.11101770836116968,0.06748501248878233,0.0317583136845355,0.024194310668566914,0.13169698615517708,0.08062509395265877
2009-11,0.10341870938968382,0.0321991505351862,0.046162987346839005,0.07531332198335476,0.07443831622727068,0.022073549363265936,0.03850471932980764,0.0788366082249023,0.047684266053064125,0.06589797435022246,0.046161307168026466,0.02752557004724357,0.2907900858099772,0.05099343417115596
2009-12,0.10503472972701369,0.032677729621347955,0.04687265400722836,0.0743059062585927,0.07741092960995741,0.021236041775363108,0.038250915437762954,0.07856028158636282,0.047266570268541135,0.06772522819503848,0.04591411866407219,0.02762694293591945,0.28715860669047605,0.049959345222323814
2010-01,0.065511481004694,0.016665830474362833,0.06167726898695076,0.10867597415192752,0.050169233255369546,0.05612296067334813,0.09851484168204931,0.10644075853068709,0.03205386932186882,0.05853075037755064,0.050925222255473385,0.025163274325861264,0.2055081342232591,0.06404040073659766
2010-02,0.06506119215345042,0.016354538231112464,0.05978064939154147,0.10597617776453279,0.05099127303660519,0.052079588725617444,0.09017569857739337,0.09865004962139885,0.03153172218273463,0.06095493841075002,0.052626201584270685,0.02520845190497322,0.23019485383413102,0.06041466458148848
2010-03,0.06602492176391293,0.017727697928610658,0.06311620105794304,0.10625956958118432,0.05274926463403837,0.053433003418443835,0.0913088727509356,0.09456890277211896,0.032721838598732456,0.05934607954115873,0.05333885522321458,0.026471549162576255,0.2262801018665194,0.056653141700610976
2010-04,0.06874350169880994,0.019059539471549414,0.06649442637409972,0.1052319872151619,0.0532798555770202,0.05449940778999111,0.09665228688146021,0.095194800250421,0.033943302430319865,0.05950887890686545,0.056703487087965215,0.028261309882155753,0.20668814076999492,0.05573907566418548
2010-05,0.06498613358187252,0.019832476885964245,0.06865152335630997,0.10891145896500494,0.05234989143834567,0.05409206487327303,0.09950055384988475,0.09696266513530319,0.033603370642977956,0.05506021267285116,0.055741406634019615,0.028122113544992347,0.20665198063834994,0.05553414778085075
2010-06,0.061438499009422734,0.01668617984479423,0.06261280277698386,0.09796012993329321,0.04839190816033509,0.051803209547039944,0.09810850220704916,0.08666776481627164,0.03128045763175252,0.04862103344601843,0.04974663631199963,0.024121934528070228,0.2614443558915655,0.061116585895403946
2010-07,0.05976544348344461,0.01399974446343283,0.05553400590971115,0.0869545163184789,0.044617251580706625,0.047573370211519805,0.09131432431043376,0.08668500917712448,0.02630512955055231,0.04771923281983445,0.043297392011395715,0.021990847967155523,0.3078924901076424,0.06635124208856742
2010-08,0.06249135592364168,0.01654749548810421,0.05876430906102044,0.08795749840195848,0.04738929890397229,0.04786229603808613,0.09570558711599807,0.09132504589002388,0.026795392675012446,0.04621193919099223,0.04437527005885921,0.023480817186530528,0.29065373309970166,0.060439960966098806
2010-09,0.05979376020575176,0.014140281974241905,0.04983389234405007,0.08042268336667091,0.044844109625456416,0.04257675368729845,0.08965154126944626,0.09073046458665156,0.02469725083948715,0.044040263884542456,0.036852893688501843,0.021305056967133223,0.33754196014869875,0.06356908741206924
2010-10,0.1684039110110809,0.05941482797435574,0.04857373280633241,0.049795460880316354,0.07476844576162343,0.04866024245262417,0.044476282180132075,0.054864623546173705,0.11236581391460058,0.06282897574863683,0.028915649340662722,0.022424117734766744,0.1328186084073715,0.09168930824132288
2010-11,0.1695573198598986,0.06085136579081844,0.04898394173747687,0.05078548451601702,0.07747955032883916,0.049317907692137584,0.04516382584076283,0.05443446070773666,0.10927161266834214,0.06180757174867784,0.02837716798481404,0.02241872772112523,0.12538318440466567,0.09616787899868796
2010-12,0.11272474639262331,0.03575736978316129,0.050369927883096244,0.07373516336708404,0.07891497357804354,0.021967862204843886,0.04137912968568646,0.08531856200455912,0.048704238818541405,0.06944745567181582,0.04545692991886794,0.028250652811245974,0.25746213927600076,0.05051084860443035
2011-01,0.11501472828562208,0.03783222170567767,0.053098468146971306,0.07880789680827469,0.08250539583493287,0.022764117912344447,0.0434324375161674,0.08674576138193793,0.04927985053124691,0.0716047009042554,0.04918392357897076,0.03005429651895388,0.22849202077626699,0.05118418009837762
2011-02,0.10893379657059228,0.03764893595911626,0.05598367350715421,0.08554472081314121,0.08185663641839643,0.02382523558341773,0.04342476706596766,0.08952458968023455,0.04851870566571621,0.07030242051272596,0.05064377479618995,0.03071483027021097,0.22288524117028652,0.05019267198685017
2011-03,0.11029251074195762,0.03574242830648344,0.05626605116951724,0.08911769256687085,0.08186630142448405,0.023845945823416217,0.04569041484710512,0.08944248762471349,0.0482442307444801,0.07030813374692152,0.05048706118837421,0.031158638326692304,0.21721705435848734,0.05032104913049647
2011-04,0.062415187271774114,0.015290044903260733,0.05617341224296224,0.08996756760176555,0.046294409339881444,0.04531098727657226,0.0974083182892699,0.0912354033099348,0.026480377320701715,0.04596958887653703,0.03832253232925937,0.023004080107709813,0.29958243468718265,0.0625456564431883
2011-05,0.0642183366641094,0.014896418068483956,0.05495659352138681,0.0876491587068407,0.047428877292328586,0.044565490508067344,0.09801039149780387,0.09372246277741218,0.02669079018830311,0.04800841460933,0.036635472952194194,0.02228332795396837,0.297334174110126,0.06360009114964546
2011-06,0.06519850984820988,0.013764211443036864,0.0506404231027704,0.07828034476659033,0.0458047537423192,0.0423505367789534,0.09684032972012077,0.09422171196327687,0.02641642178526507,0.04855709689727639,0.03397945076724431,0.020715955775942853,0.3177854443479788,0.06544480906101496
2011-07,0.08735198484532097,0.01818356961179952,0.029731355858675874,0.05314293938913897,0.051028043458793734,0.01813439603893939,0.025717766493913833,0.11057638219505704,0.06152432027207948,0.07170207760507719,0.03587973000279044,0.02669340821404407,0.35,0.06033402601436938
2011-08,0.08748302512306269,0.017389131785638102,0.02853484734862316,0.05432888021184889,0.05034113676784528,0.018537564129939028,0.02512030865201762,0.11076403703216312,0.061776425220376824,0.06907402457888483,0.035115017287932856,0.026408370214518938,0.35,0.06512723164714868
2011-09,0.08766204122799914,0.0163049900558844,0.02704864671426726,0.04996752197187511,0.04926232238988659,0.01813748218050689,0.024538971741602772,0.11209890292659096,0.060614650220346795,0.06741832003134385,0.032729250172700945,0.025339225628930033,0.35,0.07887767473806537
2011-10,0.08494333896604327,0.015971533429516044,0.02566004268216092,0.045833789605263076,0.04607330332355767,0.019280885195926026,0.025342269757116075,0.11472217882260191,0.061259263807871195,0.06755416950952522,0.031116590413469553,0.02434701094088493,0.35000000000000003,0.08789562354606412
2011-11,0.08638677374638376,0.01670022233088743,0.02664842700624964,0.046774853530075225,0.047057394743867574,0.019106615272847828,0.025004787431025896,0.11661435647629388,0.06279728852122277,0.0678373943604599,0.031770529978564326,0.02508386199104099,0.35,0.0782174946110808
2011-12,0.08630891910027906,0.01573809427429468,0.02678155772042437,0.04708274658437668,0.04674418413927699,0.01876466206203947,0.02490527856651224,0.11584831612137542,0.06249988580074572,0.067714197991966,0.030671929834453868,0.02482080297880301,0.3499999999999999,0.08211942482545244
2012-01,0.06442737422191665,0.012782605942250091,0.04926168626765279,0.07356120628034234,0.04365440164926562,0.04085177944735628,0.09359955451676019,0.09677486507683208,0.02627841877846748,0.04678485616953954,0.03138689194459671,0.019682540633654634,0.3312091319425025,0.06974468712886314
2012-02,0.06311186611700463,0.013880083734326329,0.05424850668217742,0.07339810900653052,0.04486559989734059,0.04363056679340942,0.09736658814449234,0.08747486511954737,0.026177021172508426,0.047430061122134305,0.03336141264600108,0.0203468508214757,0.33038860567866,0.06431986306439169
2012-03,0.11541808097010045,0.034139027801640236,0.05537286435334253,0.08686695132784705,0.08096050520469655,0.022580722422052068,0.045094003817419036,0.0900995937825395,0.04826112347141964,0.07149448566414306,0.04691234560230158,0.02940965424435974,0.22006865109131543,0.05332199024682317
2012-04,0.11816197149376319,0.03484909783408089,0.054821102443440226,0.0815993990762709,0.08175477605048193,0.024222219294194255,0.0467207203513919,0.09155025751696444,0.05115080935210907,0.0740773150821216,0.050815648865272775,0.03051360177327586,0.2077073282468416,0.052055752619791555
2012-05,0.11673816453257797,0.031807899343259616,0.053394250233002476,0.0787243667881344,0.08008507636733697,0.02371974445254882,0.04744140961185506,0.09292678247629255,0.051296577334400864,0.07344242957742769,0.04867324144188934,0.030246995219673115,0.22019411496160857,0.051308947659992624
2012-06,0.1152243020846425,0.02998813004396605,0.04799562789473591,0.06774734628319327,0.0744815252581057,0.02250263210309405,0.04891001292208744,0.09483900682779288,0.05094743314834852,0.0723408978732801,0.04363317216132577,0.029083608751076916,0.25328923544079796,0.049017069207552943
2012-07,0.11542259747877442,0.0279761581543663,0.04722276153165119,0.0699849694153031,0.07392851414387959,0.02283745086969775,0.05140782533291112,0.09647328234966357,0.05093120198328147,0.07517584766691503,0.04472152038561305,0.03038070989877115,0.24374467891474674,0.049792481874425476
2012-08,0.169598967387261,0.059957216039910444,0.048607331167768865,0.053017101602705334,0.07353119743076944,0.04801743803494074,0.04487449634444147,0.05448857949622116,0.1159956694029943,0.058720372462302495,0.02717698831715793,0.022502934078136916,0.12213264556546807,0.10137906266992157
2012-09,0.16445263776683466,0.06123855881605568,0.049937311241220445,0.05405542101117845,0.0752110310382903,0.04958015004113559,0.04482471059589056,0.050073345392423856,0.11728676209202399,0.058668780766739835,0.02834422852939518,0.02279113699104828,0.11906202042715548,0.1044739052906075
2012-10,0.1647678110039048,0.06153427160375401,0.049245373154821304,0.05463552418024407,0.07530562542005398,0.04852716125902947,0.04569162374630435,0.049476484199253566,0.11829149286875619,0.06058432786415917,0.028217038774501765,0.022800134639134054,0.11144449697614416,0.10947863430993883
2012-11,0.1134683171947295,0.027870368376338026,0.04676719276159614,0.07082209006553569,0.07371671436063149,0.022385549577499546,0.05283183515827301,0.09846777108783754,0.05065973050272469,0.0748183440420435,0.043760208486967794,0.029532477955817902,0.2447407149294366,0.05015868550056874
2012-12,0.1161246505162507,0.028533946356107308,0.04807567562289086,0.06880894455403136,0.07494208490159943,0.022744333195771755,0.05246633007867484,0.09111089462944384,0.051156109253115235,0.07515790481098608,0.04294433806283535,0.02972478961369423,0.2486217443635958,0.0495882540410033
2013-01,0.11245969942081672,0.0308635274354286,0.050518328324284816,0.07030349924962859,0.07642271836865523,0.022973563125126488,0.0535159574268743,0.09173080877148596,0.05068102353579081,0.07499263526081285,0.04541919548890933,0.030808526643320667,0.2412625313581863,0.04804798559067918
2013-02,0.11194705435784731,0.031208125803206845,0.05155540541142433,0.07243567832417756,0.07820316359113845,0.02331650665376877,0.054456669980359654,0.09362013122843649,0.0518711403792386,0.07692020791899924,0.04665514836971134,0.03268168579374793,0.2261778717961592,0.048951210391784336
2013-03,0.11195083833723818,0.030753309147769067,0.05124930458822118,0.07142258335334568,0.07718265172930053,0.023476438983855822,0.054887141024825684,0.09428620492614612,0.051439788480983684,0.07580493410590067,0.04641246699812093,0.033099981084703634,0.22928658226716242,0.0487477749724264
2013-04,0.11147630628192826,0.031265958412891516,0.05111714129653127,0.07041263511443714,0.07529320277185045,0.023789951224393154,0.05606344756898825,0.0965995667487487,0.05218320797456988,0.07682543150996447,0.04691004352449707,0.03372205671745088,0.2250896433654143,0.049251407488334724
2013-05,0.10949306630875277,0.03214677004485657,0.049641153319397016,0.06752790867874772,0.0745721802063385,0.02413078965623049,0.05717824926179741,0.09925769581172089,0.052461598723851144,0.07553707841811147,0.04660764603883407,0.03344466900711652,0.22916863221283953,0.048832562311405946
2013-06,0.10729865598550385,0.035883952352198475,0.05325849349162348,0.07128982796920837,0.07723425202827287,0.025892148220635198,0.05724924564869779,0.08982359380286703,0.05496240212698283,0.07829265309402,0.05114965910827198,0.03580759661773497,0.2124617883369293,0.04939573121705385
2013-07,0.10843165825199266,0.0369638650800853,0.05358923767286551,0.07091058519707606,0.07577333584949814,0.026307267323232318,0.06021338601627251,0.09318838497639607,0.05642570131073463,0.07823298579316752,0.05221733094774782,0.0361009184328763,0.20272281652411553,0.048922526623939686
2013-08,0.10526616872793744,0.03821808594346897,0.05440887226033082,0.07128973536341265,0.07611901955083396,0.027115586855873217,0.06003307690413369,0.09375829374446473,0.05721950596651885,0.07904006995356933,0.05298724054016876,0.0367660061970419,0.19795813299628487,0.04982020499596064
2013-09,0.10614468583919733,0.03880747334461578,0.05546111808419273,0.07232905474523392,0.07792986349312665,0.027225381485906218,0.059851396262624826,0.09130679480527348,0.056393134747329536,0.07969808402475324,0.052464910618976214,0.036344858918896564,0.1951593330310013,0.050883910598872026
2013-10,0.0667877072917537,0.015615168803489921,0.05743447061136512,0.07705656132916194,0.04746289037438062,0.04625321966878402,0.11136724012198004,0.08848537175648889,0.02785440743857775,0.05032258906938302,0.03814614936499297,0.021199369284604606,0.28790749329281906,0.06410736159221819
2013-11,0.10466656329858542,0.03938694527310891,0.05674715215614055,0.07163236531582602,0.07758694747489654,0.0274335165781863,0.06048534361368794,0.08989424931835295,0.057036717996369043,0.07982434785626209,0.052322252498217044,0.03720851506325263,0.19465724808937832,0.051117835467736086
2013-12,0.10355910913757851,0.03981348519654426,0.05781188787268951,0.07151610502637124,0.07817385015018483,0.028370703440526744,0.05999894747671483,0.08694583281410846,0.058459225848080186,0.08157131230978125,0.054516650067112864,0.03808169216500219,0.1898246623945203,0.05135653610078464
2014-01,0.10362411454971888,0.040092723640073845,0.05922064510012679,0.07283041730367837,0.0778969434377694,0.029463538221475166,0.06169975234593584,0.08795598451863068,0.05805842416292583,0.08039215571126375,0.0552447739988962,0.0395476446429023,0.18246799774727088,0.051504884619332246
2014-02,0.09909407512984555,0.03935351506429246,0.05788212000903575,0.06855246982937921,0.07544470158083404,0.029164255400676936,0.06023388354704761,0.09244361648754569,0.054868050789946,0.08444024712888527,0.053928283138143525,0.03806051978211007,0.19534584426798912,0.051188417844268905
2014-03,0.09955003791358115,0.039974967735130956,0.05856862089714082,0.06923723952597212,0.0767127778122303,0.029175422891835435,0.0598069247197822,0.09241175254137249,0.05536845720054225,0.0859239651739734,0.053809082980070415,0.03812618846733663,0.19073729178384288,0.05059727035718896
2014-04,0.06829884633767186,0.015828927710655326,0.057648328815477996,0.07700352955384421,0.04943161036611002,0.04647618824410624,0.11213316732463413,0.09163221924752198,0.029161753741206085,0.05174726365815612,0.0389731800339178,0.02290131698044945,0.277310587732194,0.06145308025405485
2014-05,0.06837436464331335,0.016241528160051096,0.05632130022497559,0.08125547400271182,0.04977429056914332,0.0448866875354097,0.1076130969152245,0.09811996202901234,0.028703013767248847,0.050603749517220714,0.036079626630238365,0.02343883699095363,0.27929185160679776,0.05929621740769894
2014-06,0.06964757780478188,0.01622024693306105,0.05503589721170637,0.07856234280846146,0.04891538175754657,0.04512266839524792,0.10920640213275222,0.09439000258130613,0.028478071331261328,0.050486926035777875,0.035928888001468914,0.023782323120144555,0.28590251817477763,0.058320753711706044
2014-07,0.06912165071133274,0.016996551624286517,0.05529995399425304,0.08079009466151481,0.04744812345688809,0.04552828752872015,0.10817873894130493,0.10218414146975624,0.028524032449227993,0.051660387558663756,0.036831615534509164,0.023980978616683263,0.2763057410700995,0.05714970238275991
2014-08,0.06530077963647833,0.016069660521423532,0.05293008776159784,0.07933785163178579,0.04649244772169623,0.047417782559898695,0.11624669231766396,0.08899464663052431,0.028223877068798576,0.05318916961205668,0.03669271501701123,0.023386493714145976,0.28472136233638584,0.06099643347053287
2014-09,0.06743648695803528,0.016357570209201925,0.053259872956246415,0.07725640308102276,0.04752132826098558,0.04703433793643373,0.10981254363662092,0.09262530014921413,0.02881226620127715,0.05466525662229923,0.03680116645518054,0.023866708420062405,0.2872623222282504,0.05728843688516948
2014-10,0.07081561803338034,0.015353363661948505,0.05266797307409154,0.06912390868209389,0.04946462400300953,0.048593575784233095,0.11041077956125382,0.08939035982030329,0.0301795116247976,0.05764209507641824,0.03881518762385365,0.024831139088325096,0.2868869405982146,0.0558249233680768
2014-11,0.07106583872097483,0.015581213708981703,0.05281258368317278,0.06222612698380508,0.04830455404300182,0.04757691670190754,0.10769741844121496,0.096540079920738,0.03031816906918568,0.06043857638665318,0.03947655925944129,0.025087252174634013,0.2895840374751997,0.05329067343108928
2014-12,0.10253278741869323,0.03918685413835408,0.05791206347084258,0.0683318572869133,0.07708170452325729,0.02908514262516387,0.059740743326380956,0.09456192462218606,0.054959750238644765,0.08395225222535958,0.054669485055743317,0.03854473266155251,0.1888857291822104,0.05055497322469797
2015-01,0.10023296015622653,0.039180132306841454,0.05773983595410587,0.06865937920794378,0.07784290424706135,0.02858263089305951,0.05847532498477268,0.09670719214547295,0.05574888491173941,0.08367328360050362,0.055767845457950396,0.038228064477560254,0.18855207951847572,0.050609482138286435
2015-02,0.10146414395869773,0.03767630618941483,0.05573648229735443,0.06577242261270382,0.07546101791397845,0.027387949192419644,0.05580575625228415,0.09883466869382108,0.05566145397500066,0.08636141237110126,0.05151528436731948,0.03641367722344209,0.20194041301964535,0.04996901193281705
2015-03,0.10262924489990854,0.03915067042343601,0.057304816534125204,0.06705724088889942,0.07735157275565951,0.028784057449469637,0.058541870222024305,0.0917935787624672,0.0571593714785911,0.08654515456001916,0.05351189377514837,0.03788257358413756,0.19137904067155967,0.05090891399455431
2015-04,0.09957639551773272,0.03947471483281696,0.056853979671013466,0.06591092660140543,0.07487210210783801,0.028658909072405668,0.05775268131225236,0.09217098630573835,0.05813841462389065,0.08772233467554803,0.054150666134359274,0.03766314545450295,0.1968572802519479,0.05019746343854814
2015-05,0.1596488355221714,0.06895593570461554,0.051237641471332265,0.052384360241847394,0.07567619830605501,0.04674357455570627,0.04639034804831246,0.05239398925850772,0.11881138565930666,0.06409737369885012,0.031124357455222303,0.024503579174337993,0.10626223954233799,0.10177018136139702
2015-06,0.1596001641219512,0.06844192248957444,0.05147680230572337,0.048018932322789615,0.07510553293492366,0.047336375690255436,0.04646632195765882,0.052044425969263765,0.11762133150765168,0.06898469682426268,0.03244496737880565,0.024456951651490155,0.10533275908839053,0.10266881575725909
2015-07,0.1571625575784947,0.06870187557689197,0.051574868960096006,0.04691815051979347,0.07470818724756038,0.046774849192029365,0.04793629293860622,0.048242131501155375,0.11881801434605625,0.07196469724232593,0.034592274462455865,0.024685643444123738,0.10340385493871176,0.10451660205169912
2015-08,0.16248669602551813,0.0649281797014386,0.04941733076934292,0.040740197750160724,0.06995954845440151,0.04724728243151958,0.048747563386074035,0.05113901376785475,0.12173106616613517,0.07487161545701933,0.03545240858859172,0.025633753010869023,0.1095236091593486,0.09812173533172573
2015-09,0.16522713298111363,0.06616716645657342,0.049947481615870114,0.040948958486319055,0.06633083175155938,0.04765868174817942,0.04531059195204244,0.049835979624442174,0.12295949768584553,0.06772734860359152,0.034545134858190905,0.02501306846939142,0.11714683208997267,0.10118129367690841
2015-10,0.16956116832743776,0.06557051475833146,0.04799317755585597,0.038038679979428114,0.06372066501838411,0.04831993476167719,0.04469604158050778,0.05044619381342677,0.12308268438043331,0.06049052465799805,0.033838613604526106,0.02448595629531009,0.12559383046663092,0.10416201480005252
2015-11,0.17085223748922743,0.06479455416210067,0.04904689654754331,0.040549600743706095,0.06710409154165803,0.0491151858691417,0.04617823150160757,0.04953748546092033,0.1207080516587025,0.06216559617870431,0.03399019447286946,0.025388791722588837,0.11804313727522162,0.10252594537600822
2015-12,0.16549212894257168,0.06643419948397508,0.05010170512867013,0.042526323274051314,0.06806721697846217,0.050420944655590785,0.04590214854155988,0.04768850322526552,0.12171070023308796,0.06387335692289582,0.035895123700621284,0.026318567114190308,0.12104650056666502,0.09452258123239296
2016-01,0.0876658413786486,0.016296042499850567,0.026656532299217547,0.044115830328999295,0.04744769211844304,0.0191852197376986,0.02675422923490442,0.1138761272794084,0.0643100082043388,0.07259473985835423,0.03238852935572909,0.026204531781815373,0.35,0.07250467592259213
2016-02,0.08901785206235105,0.01564031060674051,0.026058075009614493,0.04358995551019182,0.04606788673427233,0.01920640513557137,0.027976511653577174,0.12165346673648281,0.06210609528467107,0.06445674413418824,0.03052681875633638,0.025418923118766264,0.35,0.07828095525723655
2016-03,0.08914191000102906,0.015456552979555165,0.02608691995830754,0.042016494313505924,0.04625043554766869,0.018645849940807563,0.027418196950037308,0.12315255894738646,0.061596512819842505,0.06343036115714032,0.02944003904545337,0.025491363473832913,0.35,0.08187280486543325
2016-04,0.07542834750003903,0.016007399670532108,0.052017623886559464,0.04922596929342638,0.048009875444642004,0.048909076942449385,0.1082177311349662,0.09301558792557665,0.033173843644516816,0.059764248086072745,0.03906341602788519,0.025949947276810954,0.3013998496358994,0.04981708353062364
2016-05,0.07477775783877394,0.016322205594025477,0.0533884155487169,0.05480063216002239,0.04884966426747143,0.04589639744299169,0.10773814665723454,0.09048707392209868,0.032699044083734,0.06379045420707113,0.041146925235343426,0.025733068712547533,0.2945394830836235,0.04983073124634532
2016-06,0.07474495829543669,0.015938625341462166,0.05224913975833223,0.053679521182667764,0.04791487947150267,0.048069477731879175,0.10658116967999129,0.09334185281094706,0.032771000403425676,0.06542378337223162,0.041988936633598366,0.0252796258152957,0.29112759464157584,0.050889434861653815
2016-07,0.07563539441519357,0.014861829018490612,0.04991293887745909,0.05291225337888014,0.046729554374310395,0.044901502501696534,0.10439540059654867,0.09973676423664272,0.03206750744702378,0.06194180000960977,0.03721775348973122,0.025032641037289853,0.3021056685004244,0.052548992116699264
2016-08,0.07432851464256895,0.015205852183340557,0.05183056610376086,0.049626162022750296,0.04716769293408736,0.04703105295438261,0.10761794561115164,0.09698186697066402,0.032246944341781464,0.06555171869789884,0.03783327175516515,0.02485957212146747,0.2972670847074111,0.05245175495356971
2016-09,0.07565096565211135,0.015260929987216195,0.054154911639903894,0.0519453041747281,0.04991391756057547,0.04932862737666909,0.10499711690161721,0.09094199260449227,0.03199434334309265,0.06348492550784471,0.04156118665113513,0.025357611178283633,0.293147630424215,0.05226053699811539
2016-10,0.07158550143270861,0.015150874087220434,0.05406184011076613,0.05406559281507664,0.04959235056800232,0.050585309137251996,0.1048944532470661,0.09425723679129358,0.031818734640170356,0.06395940369853885,0.04060932694364858,0.025479393012074504,0.2918361306839122,0.0521038528322698
2016-11,0.07542571570438757,0.01546416488480314,0.05454819794619613,0.05448557874733173,0.05035609742724666,0.05274992875138032,0.10345345870739667,0.09834627784706376,0.03157582897444131,0.05795524009676114,0.044356068607356525,0.026999959063856372,0.28391459786533596,0.05036888537644282
2016-12,0.07066680977839121,0.01733901333902879,0.06173760632788574,0.06194753304564312,0.05192267447625509,0.053815078419313156,0.1142874518146467,0.09414891736397216,0.03411962973679229,0.060852630720284316,0.05267282599572632,0.03093333425406391,0.24572174800211538,0.049834746725881736
2017-01,0.07252613674339738,0.01887478733684191,0.05974238125639022,0.062131353157933625,0.051711305185933684,0.05300157402837279,0.11584432377042125,0.09854437619508018,0.03415030109134182,0.06028086434011136,0.05423728576980275,0.031918747284257656,0.23980478395855617,0.04723177988155921
2017-02,0.07299031260511034,0.018985624099831535,0.06094278103962243,0.057596711129642854,0.0532989840662721,0.054446563251280285,0.11948815757073776,0.09838558093079157,0.03385422639694969,0.06073662270627005,0.05355097630392588,0.03192314016493714,0.23558679194392673,0.04821352779070171
2017-03,0.07434537591701489,0.018455507021437594,0.061806047734563045,0.05408656612966547,0.05435838292045359,0.0551150970309186,0.11549903554328991,0.10074979393353849,0.03382457851514915,0.06375065097738879,0.05458416843814306,0.03167499580925684,0.23276992173861247,0.04897987829056811
2017-04,0.0752208030059598,0.018572316657122116,0.061382299876220354,0.05315231774952773,0.05498216042186419,0.056316079131802144,0.11656342652274357,0.1012695607212834,0.03421432682646328,0.06365304635661244,0.052661496487011523,0.031582691963768936,0.23136184551922145,0.04906762876039908
2017-05,0.07495448304011013,0.018355459658310546,0.0629671524451364,0.05042373204175803,0.054372378683184376,0.05719107447706413,0.11635690175636045,0.10042819208536516,0.03463470489981489,0.063608680704819,0.052040141407311544,0.031222382085244426,0.23389376013864044,0.04955095657688024
2017-06,0.07756269288524621,0.01836754587537601,0.06319829935345399,0.04767809117228474,0.054223399189440816,0.058857088171893536,0.11079908973108277,0.10347561057432268,0.03519891368702608,0.06246480385776789,0.05053689825377987,0.031554450987290636,0.2374710065901466,0.04861210967088823
2017-07,0.07676087146233801,0.018910710284267045,0.06529837519898156,0.047693137950931434,0.05504271859721328,0.0580031529791796,0.10792656309951104,0.10023790080968704,0.03422501617567962,0.06793957099634935,0.054912563426940945,0.0322521787996311,0.232149113378369,0.04864812684092104
2017-08,0.07412221275286533,0.018906063639391294,0.06476136719685512,0.048171345125826756,0.0552039691050388,0.058400590071044055,0.11075711392573794,0.10267214227390042,0.034038442407560626,0.06665372841323498,0.0547312005241101,0.032405895161018806,0.23038642473451262,0.04878950466890344
2017-09,0.10165634228848909,0.03915073391367,0.057267460372795675,0.06672275928326833,0.07506525348080763,0.02939445526727547,0.0597702404120249,0.09310173706748752,0.05679288256324589,0.08627933839492465,0.055621355249500695,0.0382282088001891,0.19093281203192122,0.050016420874399836
2017-10,0.10044123736474063,0.04023618358681893,0.05913486319917643,0.07118485800621559,0.07587170256534437,0.029253127175410787,0.058476446897271855,0.09025831821020296,0.05750751124064511,0.08718366811672225,0.057428470520969714,0.038961380946250755,0.18375974218312693,0.05030248998710368
2017-11,0.09937951523086669,0.0405491105014861,0.06072680017520124,0.07112681881745854,0.07591393967952909,0.030807245350733037,0.05487240687295569,0.09287874090634941,0.05868464419831235,0.08420755676064642,0.058795146948268914,0.03906749995336189,0.1827218952421627,0.050268679362667996
2017-12,0.09979244120574969,0.039713964101656445,0.06088572574600259,0.07117291749282223,0.0762718126268007,0.030652692838152345,0.05548704047237222,0.0929086835819112,0.06063163754103582,0.08347988963971668,0.05913230770753241,0.03959300678918748,0.17987234312829384,0.050405537128766435
2018-01,0.07168317384534786,0.018386536679189613,0.06564117786674593,0.04530182692964494,0.05592495568791771,0.060343058363206734,0.10627783339355756,0.104508714477293,0.03319805704862293,0.06830783835352151,0.054182190578166055,0.032427570804226806,0.23439961355689992,0.049417452415659396
2018-02,0.1004569181596926,0.03934803584388534,0.06190142886849238,0.07363101813724489,0.07663053239502793,0.030707941137070593,0.057348059301804456,0.08599343506572944,0.06189302421592872,0.08263426666205724,0.05935132280624868,0.04026923134085301,0.17937262419384412,0.050462161872120694
2018-03,0.07232363277398572,0.018426919052261386,0.06992453225953549,0.04540283962607566,0.054374944897720795,0.0647694765359758,0.10943060842791409,0.09754754148702134,0.03610249992480026,0.07299502522509045,0.057618583221476546,0.03401402106098797,0.2147973481376466,0.05227202736950799
2018-04,0.07130063903515672,0.017165576612501877,0.06705977506448656,0.04744277836394929,0.05498903159446896,0.06274178278873291,0.10554509351324416,0.1040072358304621,0.034827562175925836,0.07055532046147314,0.054977865840618464,0.0334813700905557,0.22434584332701146,0.05156012530141284
2018-05,0.06724987436751995,0.01699732174988339,0.06485291541821024,0.054008403877789615,0.05317039868601207,0.06396490465141867,0.10404061570368336,0.11132167734786211,0.036940697576620905,0.0717790595576956,0.0568437400764267,0.03346430011969207,0.21393018866853974,0.05143590219864569
2018-06,0.06517794436670502,0.017540790824163606,0.06601185954726604,0.055357561413064506,0.05273883490695571,0.06704170770766371,0.09911918992151506,0.10944588068339312,0.03683886345119523,0.07267234379631039,0.055972695289015266,0.03468552942077625,0.21803204230104348,0.04936475637093278
2018-07,0.06803001959695225,0.017784715621164612,0.062061240466053935,0.054751967824073246,0.05357188351788901,0.06486685519219482,0.10463678826740533,0.11173494682160046,0.03785118209731353,0.07236450494308676,0.05394746095579675,0.03402860860460271,0.2154263627502315,0.04894346334163514
2018-08,0.06865857711279454,0.01802673668496777,0.0636302489355234,0.05435611855343224,0.05503051813105293,0.06382780436831922,0.10282770698839458,0.11101279947450177,0.03892038538570533,0.07507513684058426,0.05510683822220252,0.0352669660475725,0.20947079717113634,0.04878936608381273
2018-09,0.08836831024481887,0.015109513993758032,0.026445186410996045,0.0423103501048667,0.04666504062110697,0.018722973150142305,0.02669002862356178,0.1256164044363283,0.0632312154496767,0.06417801880760271,0.030030050070216682,0.02599449097040637,0.3499999999999999,0.07663841711651855
2018-10,0.08897613150381517,0.014674765908621499,0.02690347945606233,0.04341500303853305,0.045904405077639744,0.018637329656082433,0.027012538811587116,0.12442542876071121,0.06344240802084548,0.06543770617999173,0.029425278773038785,0.025794977429126432,0.35000000000000003,0.07595054738394508
2018-11,0.09342134731988838,0.015181532086577047,0.024995090702272738,0.03970869167206166,0.04459516775790089,0.018334552451259294,0.0284657044262359,0.13065056502357794,0.058791978475829794,0.060400587245199325,0.02932983717193683,0.02461932562111626,0.35000000000000003,0.08150562004614394
2018-12,0.06602378128443667,0.018087509729055467,0.060350812624958165,0.050890820964290984,0.054600182135254714,0.06551912425091466,0.10411213242349714,0.11066491929277206,0.04157456701782268,0.07696833766413819,0.05513612848530918,0.035718196068468176,0.21229801375083196,0.04805547430824982
2019-01,0.16323004111944203,0.0639166651361484,0.04969395627366892,0.03674804188908938,0.06914262294935043,0.05198941941699343,0.0453555485391448,0.04821413356998375,0.12441854377388602,0.06530282640144155,0.03611760532197701,0.026931297780141025,0.11984783370569999,0.09909146412303306
2019-02,0.16400096737125386,0.06419338569057016,0.05136671775705229,0.0380588681090479,0.0689857247712557,0.05209563882447043,0.045168316029507355,0.04882170755281788,0.12450878518821035,0.06518741771150662,0.03705063538622544,0.02798089541899662,0.11555942266903863,0.09702151752004683
2019-03,0.16274054488716788,0.06454186022960867,0.05307889786463653,0.03812994825731613,0.07067458545539707,0.053265735999281805,0.04552546517292589,0.050063548867791734,0.12232959866927852,0.06625047165135348,0.0371530740396774,0.02839814721166443,0.11059556831361057,0.09725255338029
2019-04,0.16722461300632477,0.059955970149623,0.050458991375136535,0.03831747549323841,0.07067958935475416,0.05393506999645231,0.04490966623415084,0.05169596182279148,0.12417854185746462,0.06520696411301317,0.03531834326407522,0.028085519847170323,0.11652544886738846,0.09350784461841659
2019-05,0.16636799865805005,0.05980253041355573,0.05119751850246993,0.03805487003477026,0.07230257089424943,0.05514987183834254,0.0471161669337686,0.05190019081370441,0.12490755627365394,0.06069554025053237,0.03732390862370613,0.029634126123490204,0.11361820077806044,0.09192894986164599
2019-06,0.16561877776205458,0.05600896030431612,0.04740143772974676,0.032535919042606574,0.06833407675195027,0.0537367455055158,0.047858721727306534,0.052486313864048804,0.12645911424090697,0.06103591413540088,0.03659100919875643,0.027887085316917238,0.13108158791129773,0.09296433650917539
2019-07,0.16481969311184413,0.05697911929759774,0.04846275667185809,0.03329163296217017,0.06976107476617896,0.05358286219411969,0.04749818782561703,0.05204449813489209,0.1266077413200783,0.061831798138843465,0.036548355269767165,0.028360136722922136,0.12745468838068566,0.09275745520342547
2019-08,0.09762428860146845,0.03859326725821016,0.06253615256763116,0.06631984260423032,0.07580484123117087,0.0324355627730031,0.05628202800539833,0.08655037181726621,0.06268594380936206,0.08485174653392866,0.06141719679983677,0.040130770935370826,0.18377580044987973,0.05099218661324329
2019-09,0.09810450883431418,0.036795322041120224,0.06175738418228094,0.06088336035452901,0.07594388954016057,0.03114382924034177,0.056182267448334856,0.08968186100394869,0.06297270060732195,0.08587466411862585,0.05898388160243065,0.03799286299405884,0.1935009247609612,0.0501825432715713
2019-10,0.09854007559785147,0.03752564911422786,0.06334371195483311,0.06217871024294606,0.07714670030181195,0.03127291352833424,0.056283300764521836,0.09237401659410117,0.0627374730955532,0.08383609331677573,0.05965694348522204,0.03786470525667176,0.18679510350523415,0.05044460324191544
2019-11,0.09747874802027111,0.03924510584362995,0.06321528438747229,0.06059817171005803,0.07535815311028245,0.031952978708514136,0.057039521910248026,0.0900562999169874,0.06262412565462593,0.08648018438862658,0.060927252374341566,0.03854745432333827,0.1858831826908889,0.05059353696071523
2019-12,0.09718891971712415,0.039681702687945256,0.06440383210584508,0.060445923902229776,0.07445944605850773,0.03300287774063489,0.05751742437319102,0.08646789459819654,0.06275591996346701,0.08830139972379857,0.06257806708579543,0.039545875138793284,0.18276068690865105,0.05089002999582037
2020-01,0.056551681116460896,0.015923473910683068,0.05683627971115285,0.043069827858178845,0.053553022031961786,0.06629743351948779,0.1001707150893209,0.10993735084152823,0.038561139205072294,0.07267690421179356,0.049983512783367975,0.03249012378423395,0.25368991921438805,0.05025861672236974
2020-02,0.054895041166540696,0.01590018848094034,0.05413775771468241,0.035599836366012806,0.05045489280575975,0.06827745385865024,0.09716605604511278,0.11690713647395229,0.03779944462489158,0.06983446510859236,0.04744191245768343,0.031477745460094124,0.2695455886459216,0.050562480791165494
2020-03,0.048337166465783725,0.01471541381901494,0.0503478200363307,0.028678260067206616,0.04517481746146211,0.06693038519877838,0.09348292496363104,0.09593368416299315,0.03558087903367423,0.06789267291056476,0.04173708665995345,0.028355287456730393,0.32957723492357255,0.05325636684030388
2020-04,0.04761105331007705,0.013723667847582218,0.04195938665972989,0.01989171377600714,0.046631239085008,0.07066290865002436,0.08353593852023904,0.08101011807964134,0.039391566751659335,0.07616205380765263,0.03535789489959618,0.02572810341595173,0.35,0.06833435519683118
2020-05,0.08992686442909524,0.015525222873517501,0.025059425816424962,0.03585729027208241,0.04590573478840784,0.018390898287106192,0.028645078299549005,0.1304574094493276,0.05938140708349862,0.06257982251303267,0.029136511117178597,0.024737240692251625,0.35,0.08439709437852784
2020-06,0.16060410773197814,0.05682245826088717,0.04653795443988835,0.02941791984522594,0.07084714204915836,0.055584458049887056,0.04773733452433918,0.04966501974266666,0.1256499986871388,0.05991498309933359,0.0365217052345951,0.02762691851403208,0.13183932852631194,0.1012306712945577
2020-07,0.1530531422718449,0.0616877192656511,0.04776465936053316,0.02984715472343515,0.07046791643629674,0.05746134831032973,0.04610239299855713,0.04604304876016744,0.12679609824301113,0.05823565639859654,0.0363928777135601,0.028514327121203914,0.13318462255120758,0.10444903584560548
2020-08,0.15027802497018583,0.06314412024273652,0.0467437645730148,0.028156713226001277,0.07109156493016958,0.05682112765598565,0.046352654712151824,0.04805159252784242,0.12566396860694443,0.05832464908622402,0.03570402839417591,0.029418323283269203,0.13245570812584861,0.10779375966545
2020-09,0.1458331713457284,0.064320754960676,0.04777172564312089,0.028251185966801606,0.0710755656384574,0.057945954621314126,0.04754483465023179,0.04661521150382901,0.12390864564523026,0.05811652424490727,0.03651489069863375,0.03145310247281985,0.12782796365142265,0.11282046895682689
2020-10,0.144240724943822,0.06080708723533787,0.04945439783627865,0.024273029434080995,0.07365240934731052,0.05661271490817893,0.04815493517041713,0.048427116181306885,0.12006141392278982,0.059028356877106024,0.03614841395432438,0.032324841884706926,0.13427394494472675,0.11254061335961318
2020-11,0.14224642491496653,0.06105905443397694,0.05053799587888308,0.02357933518935786,0.07530035768991698,0.057377516029891766,0.047091045233115914,0.053362279660191074,0.11970175680730448,0.05676270261067941,0.03686677177632059,0.03209949846383594,0.1308476119271736,0.11316764938438573
2020-12,0.0981729144309359,0.04154891550747321,0.06368222341031135,0.056551150284492244,0.07535372700213225,0.03401145230669742,0.056862156403897815,0.08679283120823676,0.06358549606295891,0.09027552475740964,0.06177091148928886,0.039783817804653274,0.18057438419717864,0.0510344951343338
2021-01,0.09878650870985868,0.04379275205714752,0.0634405455148557,0.057542168984247764,0.07447450927771918,0.034573073561453456,0.05774267457636623,0.08534835570713611,0.0627383668053718,0.0904744566003923,0.06299523144417506,0.0403369028537843,0.17630540472545692,0.05144904918203501
2021-02,0.04659301993036155,0.015002273730378603,0.043003431972706084,0.019430933999524027,0.0474981059927169,0.07519858043276974,0.08677108621679012,0.07790398376022452,0.04056331375169029,0.07936855973838682,0.03518161509345641,0.025414567609052852,0.35000000000000003,0.05807052777194226
2021-03,0.046840737687438204,0.013462313950304167,0.04663327414570181,0.023873870980566467,0.047170101611496026,0.07504917585600665,0.0908779313257519,0.06959960604381542,0.03894368920142012,0.07639511301634873,0.03940876826186467,0.028024243747375315,0.35,0.05372117417191061
2021-04,0.051405309365167386,0.013927881030501542,0.04997933456755915,0.024621519750002017,0.05134940848488161,0.0731183001461201,0.08987996314425638,0.08013194628113109,0.041410324413964215,0.07414090918054334,0.04177525520835618,0.02974801013573493,0.32773288081199947,0.05077895747978257
2021-05,0.05174949851216858,0.014033635277958059,0.04932987659527368,0.023935282368130174,0.0510895100174213,0.07433330916983595,0.08976775810113852,0.08154618646934858,0.043010585028779066,0.07393141839123052,0.042920221264196035,0.030491618375717976,0.32278919076452867,0.05107190966427295
2021-06,0.05245864835515562,0.012791971603701048,0.05055571128728583,0.02468294586284158,0.05205326202710468,0.0733690485474103,0.0887178466777678,0.07872843935327034,0.04108954539047649,0.07318500817338897,0.04394094232433421,0.030584121262821427,0.32446393109896626,0.05337857803547559
2021-07,0.050838797369423004,0.013366649906650367,0.04942818345287038,0.02566005664540331,0.049133782752705114,0.07713905767417005,0.08695411889380338,0.07539430189461166,0.04193029961359579,0.07631060968050532,0.041896044732726775,0.029477860375232805,0.3304862920099328,0.051983944998369246
2021-08,0.04979084442291975,0.013461130315358292,0.04826828418920554,0.02335032050610451,0.04953663890743184,0.07615672621671792,0.08345326478792686,0.07723348400123135,0.041087571795976593,0.07615977861993908,0.040974318441715375,0.028599042619126963,0.33982860085498384,0.05209999432136212
2021-09,0.04914535536639656,0.013870566037823223,0.0480084644822108,0.02317594947378423,0.04922743155901316,0.07801675227388609,0.08343751731733007,0.08050880490496891,0.04197381060730131,0.077731512288355,0.04200055572665663,0.02953998709456574,0.331426443650361,0.05193684921734726
2021-10,0.0481173836984185,0.014393701093786147,0.04733068827964524,0.02694453074060571,0.048652539987411814,0.0803630116718125,0.08330062434468978,0.07778138047540602,0.04194164625556011,0.07674842562272366,0.04411448344246413,0.028995887082955838,0.33119994379852674,0.0501157535059937
2021-11,0.04896254694783521,0.01691964265278167,0.04871478603312347,0.027887705201060715,0.05097588885172678,0.08659961375286711,0.07734332020131787,0.08116875484371602,0.04309448138067293,0.07804365801232534,0.04631628925917336,0.02969242486373368,0.31860839856195355,0.04567248943771227
2021-12,0.04583713772244827,0.017116283431082485,0.04876857827265341,0.026089206497591035,0.05188719830573686,0.09139803666926564,0.06882214772271941,0.0788791533564286,0.04454532900489888,0.07388163914596044,0.04296890985620001,0.027233626446820168,0.3359755378859197,0.0465972156822751
2022-01,0.04995306773542645,0.016470102631658965,0.04926341513292072,0.026746426838929378,0.056287511075738504,0.08686227987493562,0.06961930309506288,0.08619134674631795,0.044074297950292836,0.0766219224951767,0.044069816071719045,0.028935356206433404,0.31784981495603126,0.047055339189356296
2022-02,0.0532535159144251,0.014950900707336111,0.0490956788085585,0.034051050886991244,0.054191308680410076,0.08586734341115036,0.07368336612612457,0.08942640002849793,0.040717999473668234,0.07069157312602516,0.047254432761684693,0.026909905638431347,0.31127280219001585,0.04863372224668095
2022-03,0.053360551459101006,0.013726104391944821,0.04976941542659447,0.03753916502200591,0.05172275973372275,0.08268518057206893,0.0754059320825691,0.08875469045286073,0.04020138008273272,0.0707086327456289,0.04678345102889553,0.026210944071162087,0.31268850341768345,0.0504432895130295
2022-04,0.05415213527484552,0.015291109195094018,0.05161596744341016,0.04134121388169837,0.05239266107212127,0.08978647147074524,0.07409968520273728,0.10462813621929012,0.04200947223575482,0.07808378842515058,0.046654327075248594,0.027372644780839995,0.27045610092456046,0.052116286798503546
2022-05,0.06647615858903089,0.013710733116169823,0.05160679347529274,0.04695750288186923,0.06172037460546011,0.08358714422267378,0.06713676101334351,0.11069626646251492,0.04007457819026971,0.0780744058755746,0.046511277546718195,0.025354235277406826,0.24973871643939427,0.058355052304281195
2022-06,0.06265625677937901,0.013233985673320311,0.04990117384153374,0.05336974701651532,0.05886829767356536,0.0759452270565684,0.07344772267111277,0.11500435725284092,0.03746271107491887,0.0756635968001843,0.0474173146133005,0.025074044442562792,0.25424788943281956,0.05770767567137819
2022-07,0.09166197831044448,0.015753135493033525,0.02506976524089422,0.03631224063947618,0.04610505266431627,0.01799979748508617,0.0275387832039187,0.13469420089237044,0.05883827372913496,0.06223113277727425,0.02884401167456903,0.024521329772742448,0.3499999999999999,0.08043029811673935
2022-08,0.09149929033372374,0.017013342879266476,0.025814249982675015,0.0369616874903486,0.04588759960543162,0.018351992327206627,0.02698011383693849,0.13516213627418655,0.060707566094549546,0.06151561938643347,0.029181716593505193,0.0254403318908573,0.35,0.07548435330487747
2022-09,0.09141581865565451,0.01639418830619057,0.024992678764631744,0.03854050873153688,0.04556944105580062,0.017709242963674588,0.026315862058602226,0.13954069035277383,0.05976540759194537,0.05873500745903337,0.028932380844893257,0.024750199729137036,0.35,0.077338573486126
2022-10,0.09139988989888308,0.017696627816860315,0.024859689661396997,0.03908615373326339,0.04378167032542805,0.018023218555024843,0.024583195573796984,0.1279296294543655,0.062377984056732054,0.06771878065849068,0.03049438526107484,0.025309930156064697,0.3499999999999999,0.07673884484861856
2022-11,0.0932348783561289,0.01663735197664438,0.025849205261475418,0.04101663228733745,0.04422752730765713,0.017741041624342417,0.025096942935541506,0.12641754455403734,0.06187512474806181,0.06857367954162914,0.03126016861037579,0.02581300651221688,0.35000000000000003,0.07225689628455198
2022-12,0.0927591491158611,0.015907277233414025,0.02639434084251814,0.04018630429123034,0.04567938482681067,0.017862324453634414,0.025016165526947343,0.12576622019862504,0.06103573696234154,0.06836595962233402,0.031249621601171264,0.02642110342694206,0.35,0.07335641189817006
2023-01,0.14938129223726648,0.060724402707311345,0.05330006962227486,0.027926883938449908,0.07743880605906499,0.05825821015867383,0.0468853250425041,0.05313658513919929,0.12068056073054252,0.05855877781231028,0.03933553137309937,0.033501799031006065,0.11420310103542172,0.10666865511287515
2023-02,0.14224142105193563,0.06306737964663622,0.05406593816967683,0.027698950349829794,0.0765999550521232,0.059170216498083766,0.049242154261292456,0.05088646107959573,0.1230670156637198,0.05602417834542552,0.039800146084855506,0.034744096012577705,0.11565173311758792,0.10774035466665995
2023-03,0.13982167771226234,0.07010713817306409,0.05570306469586021,0.02758862008040591,0.07531144906740862,0.06143784812497578,0.047643580787356615,0.04951824633758749,0.1170505364848156,0.05530930328203395,0.04087150603439892,0.035711465784162746,0.11330257630115549,0.11062298713451223
2023-04,0.1411500739704552,0.06813869106659981,0.05420206223807573,0.026825479605326052,0.07457792677081769,0.06400803956753101,0.04641618090775206,0.05051027874942398,0.11769319498232929,0.055338373884111766,0.036539211421897776,0.03516023677326459,0.11797834148983193,0.11146190857258309
2023-05,0.1468799088258423,0.060625329788741016,0.05247627130416829,0.026517658568508327,0.0760290526083605,0.06369301769331945,0.045927580332526266,0.05008072210901796,0.12074335630520285,0.056731967099241075,0.03637125778472283,0.03484758849180591,0.11518402957536483,0.11389225951317843
2023-06,0.13466012431610813,0.06781261477262951,0.05187961376144216,0.0256499662019446,0.06878229015759194,0.07062083656212663,0.042730542360302534,0.04822787003184406,0.1229756305066425,0.056315796150188696,0.036762247890452744,0.036166474150520454,0.1177120088722276,0.11970398426597847
2023-07,0.1311248076409712,0.06971903300162734,0.05393476661061953,0.02674300332016984,0.07066873675422526,0.07000140835906776,0.04336613910028848,0.049025337510024664,0.1225121196356819,0.057265393867238,0.0375857139331651,0.03797086598080125,0.11467370178373355,0.1154089725023861
2023-08,0.09660658209603899,0.04681706155164469,0.06432073967002863,0.06544491152212033,0.07212777576537047,0.035743861588613784,0.05451345978095985,0.0865594079456534,0.063233325302584,0.09524527839094142,0.06340519122006437,0.040394718901484494,0.16320020671675478,0.05238747954774063
2023-09,0.09417666926231626,0.04630332347571039,0.0644078129384039,0.06844335395672613,0.07142512249576467,0.03615439345045074,0.056021716029716714,0.08195122338742568,0.06460801748977156,0.09747992800384161,0.06256595025841437,0.04006737670698503,0.16410987736584495,0.0522852351786281
2023-10,0.09429250291421774,0.048131631640245906,0.062480524088010456,0.07524540184454392,0.06928345964685514,0.036043445687605494,0.05728731913312645,0.08039152071171901,0.06400924318110159,0.09809893084766,0.06525408772519031,0.03975588689109092,0.15664038061632496,0.05308566507230817
2023-11,0.09378784861814898,0.0418594433487527,0.06307868666842072,0.07310884483180631,0.07026518075701246,0.036783080445851074,0.05951569538405877,0.08468136619146271,0.0670869442524942,0.09692483958125926,0.06685796302573692,0.0393396450729761,0.1532817916516119,0.05342867017040811
2023-12,0.13101057149841963,0.06941768712630005,0.05472923797707266,0.02798648694339117,0.0705037518396113,0.07131906685033018,0.04343694280721116,0.04953931349855379,0.12353135511685166,0.05607729302282845,0.03913076348668368,0.038688205656018465,0.10967079514374058,0.11495852903298714
2024-01,0.09383147153691757,0.04252789312344769,0.06411979054180839,0.07039561543885288,0.07064807542668466,0.0372653073602768,0.05957419243989809,0.0843692513430711,0.06753802040240096,0.09738673695214595,0.06780008400705613,0.040247599922232945,0.1514237353711813,0.05287222613402555
2024-02,0.09207636560214406,0.03680220185914003,0.06331602130444117,0.07081638693931094,0.07144572993210599,0.038530544013044454,0.06256918642699158,0.08158940922504668,0.06878773334590053,0.1011737230051681,0.06869217633782004,0.04101293809095278,0.15029639533477895,0.05289118858315485
2024-03,0.09073124146332238,0.03774406040055622,0.064620550851498,0.07098928021309797,0.07166728989186827,0.03954793176015095,0.05999425547335836,0.08186328591382462,0.07154384543505864,0.10132770088583015,0.06876280451506467,0.04241399953126308,0.14552046750726985,0.05327328615783684
2024-04,0.09134367361273839,0.03584943109935951,0.06545557600380211,0.07303702084127658,0.07243257568306255,0.039109068619558485,0.05988966444640102,0.08384394617174508,0.07151443048382168,0.10172717353257979,0.06965671735782937,0.0425182434475908,0.14152378687566894,0.0520986918245657
2024-05,0.09540784733265491,0.03660934195174569,0.06575553007299391,0.07571651018812317,0.07300058858559949,0.03860083455779748,0.05763097792899506,0.08889663808463005,0.07120389962751679,0.10117118428816377,0.07031932719739852,0.04128665072087545,0.13073557321102272,0.05366509625248304
2024-06,0.09382667266368273,0.035680767682313916,0.06597609872424355,0.07373986842177063,0.07247805429980807,0.03966275996892834,0.057969118159791964,0.09242275056310469,0.07088543081792181,0.1011669061717505,0.07045625870802522,0.041249317334719676,0.13089186696877547,0.053594129515163395
2024-07,0.06349970188099287,0.01237443878507246,0.04847525362449006,0.048089250843244974,0.05536955721060338,0.08106982966089737,0.0704636339871767,0.10869388092908105,0.0378953292632335,0.0838557907244856,0.0465553860221898,0.023674702136780783,0.2560302138859381,0.06395303104581342
2024-08,0.09168395104080615,0.03727703566950045,0.06483664530331001,0.07225761327774087,0.07071271023260503,0.0417161793929075,0.057620688308955136,0.08776109998808161,0.07310210298477399,0.10401811952345667,0.07055888820179611,0.04126862727494486,0.1336254099648139,0.05356092883630784
2024-09,0.09300705586556914,0.03542548950182056,0.06371305426824082,0.06924011829411274,0.07207643137527942,0.0413037246362894,0.057066287704270365,0.08953482522768534,0.0724207340280142,0.10678888633676571,0.07048709668089619,0.0416665423367714,0.13408828769236877,0.05318146605191596
2024-10,0.12996048343950006,0.06830524924664723,0.05541972999393678,0.026896681026788577,0.0695817378031632,0.07119427600881,0.04260135175168497,0.04945524401046952,0.12478072676452576,0.05731852489322789,0.03958407102394342,0.03932344049959514,0.11070948195985761,0.11486900157784982
2024-11,0.12784167631988602,0.06854703697768594,0.05439695772740514,0.026996894943508355,0.06667011305897627,0.0726999579883127,0.04425149301429017,0.050400182579110775,0.12639767615301414,0.05583637266468873,0.041210841887083086,0.03959694651165856,0.10234751263826447,0.12280633753611546
2024-12,0.12431252385371876,0.07045417149584833,0.055009876854182245,0.02760763521802109,0.06695394621060545,0.07199591867438436,0.04567158058279328,0.05206417222941154,0.1279385606058498,0.05408522763361833,0.042928394641514156,0.040618306177413174,0.10192825687232449,0.11843142895031504
2025-01,0.11773733963677926,0.07788065740865045,0.052888549943847785,0.027368045087613042,0.06248934356620614,0.07592094231112334,0.04422820714044749,0.04933370432587865,0.12765127854591718,0.053377102518202865,0.04207278361066719,0.03997911085335747,0.10238212387433632,0.12669081117697284
2025-02,0.09276778074127613,0.038018442282854614,0.06437537364339954,0.06642489882988216,0.0719390926626266,0.04160386164061116,0.05860589972092206,0.09224728137820046,0.07467645733763696,0.10466316848114877,0.07041304042951181,0.041638114338940345,0.12953305878467675,0.05309352972831277
2025-03,0.09727114880325932,0.031391042103364394,0.06210080112080212,0.06718103321718288,0.0722285090708333,0.03974403963232191,0.06207929361987629,0.09335076329342419,0.07144148718466392,0.10824818642946828,0.06905236918541129,0.041230972022857665,0.1313510804051668,0.05332927391136773
2025-04,0.10161284657122775,0.02936849964514116,0.060221740291756365,0.07161322666561414,0.07124396351372726,0.03694916725601751,0.06276363885034597,0.0969501790656588,0.06697558992677403,0.10696950481990014,0.06747303255652713,0.040217442470273104,0.1326694575905941,0.054971710776442535
2025-05,0.11709299902789222,0.07576833894757386,0.05318028732789216,0.026730594815853166,0.06172160028992982,0.07412734342416993,0.043764141243818354,0.049487209187198504,0.13080662438673368,0.054894220058698574,0.042918378323482935,0.04041465479604835,0.10047062705321494,0.1286229811174936
2025-06,0.11367909493099984,0.07713952208028838,0.05451311407878322,0.027173805873916556,0.06183154942514457,0.07546506227117455,0.044385501827726076,0.050952076711300136,0.12918356627032745,0.051990767695621554,0.04338234431483524,0.04100494958657951,0.09844745842076477,0.13085118651253816
2025-07,0.1116288516177768,0.07443355637826189,0.056224822084328364,0.027449865362411837,0.059448865923407264,0.07880367604917582,0.04483068910860981,0.05030860658425796,0.13140321324379672,0.051977993779198386,0.04435675412536982,0.04116350742376001,0.09823964409573172,0.12972995422391373
2025-08,0.10849117601537421,0.0737708535748846,0.05788437783507267,0.02833623510128666,0.057921210143519204,0.08179371812324994,0.04350040881885672,0.0524347336361252,0.13354969091277435,0.05129149955194759,0.044144873769619924,0.040583628420600426,0.09697485204768924,0.12932274204899932
2025-09,0.10970463409928725,0.07507469164712348,0.05704768910794816,0.02865998512140366,0.05885175201399551,0.08085186583647624,0.04394838553414458,0.050548962752132505,0.13196644812360706,0.052463871198615904,0.044637298734874785,0.04114792080041848,0.09715027134427454,0.12794622368569786
2025-10,0.0639329130184225,0.012796851310086647,0.04910723822636931,0.046033367082563885,0.05212194745606879,0.08053830311464927,0.072888691628486,0.11851534179349132,0.035856471181709995,0.08135053933875842,0.04906519637897332,0.023072911159786175,0.2505629312422147,0.06415729706841974
2025-11,0.08973160030534438,0.013659437574251011,0.02654687832066736,0.03874307254442121,0.04371458754460005,0.017669227038406805,0.02336332839033012,0.12928727138689136,0.05825097091603372,0.06836900471131722,0.030506710720048597,0.025947312584033426,0.3499999999999999,0.08421059796365471
2025-12,0.12463659791414647,0.02585695173208662,0.049176510289050776,0.03465227123088779,0.05725281508896444,0.043225130110113426,0.037205189213018235,0.11177022073060261,0.08797608454220142,0.09702218538569199,0.04590016786682958,0.027765582988722844,0.19839794427674234,0.05916234863094139
2026-01,0.09070724343109053,0.013493591341346672,0.026072218049801678,0.03876029132707906,0.043478588784713744,0.017375327819579425,0.023130663452299065,0.12661653328907146,0.05663453438676152,0.07162416187029925,0.03046670066113183,0.026106695089860025,0.35,0.0855334504969657
2026-02,0.09219933645837373,0.012902184177906926,0.026686887920242423,0.039604423282712777,0.04453013202342054,0.01676176871367212,0.022756767686662162,0.12586460420769108,0.0565669944701514,0.0699378505680598,0.029299470863648924,0.02534637865616916,0.35,0.08754320097128894
2026-03,0.10558760910637331,0.030304614637589312,0.06255390254894415,0.062433900641271765,0.06901435731854477,0.03730333268296207,0.059780173643016986,0.0980470984459148,0.06916154747837715,0.11341439788297586,0.066889595046903,0.04012317256204701,0.12714880271792772,0.05823749528715233
2026-04,0.09927180542264288,0.029872328309135533,0.05820799527936229,0.07710714187420248,0.06377834874970247,0.03780434628244417,0.0619772680945701,0.10208018678524557,0.07020753373069775,0.1101398974289149,0.06908761044767253,0.03900766060958016,0.12503528901739452,0.05642258796843465
2026-05,0.05945310126254757,0.01216279937425306,0.052346770706895904,0.04627810606216352,0.04878734543239754,0.08629760813613448,0.06502918616245464,0.12027664743618445,0.035861133316434875,0.08634270596081285,0.04665290578428604,0.020931179199827767,0.24456738750164875,0.07501312366395858
2026-06,0.05948905826133364,0.014190160586121771,0.0566112247115466,0.043254652697272,0.04739092152446362,0.09902421512279883,0.06362252618634423,0.10729731796910429,0.03452517322214,0.0909312890488132,0.04639085860634273,0.021304808181689533,0.24452364478811567,0.07144414909391392
2026-07,0.060919926969645564,0.014808182923472892,0.065840719838818,0.04068397876646676,0.04914666489774771,0.08682303299492133,0.05318394887030741,0.10997070497831142,0.0332696514159882,0.09784558847491345,0.04971634921443311,0.02304912632374693,0.2501632272851445,0.06457889704608283
2026-08,0.06583223854656686,0.012720306212870593,0.05399992800378914,0.0484042373350812,0.05027231398249102,0.08521086540099208,0.05748243297561627,0.10686003112898607,0.037751088019575225,0.09876949341792496,0.05415376578506157,0.024766343828367194,0.23898129310503813,0.06479566225763964
