regime,asset,sharpe_pre,sharpe_post,corr_with_market_pre,corr_with_market_post
Goldilocks (G+ I-),NoDur,1.2274503198363254,0.4973580901829159,0.8705486477215444,0.7901509234773818
Goldilocks (G+ I-),Durbl,0.8715877696017951,0.16357200773927624,0.8455106296270135,0.6928498001279823
Goldilocks (G+ I-),Manuf,0.6212506451488021,0.5211539905498522,0.9407715194259437,0.9126068607210119
Goldilocks (G+ I-),Enrgy,0.33134373381515214,0.5271042104369444,0.5390365746848923,0.5335046329595963
Goldilocks (G+ I-),Chems,0.6294404170925464,0.4433497210038458,0.9145052468078134,0.8250591395773968
Goldilocks (G+ I-),BusEq,0.4228627379324295,0.45653104592046667,0.8675093574483244,0.887975193066301
Goldilocks (G+ I-),Telcm,1.3355498381975561,0.521099753359353,0.6013006278706915,0.7137618697632616
Goldilocks (G+ I-),Utils,0.9276973824683582,0.49337661151941536,0.6622911801093168,0.5174910652251952
Goldilocks (G+ I-),Shops,0.6066714715445362,0.5396887903858343,0.8466042438679131,0.8757389501527344
Goldilocks (G+ I-),Hlth,0.5978350844045851,0.8260015082953552,0.7519952965139235,0.7907801230593777
Goldilocks (G+ I-),Money,0.9272245892190325,0.6234187039250468,0.8833620526274167,0.9208148480625298
Goldilocks (G+ I-),Other,0.4284349041720225,0.3530946063820727,0.9142297204393166,0.9405224620211459
Goldilocks (G+ I-),UST10,-0.037391018821220645,0.18748512472243045,0.4278249932193331,-0.08701197782762919
Goldilocks (G+ I-),GOLD,-0.7539344912149111,0.05310517578226665,-0.030157605802030023,-0.04013293990887047
Goldilocks (G+ I-),MKT,0.7401758093089881,0.6366521967374089,1.0,1.0
Reflation (G+ I+),NoDur,0.0521723261333762,0.37579289523458126,0.9646932563069138,0.6340619375605955
Reflation (G+ I+),Durbl,-0.5017916564614809,0.1782809510696798,0.9546820883440704,0.7079608598313896
Reflation (G+ I+),Manuf,-0.15651466751031978,0.5818709280550229,0.9634403224786963,0.8275276791250162
Reflation (G+ I+),Enrgy,0.08077705466671425,0.5018355854590792,0.8399896163630491,0.5121168564213138
Reflation (G+ I+),Chems,-0.12166649386825473,0.48494758398574384,0.9497723121821763,0.7093010501383175
Reflation (G+ I+),BusEq,-0.31413773248988086,0.9298505075861517,0.893247158969795,0.8558680440166518
Reflation (G+ I+),Telcm,0.5246577660751057,0.36096796978588097,0.7624664045164476,0.7292160364276878
Reflation (G+ I+),Utils,-0.34771038771524776,0.5837747294502287,0.7052966210164916,0.3774609675558731
Reflation (G+ I+),Shops,-0.17238134133530827,0.31788118592202563,0.9527298652012163,0.8138964320034224
Reflation (G+ I+),Hlth,0.12706724265076536,0.7397324444107078,0.9158444232424429,0.6226838577516182
Reflation (G+ I+),Money,-0.177437069510954,0.5837733667172872,0.9483126953323668,0.756332003418636
Reflation (G+ I+),Other,-0.2170276906998511,0.35124316753357593,0.9557614944098325,0.8977754970586083
Reflation (G+ I+),UST10,-0.1455449773452873,0.4957636121179143,0.09449564220432469,-0.09278614619777478
Reflation (G+ I+),GOLD,0.8876817666824284,0.44254367033277886,-0.23179814322992212,0.03519567648918813
Reflation (G+ I+),MKT,-0.17116181535531932,0.7248666498260627,1.0,1.0
Stagflation (G- I+),NoDur,-0.01277032180149916,0.8031114649906028,0.9493264967212868,0.6761106781281362
Stagflation (G- I+),Durbl,-0.2815060870790196,-0.39315576271076097,0.8397585378519871,0.7974603534041236
Stagflation (G- I+),Manuf,0.01743576986716183,0.22223246656780468,0.968591538743442,0.9174929821450777
Stagflation (G- I+),Enrgy,0.5791452502346844,0.3649429807119821,0.7819344595072117,0.6010382560160412
Stagflation (G- I+),Chems,0.12515365271906945,0.3951240695771862,0.9292132446163847,0.7634479610068853
Stagflation (G- I+),BusEq,-0.28714544059341657,-0.1667114023885786,0.8968507120829495,0.8933762004514414
Stagflation (G- I+),Telcm,0.029233739203950636,-0.21587176240922068,0.7227510510040491,0.8185379199472909
Stagflation (G- I+),Utils,-0.05823375550332366,0.9622275268199338,0.772682371277759,0.5003587114261895
Stagflation (G- I+),Shops,-0.10649877287868174,0.5111007841977081,0.8997430475092731,0.8568940013447268
Stagflation (G- I+),Hlth,0.01729598592100478,0.5523615265842496,0.7709006291071172,0.6956622784177103
Stagflation (G- I+),Money,-0.04754604678248406,0.08798059508806716,0.9301381389737253,0.8401902756198039
Stagflation (G- I+),Other,0.2831741631501687,0.08996206290336484,0.9801751932514239,0.9400094737883862
Stagflation (G- I+),UST10,-0.2563497790026906,0.941526222701887,0.12001286522764883,-0.07694628502368829
Stagflation (G- I+),GOLD,0.8103789499653505,0.12610163110579936,0.1550627112486431,-0.16051561255136143
Stagflation (G- I+),MKT,0.0739310354929628,0.007977124477549615,1.0,1.0
Disinflationary slowdown (G- I-),NoDur,0.8838237746925411,0.733561674419356,0.8131505042451894,0.7703539405706892
Disinflationary slowdown (G- I-),Durbl,0.7050649002875993,1.256171294891007,0.8366497319833263,0.694723417952029
Disinflationary slowdown (G- I-),Manuf,0.5201550105113056,0.8885496759024837,0.9487513080348893,0.9022003883804235
Disinflationary slowdown (G- I-),Enrgy,0.5860167118948467,0.2403408160290148,0.7099625955190421,0.6052101928273941
Disinflationary slowdown (G- I-),Chems,0.5299371579730592,0.6322838664593128,0.9223572128326804,0.7875056763747076
Disinflationary slowdown (G- I-),BusEq,0.4309710250072211,1.1339800540399125,0.8726600504487779,0.8281079480960439
Disinflationary slowdown (G- I-),Telcm,0.7136789222805777,0.41661877915551654,0.7218083608546527,0.7763260265980554
Disinflationary slowdown (G- I-),Utils,1.0700538921891025,0.029982892033924936,0.7177220237229701,0.5435670742976854
Disinflationary slowdown (G- I-),Shops,0.8737641085028074,1.1368581018210546,0.8308806375310288,0.8667927907479136
Disinflationary slowdown (G- I-),Hlth,0.40226941963212304,0.26792045110229024,0.851028561912856,0.6995202065113484
Disinflationary slowdown (G- I-),Money,0.4912224347283156,0.6403179390087655,0.9108547920159202,0.8547408564522614
Disinflationary slowdown (G- I-),Other,0.6166255690485446,0.6273680434617828,0.9433454243777354,0.9316304364819432
Disinflationary slowdown (G- I-),UST10,1.0223775671954671,-0.34794481705738545,0.44415373066166636,0.10142998664260633
Disinflationary slowdown (G- I-),GOLD,0.23254018427432505,0.8300866513692612,-0.056363968754895286,-0.12889014329215223
Disinflationary slowdown (G- I-),MKT,0.7007316188741827,1.006217039989102,0.9999999999999999,1.0
