regime,asset,months,ann_excess_return,ann_vol,sharpe,corr_with_market,corr_with_ust10,downside_corr_market,hit_rate
Goldilocks (G+ I-),NoDur,189,0.11011428571428572,0.1349421185784122,0.8160112415183438,0.802166572381375,0.24097611431332536,0.6898259818772217,0.5925925925925926
Goldilocks (G+ I-),Durbl,189,0.10867936507936507,0.20928113905413456,0.5192984211121531,0.70828326300278,0.028415575326531228,0.6672230285160053,0.5238095238095238
Goldilocks (G+ I-),Manuf,189,0.11893968253968257,0.15615575479897917,0.7616733862469223,0.9201007833757078,0.050883901965018276,0.8804177355828355,0.5873015873015873
Goldilocks (G+ I-),Enrgy,189,0.07556190476190477,0.17854655972187589,0.42320560463113066,0.47076955061012943,-0.08405564381562787,0.4581416553405261,0.5502645502645502
Goldilocks (G+ I-),Chems,189,0.09462857142857142,0.1343327221106315,0.7044342580256716,0.8178674610183254,0.14773233444381392,0.626995381696913,0.6243386243386243
Goldilocks (G+ I-),BusEq,189,0.14227936507936506,0.1987292102172784,0.7159459091283332,0.8619745419769703,-0.04409420759405844,0.7620812660725107,0.6084656084656085
Goldilocks (G+ I-),Telcm,189,0.12426666666666666,0.1536399787377347,0.8088172602444273,0.6850885258255417,0.10605579020190774,0.5938664889789136,0.6296296296296297
Goldilocks (G+ I-),Utils,189,0.07078095238095239,0.12836160985341666,0.551418391073321,0.49177230035681424,0.3575308430806927,0.34193909701478875,0.6190476190476191
Goldilocks (G+ I-),Shops,189,0.11377777777777778,0.15495967550764503,0.7342411979441997,0.8471302876784902,0.14480232608585325,0.7170481705007128,0.5978835978835979
Goldilocks (G+ I-),Hlth,189,0.13180952380952382,0.15434791384162294,0.8539767109827874,0.7485450465509956,0.2734842061675435,0.5818414727874283,0.5978835978835979
Goldilocks (G+ I-),Money,189,0.11968253968253967,0.15430493415690624,0.7756235426719374,0.888739093389429,0.08417750247562651,0.8081111484883708,0.5978835978835979
Goldilocks (G+ I-),Other,189,0.09479365079365079,0.15299310182602743,0.6195942801489389,0.902892383064547,0.12118285630561156,0.8249416177114957,0.6031746031746031
Goldilocks (G+ I-),UST10,189,0.005327776915698928,0.08351057190307086,0.06379763417118946,0.11612154442559781,1.0,-0.3126901910459667,0.49206349206349204
Goldilocks (G+ I-),GOLD,189,-0.02361263906633381,0.12189290830096647,-0.1937162661508716,-0.0819304312556984,-0.04563813656133566,-0.12126570525143808,0.4444444444444444
Goldilocks (G+ I-),MKT,189,0.11648253968253967,0.13307621053948804,0.8753070079943064,1.0,0.1161215444255978,1.0,0.6507936507936508
Reflation (G+ I+),NoDur,178,0.07871460674157302,0.14249633252772048,0.5523974220617943,0.7813634760261358,-0.002670714422695639,0.7585300171482251,0.5617977528089888
Reflation (G+ I+),Durbl,178,0.047487640449438207,0.2522857770547768,0.1882295585736789,0.7716493366551767,-0.039049025685839595,0.6557820692603615,0.5617977528089888
Reflation (G+ I+),Manuf,178,0.08255730337078651,0.19204401748178135,0.4298874000520139,0.8787617098048064,-0.07110380064350838,0.8012149766843644,0.550561797752809
Reflation (G+ I+),Enrgy,178,0.09334382022471911,0.23582992755081597,0.3958099007794744,0.6202859123051521,-0.20834892914663417,0.5833959090244937,0.5786516853932584
Reflation (G+ I+),Chems,178,0.05666966292134831,0.15938660424705386,0.3555484677589886,0.8273258665187746,-0.08391717219975105,0.8301246273825564,0.5842696629213483
Reflation (G+ I+),BusEq,178,0.13731235955056179,0.21348572163547735,0.643192240205272,0.8670212133147086,0.03487162716258689,0.8325391877004182,0.5674157303370787
Reflation (G+ I+),Telcm,178,0.08815280898876403,0.15571850474939192,0.566103618389055,0.7205588439166003,0.07996390866084234,0.6488013729458195,0.6348314606741573
Reflation (G+ I+),Utils,178,0.07816179775280899,0.13238054418374728,0.5904326669356985,0.5103638088431853,0.10323862494846194,0.5474770641504808,0.5617977528089888
Reflation (G+ I+),Shops,178,0.06513033707865169,0.19020085466478887,0.34242925560685716,0.8822377553610032,0.029962451592479122,0.8380771400829276,0.5617977528089888
Reflation (G+ I+),Hlth,178,0.09219775280898876,0.16105799880552985,0.5724506295419287,0.7479888259404732,0.05679133515597373,0.6418396103319097,0.6123595505617978
Reflation (G+ I+),Money,178,0.09850786516853931,0.18392609070113405,0.5355839663259472,0.8212876455650417,-0.059342890988035656,0.8138618265159506,0.6235955056179775
Reflation (G+ I+),Other,178,0.051916853932584266,0.18400546845268304,0.28214842944156665,0.937089499966869,-0.06250054242992327,0.9124377305714109,0.5730337078651685
Reflation (G+ I+),UST10,178,0.018226739150856895,0.06732634609938735,0.2707222388684294,0.004232941788388921,1.0,-0.21034965793649033,0.5
Reflation (G+ I+),GOLD,178,0.04235353997781735,0.160114647181082,0.26452008434879487,-0.11283447689857927,-0.07126408838289319,-0.04551273681678577,0.48314606741573035
Reflation (G+ I+),MKT,178,0.08536853932584268,0.15323096310996825,0.5571232967097961,1.0,0.004232941788388921,1.0,0.6179775280898876
Stagflation (G- I+),NoDur,141,0.0380595744680851,0.1812630017221194,0.20996879730829654,0.8080507235028686,0.19466241214617927,0.6642753904605246,0.5319148936170213
Stagflation (G- I+),Durbl,141,-0.07608510638297875,0.28821634960975206,-0.2639860871390494,0.7922325107284467,-0.028854413319050396,0.6566973066879853,0.46808510638297873
Stagflation (G- I+),Manuf,141,0.046255319148936165,0.23315902495492882,0.19838528299677705,0.9351048154435778,0.0001287363384745213,0.8710003304233581,0.5531914893617021
Stagflation (G- I+),Enrgy,141,0.17755744680851065,0.24329830180166584,0.7297932023925656,0.6577192363673845,-0.09331453068671232,0.5518189876990467,0.6028368794326241
Stagflation (G- I+),Chems,141,0.05417872340425531,0.19258119901165316,0.28132924544195476,0.8400635698215392,0.07869231173928616,0.753344319094919,0.6028368794326241
Stagflation (G- I+),BusEq,141,-0.06921702127659574,0.26873878342041685,-0.2575624567307508,0.8789302181108414,-0.06102638398445096,0.7745718499758047,0.4397163120567376
Stagflation (G- I+),Telcm,141,-0.043131914893617014,0.18883519638059335,-0.228410358451851,0.7929800310987978,0.12467311077474211,0.6512625992233115,0.46808510638297873
Stagflation (G- I+),Utils,141,0.07725106382978722,0.17049548518387547,0.45309741631265904,0.6110603370506957,0.3293905950983653,0.4118457990273782,0.5886524822695035
Stagflation (G- I+),Shops,141,0.03543829787234042,0.21404286943845338,0.16556635577402623,0.8664427376107444,0.05532312530613606,0.6994570017880937,0.574468085106383
Stagflation (G- I+),Hlth,141,0.06664680851063831,0.19802376232101288,0.33655965187954723,0.7237747699608084,0.12763797626618456,0.6238085477351631,0.5460992907801419
Stagflation (G- I+),Money,141,0.0065872340425531944,0.23542019074999906,0.027980752294727376,0.887559987930023,0.12728063869567557,0.6852956111874344,0.5319148936170213
Stagflation (G- I+),Other,141,0.02859574468085106,0.22379286577555696,0.12777773134881734,0.9557501847987961,0.022865460136642497,0.9005720772438156,0.5319148936170213
Stagflation (G- I+),UST10,141,0.03918675404907375,0.09473471704073307,0.4136472380259987,0.03940294873960915,1.0,0.06740154565849812,0.5957446808510638
Stagflation (G- I+),GOLD,141,0.16996370398349708,0.2386983580783075,0.7120438755918828,0.044467814510685974,-0.08744826257209687,0.28003485972330555,0.48226950354609927
Stagflation (G- I+),MKT,141,0.008144680851063825,0.19127541946414703,0.04258090701816746,1.0,0.03940294873960915,1.0,0.5390070921985816
Disinflationary slowdown (G- I-),NoDur,148,0.07820270270270269,0.13460499353929736,0.5809792092138969,0.7549587711905217,0.3293652082609676,0.615950104485678,0.5878378378378378
Disinflationary slowdown (G- I-),Durbl,148,0.2541243243243243,0.3261001695732428,0.779283018027525,0.7026703873964394,-0.07370858487850757,0.5483258650248286,0.5608108108108109
Disinflationary slowdown (G- I-),Manuf,148,0.08169729729729729,0.18963954445986575,0.4308030665755329,0.9112110766901208,0.07890941510253313,0.781586212493976,0.5472972972972973
Disinflationary slowdown (G- I-),Enrgy,148,0.02022162162162163,0.22084697504653203,0.09156395109039175,0.6556850961131646,0.06102629385583403,0.2840028996521263,0.4864864864864865
Disinflationary slowdown (G- I-),Chems,148,0.05069999999999998,0.16940995025839736,0.29927403864217156,0.8390138221955417,0.18807315180098585,0.6703555682145268,0.5337837837837838
Disinflationary slowdown (G- I-),BusEq,148,0.13347567567567567,0.22201140383047377,0.6012108989572296,0.8520348803788889,0.11147391209896484,0.5790659333381807,0.5540540540540541
Disinflationary slowdown (G- I-),Telcm,148,0.06068108108108107,0.17251691364517543,0.35173989494089275,0.7270811033352357,0.19099463496083438,0.568073662410173,0.5405405405405406
Disinflationary slowdown (G- I-),Utils,148,0.03604054054054054,0.14082738905482056,0.25591996544444107,0.6058066901128396,0.36443734957094376,0.3642669985197399,0.5675675675675675
Disinflationary slowdown (G- I-),Shops,148,0.11148648648648649,0.16607007366076593,0.6713219548166262,0.8538228903106965,0.2427606121570363,0.7288866548647635,0.5675675675675675
Disinflationary slowdown (G- I-),Hlth,148,0.015786486486486485,0.16307993463322804,0.09680213891421281,0.7640268155288369,0.26283066945609707,0.6014637260762699,0.5202702702702703
Disinflationary slowdown (G- I-),Money,148,0.07677567567567567,0.19600374518017574,0.3917051462720771,0.8651713689022524,0.14206865521412215,0.7521057834612725,0.527027027027027
Disinflationary slowdown (G- I-),Other,148,0.045145945945945946,0.18349789059326735,0.24602978159576933,0.9361433788611069,0.0999630613243161,0.8015734411239012,0.5202702702702703
Disinflationary slowdown (G- I-),UST10,148,0.021141582443895794,0.07646960363940906,0.2764704070337348,0.1640543079532415,1.0,0.1191157049380712,0.5472972972972973
Disinflationary slowdown (G- I-),GOLD,148,0.06578678599758302,0.1624685808393567,0.40492005074279996,-0.011707856950316817,0.23077612792724714,-0.2103901377852084,0.4797297297297297
Disinflationary slowdown (G- I-),MKT,148,0.08073243243243242,0.15426374452116098,0.523340287654939,1.0,0.1640543079532415,1.0,0.581081081081081
