,NoDur,Durbl,Manuf,Enrgy,Chems,BusEq,Telcm,Utils,Shops,Hlth,Money,Other,UST10,GOLD,MKT
1973-74 oil shock / stagflation,-0.4819984982791521,-0.5066803369672468,-0.39114137345739586,-0.2605822901131428,-0.30556387685855646,-0.4747105645575339,-0.18699860070847796,-0.4214457996510843,-0.5389623202153397,-0.3982816697181588,-0.524068533873841,-0.520075137626816,0.005705142058312074,1.3750000000000004,-0.4270253717733621
1980-82 Volcker tightening,0.456754401109839,0.2417874017469286,0.04918547494242831,0.006488188172162568,0.06199434607412768,0.09497398758866682,0.3656470884252563,0.27256426284197266,0.4720953296538384,0.39070876562761714,0.21003749565645968,0.21409235725962383,0.13231956500809083,-0.2549450549450547,0.17911463178436482
1987 crash,-0.24731897815312898,-0.3089548698594743,-0.2858210908297999,-0.24208007271390009,-0.2636766288666632,-0.2931276429249964,-0.12429259339976595,-0.08698659755330695,-0.3389845566458438,-0.25154276069106196,-0.23773284528596583,-0.31061159936370397,0.015816835649527183,0.015184381778741818,-0.2558509147217729
1990 Gulf war recession,-0.08677350126598615,-0.27727928800143387,-0.2154688797029808,0.009975657018378659,-0.16170351832939323,-0.26172762878218403,-0.13511818165242218,-0.009924125146533291,-0.2353592396740103,-0.020777861973327538,-0.28969166287785786,-0.22636613795234606,0.01306927090488852,0.08238636363636354,-0.16041404973634488
1998 LTCM,-0.1260354820768952,-0.16229209608828843,-0.1682040433717661,-0.07261697805623213,-0.18323537379407195,-0.006267773747156924,-0.019395923302472085,0.0016001399485943146,-0.10261458365641851,-0.006543340586059432,-0.1745817809263598,-0.17074485448276455,0.06920029917384984,-0.010273972602739767,-0.09778033396059305
2000-02 dot-com bust,0.12867398318994394,-0.19027021404156763,-0.19675987523979743,-0.11351768422998954,0.10940445459694548,-0.7449217477872712,-0.6150157488970858,-0.1660752761665869,-0.09090753735520474,-0.25949234568318735,-0.0821324530140628,-0.37756305974039983,0.29292817900401547,0.16223995336466657,-0.3936200618939968
2007-09 GFC,-0.2788066360338405,-0.6910349622083856,-0.5396664749810942,-0.3442593861404103,-0.37526552249083733,-0.4450196577999842,-0.4755455241808556,-0.2894991232189069,-0.32033676294825464,-0.22222248036982895,-0.6679022872289733,-0.5461258521592649,0.20023886631209442,0.24900662251655636,-0.45271286606849137
2020 Covid crash,-0.1711499741727236,-0.21033948650459489,-0.26445119991486765,-0.4438652353570136,-0.16019639945549258,-0.16362198198415745,-0.1620054473585536,-0.16005231954305776,-0.12552331891461777,-0.13298455601072134,-0.2636284112248539,-0.22537404502888925,0.0883086101192827,0.019859064702114182,-0.1928318047658788
2022 inflation shock,-0.03064999449671424,-0.3325959614471221,-0.19136705040223967,0.6061936957298333,-0.20213256010878244,-0.30680018299081924,-0.23000954655259376,-0.031026894859426668,-0.2076320760346413,-0.10603262547792536,-0.13282434042765023,-0.23578168951543688,-0.18034489610691007,-0.07039106145251406,-0.20521546548735725
2025 tariff shock,0.05461707760767043,-0.3192319123647809,-0.1107428947746858,-0.0943260019090636,-0.05875234666307805,-0.16479918785590209,0.03162726197322829,-0.0009186512314079964,-0.0947010749342696,-0.03309323016911103,-0.08456433308009559,-0.04324095637827585,0.03909091337861881,0.1874538745387455,-0.10674608208892211
