,E1 return tilt,Core 1/3,E2 risk scaling,Core + 12% cash (static control)
1990-01,-0.020822997390543333,-0.032453449027469335,-0.032453449027469335,-0.027902784851154414
1990-02,0.009930180054090786,0.01187145563104563,0.011556392037054854,0.0111368769918918
1990-03,-0.02661644055232159,-0.01165866175682915,-0.011697650528388049,-0.009505190188159814
1990-04,-0.027913881770523483,-0.031046262905504256,-0.0310115823563588,-0.026520239358558656
1990-05,0.033335588529098285,0.03806368388718635,0.03484824017116897,0.034334704219506476
1990-06,-0.0015036829101506052,-0.010785337257639898,-0.008994253514674103,-0.008747208894637112
1990-07,0.004978515528596652,0.010218960927527772,0.009797302200054259,0.009811217156390854
1990-08,0.015052482217252292,-0.010693074400887419,-0.008867728579906845,-0.008630608919507572
1990-09,-0.015386648667369579,-0.020180187150794088,-0.01462363301783565,-0.01705745824281199
1990-10,-0.00485971417407871,-0.004835827421979617,-0.0030558784079939977,-0.003447006935985234
1990-11,0.04574292394412852,0.035015451190647945,0.027417648436064028,0.03151811999661194
1990-12,0.016775956051272304,0.012144922149026752,0.011051935950639295,0.011412422668444997
1991-01,0.03195058523438778,0.02690545888887812,0.025947200866854547,0.024316577992547876
1991-02,0.026100125272582285,0.010646201254081434,0.010130831783962398,0.00994961844724454
1991-03,0.017059417917363047,0.010917703383649549,0.010612283197751217,0.01014049009858601
1991-04,0.0007220494961730135,-0.0008611717209620731,-0.0007645066101007205,-0.0001260943382994955
1991-05,0.022509252430395553,0.014155501424677775,0.014015004824484091,0.013027724344864293
1991-06,-0.009547732392425814,-0.007521851384974625,-0.007526480708329689,-0.006123446190830248
1991-07,0.01518760861888177,0.019826062294776604,0.019826062294776604,0.0180462413646987
1991-08,-0.003805582184321657,0.009283799891314365,0.009283799891314365,0.008725635542618567
1991-09,0.004706585889028178,-0.00010845889326101873,-0.00010845889326101873,0.0004531165714199042
1991-10,0.013611164538644737,0.017307428985523562,0.017307428985523562,0.015743752522498784
1991-11,-0.011546174245971787,-0.007620214031007192,-0.007620214031007192,-0.006246951616460296
1991-12,0.07383489121567854,0.05730223151748883,0.05730223151748883,0.05092130549550013
1992-01,-0.025461550475460747,-0.020313287191968482,-0.020313287191968482,-0.017484268585413725
1992-02,0.005845902609756087,0.007484860954589303,0.007484860954589303,0.006925265981236911
1992-03,-0.021768934949122076,-0.021309603132740457,-0.021309603132740457,-0.01836242543021043
1992-04,-0.002629271947819964,0.00033963424651546224,0.00033963424651546224,0.00067905029645655
1992-05,0.013757443949944144,0.008565663767736717,0.008565663767736717,0.007877981247692706
1992-06,0.009448479673329702,0.003728076980278103,0.003728076980278103,0.0036654866946059027
1992-07,0.036301160031821655,0.03734877948427338,0.03734877948427338,0.03326381608760401
1992-08,-0.005135718103509243,-0.012249580904621521,-0.012249580904621521,-0.010479683800563478
1992-09,0.014800532100194972,0.014658095212073714,0.014658095212073714,0.013218867339055338
1992-10,-0.011292032854922134,-0.005253954568447494,-0.005253954568447494,-0.004352881000601676
1992-11,0.000786467058378447,0.004183721440617295,0.004183721440617295,0.00395958419871022
1992-12,0.01615257487379898,0.013901727277463237,0.013901727277463237,0.01257765466431304
1993-01,0.014257523070033926,0.007252400429763653,0.007252400429763653,0.006661702981344594
1993-02,0.01795013588177115,0.011750547266275856,0.011750547266275856,0.010611418884602602
1993-03,0.011099836935087017,0.011242948558621535,0.011242948558621535,0.010200804822358432
1993-04,-0.003887248737132607,0.003927946972286811,0.003927946972286811,0.003745999129462985
1993-05,0.029423726285932473,0.03369581824030448,0.03369581824030448,0.02993922321949816
1993-06,0.014470513516779736,0.017013746256489284,0.017013746256489284,0.015281921575810724
1993-07,0.029435593494319935,0.018445894094133452,0.018445894094133452,0.016533048248214673
1993-08,-0.0012973003297666048,0.013377590620902461,0.013377590620902461,0.012080147593263701
1993-09,-0.024572271207208674,-0.0178957571016015,-0.01706101078696759,-0.01545121275511376
1993-10,0.017548216369552498,0.014624205740431556,0.012858496157644492,0.013142411908884254
1993-11,0.004141643193478616,-0.004676956826067215,-0.003805337643059669,-0.0038218132524953617
1993-12,0.01765390984995281,0.015884042398763572,0.014370265992956807,0.014263854969804875
1994-01,0.015448402243498138,0.018742225829587334,0.017800957361009038,0.016804022922528857
1994-02,-0.021895193654599396,-0.021545901820355737,-0.02049928192802377,-0.018725046961015217
1994-03,-0.02311395801200702,-0.0263721960676525,-0.02151771017440516,-0.022904661624519356
1994-04,-0.012024020745572265,-0.007865076633157995,-0.0057842200173983385,-0.00660487392152319
1994-05,0.0036248241992952912,0.005914780137568333,0.0050292265131292105,0.0055906231432035275
1994-06,-0.005470702226317607,-0.006681491578620926,-0.0049975306388248,-0.005515018079335442
1994-07,0.019225528024199495,0.01664475708242212,0.01436010502113215,0.014993716289920767
1994-08,0.008890718610979896,0.010632634800018163,0.010203397864008363,0.0098057393737183
1994-09,-0.010706557295338075,-0.0037173806320132544,-0.0035453893397616432,-0.0028324663682405635
1994-10,-0.001974132507460467,0.0018405814674800575,0.0018412174113918093,0.0020743069588924916
1994-11,-0.012084366185084936,-0.017430306511329176,-0.017430306511329176,-0.01491010371253083
1994-12,0.007259435342479632,0.0037677886670731717,0.003769720174812111,0.003843536283737589
1995-01,0.01768949062354928,0.01506764516875997,0.015067730191243798,0.013771432812775417
1995-02,0.02929568612209957,0.022635439587834323,0.022635439587834323,0.020412728252167327
1995-03,0.01877689214271272,0.015705465017785962,0.015705465017785962,0.014380845959899063
1995-04,0.020872301495520024,0.02139914990366,0.02139914990366,0.019371992740041994
1995-05,0.01265775700452754,0.027029153389116163,0.027029153389116163,0.024448212026635847
1995-06,0.019367967865078568,0.017148751979687415,0.017148751979687415,0.01566389227838394
1995-07,0.004187549440521318,0.008068951591609402,0.008068951591609402,0.007643690013293305
1995-08,0.010197378162829639,0.007579667246991873,0.007579667246991873,0.007236318154058074
1995-09,0.022888673072389964,0.016190629204186444,0.016190629204186444,0.014772399285131093
1995-10,0.003432048389699471,0.0016757740466460927,0.0016757740466460927,0.0020368714353735497
1995-11,0.02731154754318175,0.024736225705458866,0.024736225705458866,0.022286607075413405
1995-12,0.013173543838802051,0.012938440299345856,0.012938440299345856,0.011979640617286973
1996-01,0.015669122918611913,0.020345041041400738,0.020345041041400738,0.01843130137844156
1996-02,-0.002358598106856485,-0.0006924096082241618,-0.0006924096082241618,-0.00014578112978499053
1996-03,-0.011367928793214466,-0.0070527603029925745,-0.006943365934058187,-0.005746064912389796
1996-04,-0.005162762004939905,-3.081612726844208e-05,0.00042802186189095195,0.0005211452408590953
1996-05,0.0026778070179236902,0.005748606982410805,0.005645351369951892,0.00556374624483067
1996-06,-0.002273850289173027,-0.003636085984314762,-0.0036220349359292908,-0.002725257320288816
1996-07,-0.027275235604505777,-0.01990358699734775,-0.019904753193722674,-0.01699343186385062
1996-08,0.013736888019410268,0.012172479560960122,0.010810823002155313,0.011210581986707581
1996-09,0.017903637103121442,0.022368137622985892,0.02184402278339937,0.02022530135546464
1996-10,0.013876969388897948,0.012880127916117319,0.012873474618194882,0.011844776601740659
1996-11,0.04019983196489162,0.028951442712909663,0.028951442712909663,0.02598733759773009
1996-12,-0.017469004473851236,-0.019357566240119976,-0.019357566240119976,-0.016499931316666976
1997-01,0.020342947405347443,0.004762107361579353,0.004703810851110578,0.004730006170613354
1997-02,-0.003431260279282189,-0.006757230884380896,-0.006774453203564103,-0.0054861061494898885
1997-03,-0.025639174052063708,-0.01719475292591459,-0.01719475292591459,-0.014631003103773042
1997-04,0.022155191088584603,0.013989918669818286,0.013450525790408407,0.012834236317924507
1997-05,0.038644551335060985,0.027099270819888947,0.027070031780663445,0.024451474835296878
1997-06,0.026468052407112145,0.017667333935285905,0.017667333935285905,0.016002102234545935
1997-07,0.04184714886928861,0.02303304643830624,0.02303304643830624,0.020798842462305428
1997-08,-0.024284149660434177,-0.01844850416281669,-0.01844850416281669,-0.015759192386148885
1997-09,0.035750561276856524,0.02537520874330959,0.024281373753691108,0.022873511486430763
1997-10,-0.007922369763317776,-0.000576506162935737,-0.0005711658662580375,-6.1349255492212515e-06
1997-11,-0.011389785924929742,-0.0071132329968020625,-0.00595855189978869,-0.005799479368031879
1997-12,-0.0019216541710414627,-0.008156563438299649,-0.008238246715579784,-0.006611151334933692
1998-01,0.010072972259322546,0.009034755946424711,0.008555081739116161,0.00847007846948441
1998-02,0.04004951122713721,0.03323191552924634,0.03067915517070893,0.029733746830072537
1998-03,0.023035561345486764,0.01633276128303188,0.01594035948081308,0.014850805483011674
1998-04,0.013286589130233542,0.018714657554085704,0.01821709895494522,0.016995781774531937
1998-05,-0.015006636257001875,-0.014060014079346508,-0.012340312625124805,-0.011905970765745233
1998-06,0.016488954600423357,0.008758709571529391,0.008435005236935121,0.008201805892466375
1998-07,-0.008695350677493746,-0.005619585728664741,-0.004621089394168041,-0.004472244496249272
1998-08,-0.04953806230790052,-0.04919898185887299,-0.04508585405202748,-0.04281766690259965
1998-09,0.05258368023677557,0.045543372667237,0.03620470469332074,0.04066227186129086
1998-10,0.014326784623560938,0.028368238765672155,0.022725800831660446,0.025366267759795447
1998-11,0.030527128432665123,0.017667094980688195,0.013786696894938735,0.015930439228541107
1998-12,0.0344485026132103,0.023146960108692178,0.020132908553012637,0.02083985290234233
1999-01,0.017185105188247396,0.00805791443087512,0.007154231145396956,0.007514883885314028
1999-02,-0.033114964252118635,-0.02720615106757237,-0.0225253570009278,-0.023543597787283977
1999-03,0.020867695018055146,0.014341540392549732,0.011590128402680665,0.013143926151877972
1999-04,0.01988369402311166,0.010851564939513773,0.009331223484638706,0.00999890751882252
1999-05,-0.020190543089786073,-0.020863439765121308,-0.017564960092984295,-0.017969244295950218
1999-06,0.01168278827086662,-0.0035450113576342406,-0.0020879425208498886,-0.0026468187334320005
1999-07,-0.019027530557482422,-0.01790399667894362,-0.014368282647817551,-0.015315532067258717
1999-08,-0.0037980744851258044,-0.001807751745561554,-0.000843675641455675,-0.0011284956335761507
1999-09,-0.0018174778400750122,0.0060785904380681495,0.005585246175947167,0.0058189474760244955
1999-10,0.05803259430643562,0.07812282210201214,0.06577013989408147,0.06926998574670823
1999-11,-0.0211793184441191,-0.009025431836656309,-0.003954909680650787,-0.007520008217463757
1999-12,0.0288258890072201,0.010780887555705172,0.008226238134995895,0.010019876176629876
2000-01,-0.02546443687926439,-0.01700849450756706,-0.008834085728826024,-0.014490638228686296
2000-02,0.032863183924597285,0.03653349340128549,0.022252101782505272,0.03268971207765012
2000-03,0.020099200240370638,0.014745047974426169,0.010368804869911081,0.01354690238182798
2000-04,-0.03900920880293224,-0.03000907482181468,-0.013980119185339885,-0.025881206931159553
2000-05,-0.0236011586951236,-0.018665841594610367,-0.0066353794768622704,-0.01584184304108852
2000-06,0.041893510882379775,0.03840189635331364,0.02105532900908523,0.03429774134600277
2000-07,-0.013381007895488625,-0.009906642102896284,-0.003148618247149139,-0.008154895878602157
2000-08,0.0420050476337144,0.025604365894042087,0.015621371269852734,0.023145802257602616
2000-09,-0.02715070082033628,-0.017195558868714947,-0.00787534353437301,-0.014536396826711949
2000-10,-0.007645526237415421,-0.009929477212968232,-0.002893915655877338,-0.008076392925947406
2000-11,-0.03209719874669159,-0.029991192565848233,-0.01943684486476645,-0.025806851405324824
2000-12,0.024365231558263218,0.022586622764905535,0.016885663172588362,0.02049043999423411
2001-01,0.011140640207688748,0.00487913780182602,0.005033550786023396,0.004942462469175445
2001-02,-0.04555309329750257,-0.02752793773028512,-0.016260499785575235,-0.023791387183307776
2001-03,-0.02398699820798641,-0.02042774710050004,-0.012855201062579707,-0.01748906872948652
2001-04,0.026003815652748674,0.014601690963422618,0.010983232539751045,0.013326233729337262
2001-05,0.01254542848459767,0.018137619510120277,0.01447417497911164,0.016356293374397812
2001-06,-0.009499747740188387,-0.006242505949582662,-0.004354165581620697,-0.005164012447507137
2001-07,0.0026817842797421305,0.0019358104237235173,0.0020031377347601567,0.0020621097152609745
2001-08,-0.011670425328988446,-0.008213600436635547,-0.006644970419456384,-0.0068642691185534345
2001-09,-0.02720746722753312,-0.00849714185834715,-0.006869200676038054,-0.0071492621116583934
2001-10,0.020485590571348744,0.018225042135934084,0.014503932759028594,0.016314157934323496
2001-11,0.02651367553591738,0.006083139476682885,0.00538590188341345,0.005560328410310434
2001-12,0.004492183057617018,-0.00031259952030464376,-0.00012533652851033552,-9.627369599626137e-05
2002-01,-0.001360083211066388,0.004312262704448287,0.004088694130910557,0.003965034776597884
2002-02,0.003612006111271049,0.015641427929179566,0.01495806441450101,0.0139308092429968
2002-03,-0.0012529726289700572,-2.8578692560401117e-05,6.239629685160863e-05,0.00012934474222040885
2002-04,-0.008800777984496314,0.0027801355283210384,0.002715241182143086,0.00262740814022579
2002-05,0.004262243044354673,0.010189644599159952,0.009301568923773445,0.009141229668331455
2002-06,-0.026362341730725748,-0.00912889244748121,-0.008175368506286662,-0.007885029688087342
2002-07,-0.027096486596120635,-0.024553108720805936,-0.02077722310051146,-0.021445271193231318
2002-08,0.015774620195721376,0.010110251991842203,0.007497635979325725,0.009069576196162875
2002-09,-0.01945699432272971,-0.009135492496266337,-0.006654607201572766,-0.007878303083365165
2002-10,0.012122961920038708,0.017311379367543147,0.012875501410188893,0.015414024292314364
2002-11,0.026713841457653542,0.015655614277398814,0.013454162386539256,0.013931941630208238
2002-12,-0.012456290587861884,0.006540307075233141,0.006018728138442706,0.005891889622285823
2003-01,0.0027355928167916285,0.013286920243938169,0.01047620070589494,0.01182121172034299
2003-02,0.00670424736479465,0.004924388524945691,0.0041275423961737515,0.004444328720790469
2003-03,-0.009868593553597224,-0.01500209979974561,-0.014129200750488938,-0.01309363330634238
2003-04,0.02631984107268639,0.014295219032505628,0.012338768797917532,0.012709510840193904
2003-05,0.06000593108042769,0.06446045904809425,0.06436445382238343,0.05687982285366413
2003-06,0.0005844909747187073,0.0012848312932939186,0.0010531122097422485,0.0012482866938792378
2003-07,-0.01886929628399031,-0.020825929330604207,-0.01833253716158566,-0.01825846381235613
2003-08,0.015384472880009905,0.018826435835312745,0.017131199061046452,0.016666045523895646
2003-09,0.03260554196170328,0.028243341193527435,0.026681042778145477,0.024968836759486652
2003-10,0.010322848212453533,0.01171438786445497,0.010341432985157436,0.010399657637381635
2003-11,0.018366153485901045,0.015315921049277505,0.01441244983519943,0.013572990926501563
2003-12,0.03449854839785327,0.032163381222735085,0.03121242496062974,0.028422223830698486
2004-01,0.017636807911321307,0.017260836355053964,0.01695670574953461,0.01528340315102584
2004-02,-0.004283687677402564,0.003376992834390163,0.0033617264190414645,0.0030446909303431394
2004-03,0.0018705850178987416,0.0021782888227773805,0.0021782888227773805,0.0020258184865683446
2004-04,-0.02252281495458103,-0.025661427244048723,-0.025661427244048723,-0.02250534828306215
2004-05,-0.02293893437250443,-0.013748882518151657,-0.013748882518151657,-0.0120355146635044
2004-06,0.012757953706711192,0.015696426302332325,0.015696426302332325,0.013919730743028715
2004-07,0.0036201346286233046,-0.00358149418663959,-0.00358149418663959,-0.0030360857295877427
2004-08,0.017708102504884624,0.014290978502804126,0.014290978502804126,0.012717827569898518
2004-09,0.007757335308042314,0.009892755379670656,0.009892755379670656,0.008844919143436807
2004-10,0.0170645812395949,0.02102227411880492,0.02102227411880492,0.018645476652051615
2004-11,0.02622565668608729,0.02354510675885004,0.02354510675885004,0.020915704358084642
2004-12,0.018730144797431285,0.018607882599999452,0.018607882599999452,0.01657773603625082
2005-01,-0.011796490875181713,-0.018353866923924968,-0.018353866923924968,-0.015973350642851436
2005-02,-0.003181746215489395,0.0012914596068522354,0.0012914596068522354,0.0013268814145087865
2005-03,-0.006288336313938692,0.0004017574547850943,0.0004017574547850943,0.0006043016006260679
2005-04,-0.004782809118816117,-0.002839205529064935,-0.002839205529064935,-0.002250089696762219
2005-05,0.019235741347415652,0.014364736111900612,0.014364736111900612,0.012937333196816184
2005-06,0.010327244151290053,0.01252460824652823,0.01252460824652823,0.011305061730009412
2005-07,0.013082849131198504,0.00046028941878270975,0.00046028941878270975,0.0006916369690506822
2005-08,0.008219888606677998,0.016199735530955106,0.016199735530955106,0.014625305334818126
2005-09,0.01804988081036868,0.00884201468163234,0.00884201468163234,0.00813281369437935
2005-10,0.008406760933578094,-0.0005407629188697084,-0.0005407629188697084,-0.00015424178294618518
2005-11,0.02183160206365593,0.021392349035950237,0.021026153150823762,0.019210579526719923
2005-12,0.016614906071526755,0.02722066443776281,0.02721281101157596,0.02435626417071904
2006-01,0.0481364936330243,0.034903466847643554,0.034903466847643554,0.031157813482980936
2006-02,0.005088338732843876,0.003866421976620072,0.003840414292123697,0.0038092116689327923
2006-03,0.0005017650181175212,0.0005392194486137607,0.0005213552248478662,0.0009162140121630642
2006-04,0.05045395935012309,0.031885127226643745,0.03143632604316774,0.028511708753591984
2006-05,0.047450109902147125,0.024561545760671287,0.022133828731994494,0.02214476560621348
2006-06,-0.06266916465993207,-0.03825369947392239,-0.034765838359640484,-0.03321411522662988
2006-07,0.02046793322828617,0.025520865982983743,0.017904792301120766,0.022954295851172486
2006-08,0.010860563307884099,0.015530360399815984,0.011702838594333631,0.01417889239014297
2006-09,-0.022228477163760023,-0.007001272090493532,-0.003754014776993095,-0.005677208562411476
2006-10,0.011515154440596784,0.0074513242623137094,0.006371541756699626,0.007051646617888824
2006-11,0.034270282235162694,0.03618659162074093,0.025824964823182937,0.03237157461014475
2006-12,0.0025036005271853643,-0.0001002728810081919,0.0013090106928964598,0.0003886954865214039
2007-01,0.007502486630191386,0.004773103804991188,0.004628600340699634,0.004728891596897349
2007-02,0.026069562469523595,0.02114397597378567,0.016150109737737357,0.019075326439547867
2007-03,-0.003219865791247952,-0.002336504124245219,-0.00021185608127570688,-0.0015455981561623715
2007-04,0.03138078764384451,0.027119638748537497,0.01950965147159801,0.024409582517776272
2007-05,-0.005953150739728838,0.0005137157799660028,0.0013724513891422512,0.0009398794046469197
2007-06,-0.01291592436878051,-0.012711255537749946,-0.010102317390657862,-0.010718175311748726
2007-07,-0.010025023211852713,0.0014202975158655149,0.0013095458401975156,0.0017268114502650056
2007-08,0.013214317091358582,0.012170882029668666,0.011530648937306964,0.011220269362534079
2007-09,0.033157386721561335,0.03579712705091229,0.02988133190477345,0.031909173436945985
2007-10,0.03449581222856291,0.030830238612207888,0.027809182932441757,0.027532645931079548
2007-11,0.008246250239183447,0.022698636573780122,0.02069722123934503,0.02039678069357152
2007-12,-0.0048319914040874275,-0.004076504774854427,-0.0027182478811426844,-0.003269010300243136
2008-01,0.00039824792947185545,0.027010599356421767,0.024063221449075203,0.024039244550419753
2008-02,0.0039454575387794,0.006944538366785395,0.005803740173198571,0.006270270116441256
2008-03,0.016909120845119686,0.017240144409801574,0.015092701751561676,0.015386414341380121
2008-04,0.0011946670195677638,-0.01183053811504793,-0.00993874769337258,-0.010204828304261416
2008-05,0.001055993297143492,-0.0076851069785371035,-0.0067469698344292135,-0.006554207073507616
2008-06,-0.039722525899211,-0.02452932168298638,-0.022559962629399338,-0.021401193492693784
2008-07,0.00822336751321781,0.0181927929437178,0.014580902009270178,0.016202843909778112
2008-08,-0.03691650641212615,-0.02483733748869553,-0.01971165424722056,-0.021719918332537735
2008-09,-0.04862212345389543,-0.033787283459287346,-0.02360464163500257,-0.029578296324288895
2008-10,-0.061146721595985255,-0.06960090327848874,-0.03896094621531705,-0.06120258264310715
2008-11,0.011902795810794257,-0.012868623689170557,-0.005651679306691193,-0.011294794253401366
2008-12,0.04708198713143407,0.05078877044416921,0.02282622157219321,0.0447302166994704
2009-01,-0.03893436852067467,-0.026525250928510876,-0.011934356089955573,-0.023363332765984804
2009-02,-0.0033437713776039908,-0.004694200821038332,-0.0020677274275319483,-0.00412220248138124
2009-03,0.023310621755155962,0.03307109372469716,0.015467354529636476,0.02915051253450867
2009-04,0.0003881412863738046,0.00969100578367441,0.005140404462940349,0.008548005195449206
2009-05,0.019283325536062847,0.024182512782231456,0.01467266300759956,0.02129847299964903
2009-06,0.004035642022226331,0.006809450792282237,0.00411258676327208,0.006007468620764432
2009-07,0.013536360382667307,0.022854546114429438,0.014333387512604797,0.020140544747854174
2009-08,0.018840015786105307,0.020769484745182913,0.014116905177382377,0.018304871421698867
2009-09,0.031677653494438365,0.03394840386014603,0.026052618698057712,0.02991190951574998
2009-10,0.017098960229924895,0.00506673511227123,0.004013940633698924,0.004460061312784517
2009-11,0.04726847946268817,0.05215119841945284,0.03760343428379906,0.045930967990177096
2009-12,-0.00038389624057612483,-0.004843401053461108,-0.004017077395713057,-0.0042573866472342264
2010-01,-0.01570425609423769,-0.009052779937542362,-0.008182095136471439,-0.00797267159528073
2010-02,0.0003620316665918438,0.005986089262272298,0.004976338071233663,0.0052714906478727565
2010-03,0.023198675320013684,0.021219511482442728,0.019462501931512496,0.01870072556851091
2010-04,0.025347840033366972,0.02261392565044284,0.02256218440172754,0.019929307970525476
2010-05,0.012032072193905072,0.0015978837428571825,0.0015978837428571825,0.0014191815438417568
2010-06,0.008376934896080377,-0.00021752664469143197,-0.00035143115128877966,-0.0001797158199743483
2010-07,-0.0013598376286192272,0.013930582100225304,0.010396862654015236,0.012280981623863579
2010-08,-0.004315757843377712,0.005005641110064878,0.004233912498985577,0.004420950550540308
2010-09,0.04526676142594303,0.04585416028734323,0.03722994761236589,0.04039675038079189
2010-10,0.038792990766410206,0.029339607008255202,0.027223640258949525,0.025849482378632514
2010-11,0.009923450555627423,0.004502058784604762,0.004465549470728464,0.0039749505941120014
2010-12,0.023093777161158187,0.014926677263458235,0.014926677263458235,0.013157945777069906
2011-01,-0.005119461730595016,-0.0032453585417367755,-0.0032453585417367755,-0.0028474151290715376
2011-02,0.020828425932702344,0.01624183089235655,0.01624183089235655,0.014316441181051036
2011-03,0.016312872359938224,0.012720467878565057,0.012720467878565057,0.01121573046239578
2011-04,0.03224927595729286,0.02839638499406225,0.02839638499406225,0.025009451096757736
2011-05,0.013880437109341134,0.011534758283721228,0.011534758283721228,0.010157011422933553
2011-06,-0.00013405990331039197,-0.005103981612180334,-0.005103981612180334,-0.004495634522270593
2011-07,0.020313806892929654,0.012947790686561904,0.012947790686561904,0.011403479714311413
2011-08,0.06539110136011902,0.03775224699203146,0.03775224699203146,0.033260882602845286
2011-09,-0.004636233777310194,-0.012966072285666257,-0.008454058973572326,-0.01142112932053995
2011-10,-0.011067104228584016,0.010922174762354353,0.006981375821059257,0.009619967380178165
2011-11,0.024042186960457273,0.01691039057194941,0.014451928740445794,0.014893738739259626
2011-12,-0.02463892813749837,-0.0102168227003474,-0.00838976461758591,-0.008998271451280643
2012-01,0.026404023031843353,0.021975660884370918,0.02020923686814341,0.01935460212052203
2012-02,0.0386629974647672,0.029080854556018745,0.029024478112862497,0.02561301751140274
2012-03,-0.013317538880559808,-0.009631896910475364,-0.009631896910475364,-0.008485133574527893
2012-04,-0.005807447211965523,0.0007641998525482282,0.0007087083247867617,0.0006727436193050716
2012-05,-0.03633916917042432,-0.021167077781797924,-0.01922756157411674,-0.018630442085724477
2012-06,0.012279377334930846,0.013047281570069137,0.010915571389117838,0.011489651435596354
2012-07,0.00529438757695185,0.006934771870296058,0.005703122026447291,0.006108075422207805
2012-08,0.019139400842367593,0.014610826850861857,0.012385966017310701,0.012880076665723491
2012-09,0.041532122168059495,0.030646015010248436,0.030510296605122285,0.027001690179377126
2012-10,-0.006653422478227219,-0.007138253695981261,-0.007138253695981261,-0.0062752318667920704
2012-11,-0.0011708117742364676,0.0013753844312325504,0.0013753844312325504,0.001223526129921937
2012-12,-0.003317400758936281,-0.0075858570786554395,-0.0075858570786554395,-0.006669145847649077
2013-01,0.02277892117200821,0.00931825719848563,0.00931825719848563,0.008206584907681587
2013-02,-0.0009759529013602266,-7.094594989002728e-05,-7.094594989002728e-05,-6.21877185995307e-05
2013-03,0.016339254002503963,0.0074066319941927024,0.0074066319941927024,0.006523223222352587
2013-04,-0.004807020927929208,-0.011126381377091247,-0.011126381377091247,-0.00979906978949568
2013-05,-0.01008955700291848,-0.020434462445360815,-0.020434462445360815,-0.01799714050009467
2013-06,-0.02523222745459121,-0.03064370664599391,-0.03064370664599391,-0.02698940105617867
2013-07,0.018980443143427846,0.0030513647628282094,0.0030513647628282094,0.0026866738742504412
2013-08,-0.003008923069873193,0.0035852814589924045,0.0035852814589924045,0.0031577490432568595
2013-09,0.014000643024587565,0.01661071563468751,0.01661071563468751,0.01462949706776446
2013-10,0.002374181302880159,0.008740831224442865,0.008740831224442865,0.007698834837556665
2013-11,0.0012864369428334387,-0.004500413027648523,-0.004500413027648523,-0.003963526229430284
2013-12,-8.835780926252495e-05,-0.01222545706695466,-0.01222545706695466,-0.010767438635910304
2014-01,-0.0046643637393334915,0.006431464545370468,0.006431464545370468,0.0056639743295979535
2014-02,0.033143932075887714,0.03154570927283035,0.03154570927283035,0.02778292706557236
2014-03,0.00887477717211397,0.00937183892966979,0.00937183892966979,0.008251832000807561
2014-04,-0.00834110291364119,-0.007603230146297042,-0.007603230146297042,-0.006696385144288115
2014-05,0.014728637095628027,0.010786407416240753,0.010786407416240753,0.0094998957042804
2014-06,0.009420391727981722,0.005302599986737574,0.005302599986737574,0.004670129722659219
2014-07,-0.005464747672094397,0.0008112469736430884,0.0008112469736430884,0.0007146645161278127
2014-08,0.01547935008777068,0.017508976700971745,0.017508976700971745,0.015420632396357917
2014-09,-0.021863235609800708,-0.025778263817374112,-0.025778263817374112,-0.022703663877718307
2014-10,0.01559131838908016,0.00999728222589413,0.00999728222589413,0.00880491853486858
2014-11,0.011107693222426506,0.001377521415598705,0.001377521415598705,0.0012132029142853185
2014-12,0.004590887362257081,0.008080185316564195,0.008080185316564195,0.00711643547443216
2015-01,0.007975304418008585,0.01899868908024989,0.01899868908024989,0.01673265544160078
2015-02,0.02176974037642859,0.00492142927112721,0.00492142927112721,0.004333719814137964
2015-03,-0.011150191640603813,-0.014424087459161416,-0.014424087459161416,-0.012703533849052276
2015-04,0.003744499914333517,0.004867554175293967,0.004867554175293967,0.004287014395596946
2015-05,0.006139998679368375,0.0030506208019147898,0.0030506208019147898,0.0026864201006759794
2015-06,-0.015826085815015156,-0.0159570112247304,-0.0159570112247304,-0.014053670902328806
2015-07,0.00451180133081317,-0.004910936166663361,-0.004910936166663361,-0.004324862273221295
2015-08,-0.03203767818247708,-0.022736791973719025,-0.022736791973719025,-0.0200248978876121
2015-09,-0.003532767777923452,-0.0030589646228378147,-0.0027903970940347683,-0.002693244243706573
2015-10,0.03888263354585857,0.03350150030254768,0.03066692954349235,0.029505798497356465
2015-11,-0.022137704858106864,-0.019994370288465037,-0.019250708964471994,-0.01760912474037051
2015-12,-0.01355534956757491,-0.011389462671335056,-0.011404462633450223,-0.01001901183894304
2016-01,-0.004934592839682377,-0.0017800535760006504,-0.0016565270286510426,-0.0015554023094458327
2016-02,0.024199475259941722,0.037383820666106335,0.030440532334850244,0.032948879341831584
2016-03,0.037231198556219695,0.03496774593753776,0.02808283734259308,0.030820745716339304
2016-04,0.002365204560606373,0.001267656135916645,0.001071673396276822,0.0011259567461936746
2016-05,0.01326885265664875,0.011268178388714502,0.01001345429583892,0.009936160634672873
2016-06,0.0098161611306238,0.015155244049711636,0.013690039415458165,0.013370710312686931
2016-07,0.03487786514332144,0.03045954538899608,0.026032242612965807,0.026851427201681988
2016-08,0.0007647781775536443,-0.0008203426981124673,-0.0008437365967991557,-0.0007007564783854414
2016-09,-0.003287540399407625,-0.0024423490602632518,-0.0023578365066420663,-0.0021271180671008985
2016-10,-0.027707292893680593,-0.02848762520570345,-0.026425821461996544,-0.025065973624414477
2016-11,0.008364084590590916,-0.006429535148500131,-0.005691540550259906,-0.0056506999474646175
2016-12,-0.005187633128451665,-0.0173860651353641,-0.015785792263039503,-0.015276807297498531
2017-01,0.016761896199482693,0.017325424749583724,0.01538412363758558,0.015306756791106945
2017-02,0.03052536043193802,0.02702127167866192,0.023352855570824272,0.023844894231179813
2017-03,-0.001007931804656903,-0.0006682375759794121,-0.0007890176496834708,-0.0005546011732501118
2017-04,0.013902089487550881,0.017415913216806148,0.017415913216806148,0.015398273495959926
2017-05,-0.004696814464803951,0.0012322344252530485,0.0012322344252530485,0.0011568108127402784
2017-06,0.0037768088958703054,0.004239806247225518,0.004228700718811081,0.0038056758853393753
2017-07,-0.0008625276800165002,0.0013443265816038494,0.0013463662260070795,0.0012672185671617326
2017-08,0.013149246269720085,0.019259181294661344,0.019259181294661344,0.017069431412480282
2017-09,0.017337552846868585,0.011062311351819239,0.011062311351819239,0.009849950932726304
2017-10,-0.004874584084513497,-0.0016249222781437157,-0.0016249222781437157,-0.00132449059636463
2017-11,0.01676872304761323,0.01065864965689692,0.01065864965689692,0.009482699562718008
2017-12,0.0039089368872368205,0.00039703573422772876,0.00039703573422772876,0.0004573543710510383
2018-01,0.03643423395797954,0.02807386091605391,0.02807386091605391,0.024856616782335406
2018-02,-0.01680572149695483,-0.015329924123214926,-0.015329924123214926,-0.013372210435108067
2018-03,-0.00865797793057458,-0.004413444527237192,-0.004171082083612146,-0.003743305157970376
2018-04,-0.0028729818037635238,-0.0013461620579751992,-0.0010210156567929327,-0.0010190081051251224
2018-05,0.011580779209589857,0.0055917649722250886,0.005101264770279877,0.005091996289970649
2018-06,0.00010729396762265657,-0.0030818031019324323,-0.003173047726069684,-0.0025472566636331496
2018-07,0.007678042347599189,-0.0025902488461267644,-0.0025902488461267644,-0.0020904617951789245
2018-08,0.012554273262645705,0.005994253356973087,0.005994253356973087,0.005470004954747491
2018-09,-0.005163806073077007,-0.005027674750888072,-0.005027674750888072,-0.004249114530108032
2018-10,-0.015568583758196025,-0.022114232191120218,-0.022114232191120218,-0.019249530014664194
2018-11,0.013548417967189162,0.012757254095965091,0.012188509672063362,0.011451311061535359
2018-12,0.005417806689863869,-0.013222666202761553,-0.013267673528827477,-0.011418952306710502
2019-01,0.03039488969993352,0.04222982698454623,0.029081398695507417,0.03744405581493487
2019-02,0.021762426015792917,0.01705202087923934,0.01526071166234452,0.015234131405416617
2019-03,0.001649322486558513,0.009606951046651449,0.009519337404984568,0.008686649162663799
2019-04,0.01738889662878259,0.007832956853723724,0.007832956853723724,0.0071491585344169075
2019-05,-0.02706071118931081,-0.011243754053194716,-0.011243754053194716,-0.009652022783598826
2019-06,0.03814458477039044,0.04811222414257887,0.04811222414257887,0.042588956468352916
2019-07,0.024161166694709555,0.0179197660892569,0.0179197660892569,0.016005849820405316
2019-08,0.03328801729870593,0.029019541884181026,0.029019541884181026,0.02574911491108137
2019-09,0.006160714148976816,0.002665115662383864,0.002415157114495987,0.002560892618724252
2019-10,0.004654871371960629,0.0040241680420075926,0.0038876211440452254,0.0037230398774571764
2019-11,0.014512845266639717,0.005688185693804794,0.005688185693804794,0.0051529524580267135
2019-12,0.013738194143740586,0.0077874185523905785,0.0077874185523905785,0.00702571945438842
2020-01,0.030572527421975953,0.03161264782378332,0.03161264782378332,0.027997392379842192
2020-02,-0.006429561826068035,-0.006831487635636572,-0.006831487635636572,-0.00587465449370798
2020-03,-0.045479282420753685,-0.031234809135485767,-0.02883181827486514,-0.027365900606646648
2020-04,0.0555546989716207,0.06643817310383227,0.04017666844247483,0.058515296630317445
2020-05,0.028391240455584513,0.02495859861279695,0.017220207732252676,0.021995612319472994
2020-06,0.014983798640119853,0.0111523191254638,0.006941399738238685,0.009834889349838297
2020-07,0.052274126908125836,0.045309164049009545,0.027744048206590932,0.039917321285105486
2020-08,0.05476403443711105,0.04216996979845541,0.03376988259308367,0.037149036704301794
2020-09,-0.022768917434203746,-0.018931385110942764,-0.019078587246794725,-0.016664437563569584
2020-10,-0.01862240585449266,-0.016537736250534056,-0.013669569896572519,-0.014554637061170382
2020-11,0.057216180165157005,0.03707481674259323,0.029739323590277093,0.03266473855490336
2020-12,0.017871977148593895,0.011375404400440643,0.010088061601315803,0.010031585367962831
2021-01,-0.0020088487204314113,-0.004002307825775034,-0.0037485240909733053,-0.003524575374552479
2021-02,-0.009943500182186718,-0.0109977605803678,-0.009983504599858688,-0.009685745323006364
2021-03,-0.0022471946850462733,-0.014725121246211989,-0.012786347563988505,-0.012969174001953597
2021-04,0.02655386929749673,0.027830921645553005,0.020958945051653247,0.024510986963071642
2021-05,0.029313237731313013,0.020626102585087864,0.017670641003652433,0.018166891165648888
2021-06,0.004695669689541995,0.010835849035294184,0.008735791781941928,0.009543379714402934
2021-07,0.0023404882999957873,0.006462460732923126,0.005654796460015255,0.005691648497325741
2021-08,-0.0023496135899103553,0.004033679250026584,0.0036860471321068103,0.0035525612364264458
2021-09,-0.01864267430853907,-0.022918176377560922,-0.022980627202864833,-0.020184530464953346
2021-10,0.01215344087187613,0.021965177725818866,0.021349376737094916,0.019346191434484076
2021-11,0.013510660782982211,0.007262596481696349,0.007254412050797435,0.006397057688276449
2021-12,-0.004808282309839268,0.0025734596613400345,0.002477508865181763,0.0022781765583922606
2022-01,-0.029909906587868452,-0.023435437030131453,-0.021380994872632873,-0.0206401482219162
2022-02,0.0051828894946193416,-0.0009973044018679713,-0.0008880769755937367,-0.0008781975362951303
2022-03,0.01787894509145065,0.012884081214568825,0.01011224821959961,0.01134736422441199
2022-04,-0.03478869131672596,-0.04891831333231602,-0.03977277175931923,-0.04308463256898613
2022-05,-0.008618552982074874,-0.01426841161238271,-0.009269865321205493,-0.012529982977668656
2022-06,-0.03208465908004323,-0.03289149014418203,-0.021650965202836374,-0.028896834782904654
2022-07,0.025090259667409503,0.023038634295032806,0.013053782162403283,0.020387507007325063
2022-08,-0.02767575275544173,-0.01863751396231909,-0.0138527532711313,-0.016188096095065045
2022-09,-0.06116735698442371,-0.06407341097000009,-0.0437252525892142,-0.05620452393906438
2022-10,0.009159021600182744,0.0173324813170114,0.010573718296593038,0.015542114177422944
2022-11,0.04173269516464327,0.04132924179142498,0.02786386925971874,0.03674613952309717
2022-12,-0.0023448360677929625,-0.010488169392457187,-0.0052421041204859355,-0.008842698321950396
2023-01,0.053184018263523924,0.05274479651425019,0.03357337221288006,0.046871301851895586
2023-02,-0.024031150066601788,-0.024885536309028806,-0.015961156679336053,-0.021515189973235486
2023-03,0.031395196682716474,0.03318649772293861,0.022753528996847072,0.029658153949110807
2023-04,0.02700614627438988,0.020468166836146003,0.013656107849627721,0.01844495550883002
2023-05,-0.002142109844893112,-0.0035704522143522287,-0.0016388113855126303,-0.0027152448281524584
2023-06,0.003826589886032287,0.011029329732913313,0.00903360354160141,0.01019067570628549
2023-07,0.016416384871787724,0.010253617033333861,0.008864685292900831,0.009567582122323018
2023-08,-0.01626569416312734,-0.013980308715412618,-0.011088026362771461,-0.01177592087091961
2023-09,-0.036059365815286716,-0.028547968485452418,-0.021848532505780824,-0.02463140339093342
2023-10,-0.018185492810647044,-0.015208588163554332,-0.012486095013620677,-0.012833960166512408
2023-11,0.06842861978252272,0.05780280596709809,0.044579737473300116,0.051433336010956114
2023-12,0.033889116819158044,0.03918595189083717,0.03167317085322576,0.03502666290968671
2024-01,0.005317397818045624,0.0034014519036272687,0.003648758270820382,0.003556284491586882
2024-02,0.02120107762636693,0.010647139645441955,0.00982678358267155,0.009878262290241076
2024-03,0.034930100438941146,0.03563803409928762,0.03138275291794987,0.03190046819332434
2024-04,0.02063810548346577,0.0011003707207173793,0.001488103583535311,0.0015292013658190146
2024-05,0.02102749625858167,0.024758112258793246,0.019653178127525296,0.02232996806083393
2024-06,0.011200187542125203,0.012382645818757173,0.011293574739948322,0.011395417233102584
2024-07,0.025027607724918112,0.02435419269243191,0.022347985050320276,0.021986114020734908
2024-08,0.0249835659970814,0.022965023693635393,0.020227253331959294,0.020797739712918185
2024-09,0.029515844402021353,0.024509549767341442,0.019028465732196267,0.022063311511444857
2024-10,0.015738876206379013,0.0018897860812326969,0.0021644502429479843,0.0021295260808181856
2024-11,0.012757950721800864,0.021975485443918315,0.018783842713233134,0.019831507560066956
2024-12,-0.020798978760658244,-0.019116246493880336,-0.014689897440975519,-0.016394337997901666
2025-01,0.022878853292781547,0.0196298066880308,0.01581374773499675,0.01772984929424198
2025-02,0.03413011556774522,0.02608360042831306,0.022123996445845992,0.023365028445124003
2025-03,0.0014648978157520607,-0.00862546138142732,-0.006124106192960947,-0.00719201805446359
2025-04,0.043575069615235135,0.027373168980211728,0.019640865720534386,0.024526224754704198
2025-05,0.030370231353226678,0.025642274129713535,0.016908121973210056,0.023036992953312727
2025-06,0.029249006365201734,0.027519056939242028,0.021716214940754194,0.024640768357286732
2025-07,0.00570427324647185,0.004145072987777217,0.003956882637035025,0.004056990164600416
2025-08,0.013376436872920523,0.015144115802710235,0.0144925645920856,0.013791098282613483
2025-09,0.05864915694206613,0.045140767651819756,0.041316009305938074,0.04015037878680976
2025-10,0.0647384297326525,0.04568083914324055,0.045634412009788655,0.04067354811377695
2025-11,0.006418213722909672,0.006481941226874069,0.005684045587842553,0.00606646174837879
2025-12,0.02686796221412466,0.014859974828349783,0.013079742727569746,0.013492989290640465
2026-01,0.05779514122967722,0.03777413374395007,0.03401564990089801,0.033626495831063266
2026-02,0.034672230849090935,0.02475655788452266,0.023065138200299665,0.02213757820869342
2026-03,-0.03517332175926793,-0.03491872591493221,-0.031025122751126535,-0.030408799026771977
2026-04,0.0469330183064784,0.023397315171188027,0.017132895186546968,0.020951867711244195
2026-05,-0.0037967935888043895,0.007781049386178938,0.0068458497011709175,0.007223314725904056
2026-06,-0.030962354826078856,-0.027221046729168724,-0.020801677902288988,-0.023628280855145345
2026-07,-0.015520578799245831,-0.02005544667070618,-0.012216244068782996,-0.01726965586224815
2026-08,0.0449508859845626,0.03846683710199701,0.026376401533138638,0.03422389028759218
