,enet,rf,gbm,mlp,ensemble,hist_mean,regime_rf
1989-12,0.005587818056269251,0.014874457948256226,-0.014221306445378718,0.009220794121145282,0.0038654409200730108,0.004908178537883841,0.01292850081780331
1990-01,0.004668089401820648,0.007640654250479748,-0.008213170912465574,0.031247980670113952,0.008835888352487194,0.004908178537883841,0.006684120833365323
1990-02,0.005049562076664945,0.0125728080462864,-0.006092912234805104,0.02097508932877802,0.008126136804231066,0.004908178537883841,0.010431540745728876
1990-03,0.003222703462711437,0.002128351544502047,-0.00521386733455134,0.004827533314351748,0.0012411802467534728,0.004908178537883841,0.0036145604456025117
1990-04,0.00344811121377692,0.002940849398822205,-0.009440116218882265,0.00987312031805447,0.0017054911779428327,0.004908178537883841,0.001808091616793394
1990-05,0.004304343624147022,-0.0006448008951328122,-0.009475957401308419,0.0004128630188517243,-0.0013508879133606211,0.004908178537883841,-0.0015177630851688734
1990-06,0.0035038173754053815,-0.0014948880744271294,-0.01829312064829586,0.01737844320221582,0.00027356296372455305,0.004908178537883841,-0.0035437025054298357
1990-07,0.005396608298487438,0.010474460777508304,0.0004981428913827052,0.018326591604841517,0.00867395089305499,0.004908178537883841,0.007586208190962518
1990-08,0.006789614557205318,0.029710190561050443,0.04573906173691678,0.023754714482859263,0.02649839533450795,0.004908178537883841,0.029305474942976126
1990-09,0.004259768578792061,0.001777020177682185,-0.0011092585300442506,0.0076769506389745504,0.003151120216351136,0.004908178537883841,0.0014415474934319778
1990-10,0.004128172920195177,-0.001922328278545541,0.007313440532841514,0.005412197381033436,0.0037328706388811464,0.004908178537883841,-0.000154586082329649
1990-11,0.004695865433353518,-0.0006717551228160314,0.0060897209255151375,0.015450978066081065,0.006391202325533422,0.004908178537883841,-0.0007939052143684653
1990-12,0.003489601885999786,-0.00998770523457522,-0.013737751385120452,0.003210454848794362,-0.004256349971225381,0.003939853435914864,-0.008774236147800115
1991-01,0.004092122723109548,-0.0023767465960610025,0.005072130796295207,0.011413824340933215,0.004550332816069242,0.003939853435914864,-9.96183105914498e-05
1991-02,0.00274742293480836,-0.006477493713636635,-0.009780387714944732,-0.0009116235830623791,-0.003605520519208846,0.003939853435914864,-0.005549075028136902
1991-03,0.0036864364357847585,-0.005081783077570965,0.003244280141276501,0.006418051369819421,0.002066746217327429,0.003939853435914864,-0.004419808294196048
1991-04,0.003476562389891469,-0.004002878913802217,-0.0071736169441326695,0.0021134442422745033,-0.0013966223064422285,0.003939853435914864,-0.0012290938453820978
1991-05,0.0036855600929667004,-0.0037754049768982502,-0.012972097150986642,0.004868369656911745,-0.0020483930945016117,0.003939853435914864,-0.003855726038482551
1991-06,0.0042718620769012,0.008633694206344793,-0.010475670978324159,0.00627797422982646,0.0021769648836870736,0.003939853435914864,0.007257194811927829
1991-07,0.0037905859193451347,0.004002191707320649,-0.00954449177237061,0.005438120785552425,0.0009216016599618993,0.003939853435914864,0.004866705954479753
1991-08,0.003118083666102685,-0.01100822751609922,-0.020731775880022407,-0.012710026536287826,-0.01033298656657669,0.003939853435914864,-0.008382203476422446
1991-09,0.0033644805567253043,0.0020935859869415027,0.0031496579271247443,-0.005424551989242451,0.0007957931203872754,0.003939853435914864,0.0023743013277233408
1991-10,0.004284082986615945,0.0030231667824201823,-0.002868261707529092,-0.002778336684274494,0.0004151628443081353,0.003939853435914864,0.003638839984351569
1991-11,0.0037917415968660184,0.004128020252444894,-0.0011333419283506055,0.011908645158184981,0.004673766269786322,0.003939853435914864,0.002856568194692915
1991-12,0.003326418018732526,-0.0022139452569864032,-0.004699850239983499,0.0023560854333589277,-0.0003078230112196122,0.003326418018732526,0.0006347449746331196
1992-01,0.003326418018732526,-0.0012674901270233333,0.016363760443149612,0.01395554574432848,0.008094558519796822,0.003326418018732526,-0.0011572216639354235
1992-02,0.003326418018732526,0.0017277202380175819,0.014222708977552552,0.01728312323429558,0.00913999261714956,0.003326418018732526,0.001544164679851723
1992-03,0.003326418018732526,0.002781387764551597,0.011208029147231484,0.012953408834268806,0.0075673109411961035,0.003326418018732526,0.003941085781149333
1992-04,0.003326418018732526,-0.0023482913364648995,-0.007836912097821952,0.015465549233863785,0.002151690954577365,0.003326418018732526,-0.0019518023736522943
1992-05,0.003326418018732526,0.00265096940073678,0.01482375856387511,0.015106701279526354,0.008976961815717693,0.003326418018732526,0.004815249189372444
1992-06,0.003326418018732526,0.011095692899941546,0.009082160939303882,0.019290831405997508,0.010698775815993865,0.003326418018732526,0.009816343379381719
1992-07,0.003326418018732526,0.0062990694155545136,-0.005599500039740044,0.012167156820134622,0.004048286053670404,0.003326418018732526,0.008547332760553208
1992-08,0.003326418018732526,0.002846924025194332,0.02266757215329428,0.010648975391036597,0.009872472397064434,0.003326418018732526,0.004092023146292209
1992-09,0.003326418018732526,0.0020570839116935053,-0.0004546855581432079,0.013935010482820434,0.004715956713775815,0.003326418018732526,0.002298231474078271
1992-10,0.003326418018732526,-1.579046417202519e-05,-0.0002949155135573974,0.010511757955874296,0.00338186749921935,0.003326418018732526,-0.002049910146942301
1992-11,0.003326418018732526,-0.002102161096475608,0.008694295493408392,0.009881728964597974,0.0049500703450658205,0.003326418018732526,-0.0018210042343324855
1992-12,0.002700063886776092,-0.0019105507392919868,0.0003612907945353249,-0.010790173464535265,-0.0024098423806289586,0.002700063886776092,-0.005320298503310547
1993-01,0.002700063886776092,-0.004054926318796443,0.006261322252524621,-0.0035347571470002556,0.00034292566837600374,0.002700063886776092,-0.005876423034401481
1993-02,0.002700063886776092,-0.0027220696312320438,-0.013615268636403433,-0.0032464290360776694,-0.0042209258542342636,0.002700063886776092,-0.004096967230602564
1993-03,0.002700063886776092,-0.00434124796457151,-0.012810104323202221,0.002440038965068233,-0.0030028123589823513,0.002700063886776092,-0.0060191336157701366
1993-04,0.002700063886776092,0.00653851008813838,-0.005928861552271615,0.01602117973929146,0.00483272304048358,0.002700063886776092,0.0033155411960491135
1993-05,0.002700063886776092,0.0246517763858117,0.025714868434494536,0.02383750195616466,0.019226052665811746,0.002700063886776092,0.02287065664738252
1993-06,0.002700063886776092,0.004842213523593956,0.008238910691721637,0.011545593250782585,0.006831695338218567,0.002700063886776092,0.0031542878066784497
1993-07,0.002700063886776092,0.016540337265204905,0.008306264592325904,0.0029136716231723953,0.007615084341869824,0.002700063886776092,0.012005682979788875
1993-08,0.002700063886776092,-0.001615160430324602,0.007008396697211853,0.00535159865903361,0.0033612247031742384,0.002700063886776092,-0.001172650849155679
1993-09,0.002700063886776092,0.00033918673124481096,0.007383640522756483,0.007106387910414305,0.004382319762797923,0.002700063886776092,0.0014007333827283767
1993-10,0.002700063886776092,0.0070216669807354574,0.009044075004922849,0.022038671297627745,0.010201119292515536,0.002700063886776092,0.0074685452841185525
1993-11,0.002700063886776092,0.009405219700769504,0.0016987483416214626,0.014859920699242794,0.007165988157102463,0.002700063886776092,0.008961395257344197
1993-12,0.0030242861083392427,0.008311425494500847,0.006352249557693672,0.009846352152044437,0.006883578328144549,0.0030242861083392427,0.009222692294563921
1994-01,0.0030242861083392427,0.0033549564797905767,0.005963758062129844,0.004204298555153615,0.0041368248013533195,0.0030242861083392427,0.004815899849213927
1994-02,0.0030242861083392427,0.003963729748755786,0.012162890988105596,0.01747815670233494,0.00915726588688389,0.0030242861083392427,0.004047271534407317
1994-03,0.0030242861083392427,0.00620689928858895,0.013114152123703229,0.01036140478990969,0.008176685577635278,0.0030242861083392427,0.006515226814861143
1994-04,0.0030242861083392427,-0.0018105304928337296,-0.0016006539211776301,0.012339800558308148,0.002988225563159008,0.0030242861083392427,-0.0014965585602151926
1994-05,0.0030242861083392427,0.0022984324778789725,-0.0018143494785621027,0.014716550440438842,0.0045562298870237385,0.0030242861083392427,0.0019873423782786528
1994-06,0.0030242861083392427,0.005315063112892987,-0.0030027174971357577,0.011798871802100536,0.0042838758815492515,0.0030242861083392427,0.0049161546610199894
1994-07,0.0030242861083392427,-0.003268346024241236,0.0024521803995361654,0.008696837039904853,0.002726239380884756,0.0030242861083392427,-0.002978818108386532
1994-08,0.0030242861083392427,-0.0036338900208477388,-0.0014528249386021716,0.013362015749088497,0.0028248967244944574,0.0030242861083392427,-0.0030114086847825767
1994-09,0.0030242861083392427,0.009690588779373397,0.004423623584277441,0.022764157080200638,0.00997566388804768,0.0030242861083392427,0.008951336816705957
1994-10,0.0030242861083392427,-0.0032348884304821343,-0.011086823990987102,0.020254879648788145,0.002239363333914538,0.0030242861083392427,-0.0027771863307356048
1994-11,0.0030242861083392427,-0.0012976164696859608,-0.014607027482082622,0.013034429378882884,3.851788386338576e-05,0.0030242861083392427,-0.001921752472148643
1994-12,0.002705146108887129,-0.007693899140031787,-0.014628174885026018,0.006165819149736721,-0.003362777191608489,0.002705146108887129,-0.005475245852727132
1995-01,0.002705146108887129,-0.007155316006202726,-0.006449826982088987,-0.0005611347094808656,-0.0028652828972213626,0.002705146108887129,-0.004934260061454969
1995-02,0.002705146108887129,-0.006253869097759325,0.005608603639283823,-0.0054044104970118485,-0.0008361324616500554,0.002705146108887129,-0.004137406205932599
1995-03,0.002705146108887129,-0.0030458944737088867,0.003840694921491857,-0.013796305099009606,-0.0025740896355848767,0.002705146108887129,-0.00585950052730567
1995-04,0.002705146108887129,0.009168153356518742,0.008099731223105516,-0.004680023951558178,0.003823251684238302,0.002705146108887129,0.008101172836858224
1995-05,0.002705146108887129,-0.0017333971482164391,0.016254249747009543,-0.01770883472802706,-0.00012070900508670632,0.002705146108887129,-0.0020120662937571513
1995-06,0.002705146108887129,-0.00037481659450848263,-0.003123575257726878,-0.014905506553227267,-0.003924688074143874,0.002705146108887129,-0.0005381641225515781
1995-07,0.002705146108887129,-0.0034917934697689472,-0.01037402199465163,-0.008554294005645953,-0.00492874084029485,0.002705146108887129,-0.0032889867202142314
1995-08,0.002705146108887129,0.0001482529559517692,0.017816314119715633,-0.016666112460732383,0.001000900180955537,0.002705146108887129,0.00044048113747159346
1995-09,0.002705146108887129,-0.001396103364157981,0.002249619947910308,0.001558742925463767,0.0012793514045258058,0.002705146108887129,-0.0009999053898159832
1995-10,0.002705146108887129,0.00413514512488016,-0.0029865301684743545,0.004838902900862191,0.002173165991538781,0.002705146108887129,0.005222469543020815
1995-11,0.002705146108887129,-0.0004965735989403298,0.00490313911981227,-0.005368721810605735,0.0004357474547883335,0.002705146108887129,0.002232766053180689
1995-12,0.0024666280517946387,0.0031695056970404006,0.01376351237276243,0.002146945238645395,0.005386647840060716,0.0024666280517946387,0.004370442168418534
1996-01,0.0024666280517946387,0.004401110338664415,-0.006145742115472239,0.005749751097557711,0.0016179368431361316,0.0024666280517946387,0.005579584721807667
1996-02,0.0024666280517946387,0.0028306773742934293,0.002757340589065744,0.004928914096216935,0.003245890027842687,0.0024666280517946387,0.003196392704976632
1996-03,0.0024666280517946387,-0.00339142137094545,0.004733337566027158,0.016688547787035,0.005124273008477837,0.0024666280517946387,-0.0022841685398193837
1996-04,0.0024666280517946387,-0.004319496117192905,0.004733337566027158,0.0013414952607070446,0.0010554911903339842,0.0024666280517946387,-0.0018754090372545558
1996-05,0.0024666280517946387,-0.0034101445635489162,0.003384581684265116,0.011269126118205462,0.003427547822679075,0.0024666280517946387,-0.0027829673817178135
1996-06,0.0024666280517946387,-0.002089377412099695,-0.0006414740525098557,0.00045586424449793866,4.791020792075667e-05,0.0024666280517946387,-0.0021905049660604363
1996-07,0.0024666280517946387,1.555039394712857e-05,0.004180005084381899,0.004424230651135651,0.002771603545314829,0.0024666280517946387,-0.0006034517780781445
1996-08,0.0024666280517946387,-0.0010584972508549222,0.001746853971727674,0.009831805294134207,0.0032466975167003993,0.0024666280517946387,-0.0017505705458700199
1996-09,0.0024666280517946387,-0.004798478954123781,0.0034490153214825833,0.008509981041153108,0.0024067863650766375,0.0024666280517946387,-0.004078783793194781
1996-10,0.0024666280517946387,-0.002334113926671387,0.0070935567967828515,0.003357134962651293,0.002645801471139349,0.0024666280517946387,-0.0010872947851472705
1996-11,0.0024666280517946387,-0.004247240450223707,-0.0018423409660913868,0.003495373859606732,-3.189487622843061e-05,0.0024666280517946387,-0.003051822333718975
1996-12,0.0020257006212513035,-0.000922896232680212,0.004835398614015587,-0.0013106276149543218,0.0011568938469080892,0.0020257006212513035,-0.0008393574224734818
1997-01,0.0020257006212513035,-0.007170478511393219,-0.010862828117607406,-0.004171862992637679,-0.00504486725009675,0.0020257006212513035,-0.006769831221874532
1997-02,0.0020257006212513035,-0.004499193947567688,-0.009243444753965364,-0.00044725395609044845,-0.003041048009093049,0.0020257006212513035,-0.0054443850315597665
1997-03,0.0020257006212513035,0.0035138692067556297,0.0030611766244272457,0.011465444231884132,0.005016547671079578,0.0020257006212513035,0.0017673405443616112
1997-04,0.0020257006212513035,-0.00883804941005377,-0.005121719058941556,-0.00674133483197799,-0.004668850669930502,0.0020257006212513035,-0.0077626468740461686
1997-05,0.0020257006212513035,-0.0064360483962980644,-0.0018471249025249162,0.010139279700639455,0.0009704517557669445,0.0020257006212513035,-0.004875663290575327
1997-06,0.0020257006212513035,-0.007491147208016115,-0.0063108756640278575,0.004843977978409973,-0.0017330860680956738,0.0020257006212513035,-0.006049448017062569
1997-07,0.0020257006212513035,-0.008709694882030399,-0.006019610775769004,-0.005274235919256244,-0.004494460238951085,0.0020257006212513035,-0.006980912598767725
1997-08,0.0020257006212513035,-0.001120987055939884,0.002263865212002194,0.0003875006204994715,0.0008890198494532713,0.0020257006212513035,-0.00041236548377389615
1997-09,0.0020257006212513035,-0.008341406135072548,-0.002509354616006476,-0.010488207612735233,-0.0048283169356407385,0.0020257006212513035,-0.006041944379124408
1997-10,0.0020257006212513035,-0.0002966647175584393,0.00958135575796114,0.01813686286159206,0.007361813630811516,0.0020257006212513035,0.0013499987877403292
1997-11,0.0020257006212513035,0.0018007778121958745,-0.00688869319128841,0.00855093452377956,0.0013721799414845818,0.0020257006212513035,0.003393062126152962
1997-12,0.0009759082636458499,-0.00889667399272196,-0.008911876267990183,-0.012697163006650733,-0.0073824512509292565,0.0009759082636458499,-0.006234952589923677
1998-01,0.0009759082636458499,-0.007458584062605639,-0.014521567134818359,0.00034460449884715833,-0.005164909608732747,0.0009759082636458499,-0.007088904088592267
1998-02,0.0009759082636458499,-0.002655528799456887,-0.013808751839837244,-0.011176939382965673,-0.006666327939653488,0.0009759082636458499,-0.002216458712474803
1998-03,0.0009759082636458499,-0.009271036373409798,-0.015832598656198568,-0.013552886587379846,-0.009420153338335591,0.0009759082636458499,-0.006918952635709034
1998-04,0.0009759082636458499,0.0023623837124496375,-0.007312377904678456,0.0017812061620767093,-0.0005482199416265649,0.0009759082636458499,0.0027495716404527856
1998-05,0.0009759082636458499,-0.003441606568784678,-0.012647109301921748,0.003967393954085447,-0.002786353413243782,0.0009759082636458499,-0.0025052782128192745
1998-06,0.0009759082636458499,-0.011173630710595303,-0.01961074099159574,-0.008777703107285621,-0.009646541636457704,0.0009759082636458499,-0.009876334147676595
1998-07,0.0009759082636458499,0.004216302833023791,-0.0010031833295315678,0.007578244024356702,0.002941817947873694,0.0009759082636458499,0.004890487436939386
1998-08,0.0009759082636458499,-0.002306061835461283,0.006575873864704348,0.024033438711207184,0.007319789751024024,0.0009759082636458499,-0.000634938291472847
1998-09,0.0009759082636458499,-0.0016161324346920206,0.014150991358052652,0.018066661663821478,0.00789435721270699,0.0009759082636458499,-0.0005730116633758422
1998-10,0.0009759082636458499,-0.0023388188261750276,0.004531968002010713,0.018184180107517583,0.005338309386749779,0.0009759082636458499,-0.0025886166602904948
1998-11,0.0009759082636458499,-0.00861289883572267,-0.008696855583386376,0.009184204426536217,-0.0017874104322317449,0.0009759082636458499,-0.007789829013641224
1998-12,0.0008279587192110716,-0.0043615119464571915,-0.010092804514414347,0.002919005118768582,-0.002676838155722971,0.0008279587192110716,-0.0035240214717956473
1999-01,0.0008279587192110716,-0.007508794550330837,-0.0018560513942460952,0.00355710106092969,-0.0012449465411090428,0.0008279587192110716,-0.007041086399709859
1999-02,0.0008279587192110716,-0.004874964580346388,0.007024215638561297,0.0021793785037330445,0.0012891470702897563,0.0008279587192110716,-0.002598640621603865
1999-03,0.0008279587192110716,-0.006544132301471107,0.005105014619342384,-0.0006298456796379372,-0.00031025116063889693,0.0008279587192110716,-0.005038223880762805
1999-04,0.0008279587192110716,-0.010769858687944557,-0.014048329076243,0.00017107255187596125,-0.005954789123275131,0.0008279587192110716,-0.00927512176963598
1999-05,0.0008279587192110716,-0.006610813667261649,-0.00764456603860517,-0.005481281182093411,-0.004727175542187289,0.0008279587192110716,-0.004572890048788949
1999-06,0.0008279587192110716,-0.011433171790193325,-0.012858335383657639,-0.00884846126000771,-0.0080780024286619,0.0008279587192110716,-0.009583388350957841
1999-07,0.0008279587192110716,-0.006844657297216139,-0.011375589126518834,-0.005389071532702838,-0.005695339809306685,0.0008279587192110716,-0.005755223800610168
1999-08,0.0008279587192110716,-0.0076443843512597745,-0.013932579630643014,-0.006791617314793639,-0.006885155644371339,0.0008279587192110716,-0.006310527764607837
1999-09,0.0008279587192110716,-0.0028633386829444852,-0.012243501487959257,-0.005641684148397616,-0.004980141400022571,0.0008279587192110716,-0.00013725982061897754
1999-10,0.0008279587192110716,0.023176660333736106,0.0376961402079442,0.025376271747849018,0.0217692577521851,0.0008279587192110716,0.024344365343906365
1999-11,0.0008279587192110716,-0.008765424839282627,-0.014970759393552689,-0.0020962721386522712,-0.006251124413069129,0.0008279587192110716,-0.005839531976792144
1999-12,0.0006156972148815534,-0.012020023754242649,-0.01158425760492606,-0.011987474733442381,-0.008744014719432383,0.0006156972148815534,-0.009600898301711675
2000-01,0.0006156972148815534,-0.0035351451804076497,0.0026858711877859867,-0.016210920341096845,-0.004111124279709239,0.0006156972148815534,-0.0018340956459494855
2000-02,0.0006156972148815534,0.006929885879213635,0.001049534985910058,-0.0003722925072475096,0.0020557063931894346,0.0006156972148815534,0.0085262436489347
2000-03,0.0006156972148815534,-0.012221440104011024,-0.007480824429498249,-0.014135140492614988,-0.008305426952810677,0.0006156972148815534,-0.009797562769880808
2000-04,0.0006156972148815534,-0.006448440792658422,0.0002446794313889377,-0.009033780080199486,-0.0036554610566468543,0.0006156972148815534,-0.004599184602502307
2000-05,0.0006156972148815534,-0.005593739014635616,-0.002061710765335301,-0.0006130213109394672,-0.0019131934690072075,0.0006156972148815534,-0.0039609107765520525
2000-06,0.0006156972148815534,0.0056529791865778025,0.0067881962883881266,0.014811155841985914,0.006967007132958349,0.0006156972148815534,0.005544961259680439
2000-07,0.0006156972148815534,-0.004663645424321388,-0.014302324050606125,0.005374993432964201,-0.0032438197067704393,0.0006156972148815534,-0.0036090554919112356
2000-08,0.0006156972148815534,-0.008939582219118293,-0.009885760503481812,-0.004076910865788138,-0.0055716390933766725,0.0006156972148815534,-0.005607083798430212
2000-09,0.0006156972148815534,0.001994187165948632,0.004187196692908572,0.005101341733962586,0.002974605701925336,0.0006156972148815534,0.0037050291816983828
2000-10,0.0006156972148815534,-0.0010215645641651423,0.007788425598580961,0.005788154657807479,0.0032926782267762127,0.0006156972148815534,0.0007527414867160766
2000-11,0.0006156972148815534,-0.003492054015663979,0.006809840174304434,0.013438229055949586,0.004342928107367899,0.0006156972148815534,-0.002669525645975409
2000-12,0.0003072300647715619,-3.742065872934252e-05,0.011216605066873598,0.010426221048755681,0.005478158880417874,0.0003072300647715619,0.0006938377664170799
2001-01,0.0003072300647715619,-0.006114586514631008,0.004445873131592544,0.0018859481578083767,0.00013111620988536855,0.0003072300647715619,-0.005369200922726565
2001-02,0.0003072300647715619,-0.003612743700887926,-0.013238664470084087,0.00837969640955583,-0.0020411204241611554,0.0003072300647715619,-0.003661101970353723
2001-03,0.0003072300647715619,0.0008465575833141604,0.012890520732410522,0.013412346528250572,0.0068641637271867045,0.0003072300647715619,0.0024870519680674492
2001-04,0.0003072300647715619,-0.01028261763612377,-0.0010306897377310076,-0.004476964117327896,-0.003870760356602778,0.0003072300647715619,-0.008682423405584313
2001-05,0.0003072300647715619,0.0028684820988658464,0.0005036723859479645,0.008173823643056107,0.00296330204816037,0.0003072300647715619,0.0033120701088421214
2001-06,0.0003072300647715619,-0.008021164420280624,-0.014153297188616198,-3.771651380941296e-05,-0.005476237014483668,0.0003072300647715619,-0.0058290175015020896
2001-07,0.0003072300647715619,-0.006646507742647164,-0.014764575126087701,-0.0010567961032061513,-0.005540162226792364,0.0003072300647715619,-0.005412903579644185
2001-08,0.0003072300647715619,0.00020593757219198732,-0.01145063193227757,0.013471621519365309,0.0006335393060128221,0.0003072300647715619,0.0012368394864302544
2001-09,0.0003072300647715619,0.008059246944827462,0.03257774257357648,0.014376194612343051,0.013830103548879638,0.0003072300647715619,0.007212872962983143
2001-10,0.0003072300647715619,-0.004553363374294505,0.011661639170659105,-0.004486944836454186,0.0007321402561704939,0.0003072300647715619,-0.004142632927564857
2001-11,0.0003072300647715619,-0.012536416525305287,0.003927340263353408,-0.013151383718625141,-0.005363307478951364,0.0003072300647715619,-0.009995662798397207
2001-12,0.0002486919602555431,-0.007342511172762497,0.008504593264566774,-0.009379026713632587,-0.001992063165393192,0.0002486919602555431,-0.008028436983948315
2002-01,0.0002486919602555431,0.0023411677928926056,0.002213532030596752,-0.009962913402496104,-0.0012898804046878008,0.0002486919602555431,0.0009142612058080238
2002-02,0.0002486919602555431,0.007688633713526547,-0.00021254219124697052,0.0029444948188477936,0.002667319575345728,0.0002486919602555431,0.006973684214299136
2002-03,0.0002486919602555431,-0.007997325291403791,-0.013045367952373172,-0.005958113375728469,-0.006688028664812473,0.0002486919602555431,-0.00842876542690984
2002-04,0.0002486919602555431,0.0055547926060591744,-0.00021254219124697052,0.008785640759935702,0.0035941457837508624,0.0002486919602555431,0.004111721356433012
2002-05,0.0002486919602555431,0.005827123358727664,0.003696328693051498,0.008595661949050138,0.004591951490271211,0.0002486919602555431,0.004920204448906875
2002-06,0.0002486919602555431,0.004942885017555022,0.0019894497746204016,0.01045183579246147,0.004408215636223109,0.0002486919602555431,0.004259736351806509
2002-07,0.0002486919602555431,-0.005606960217369298,0.004459366568664719,0.006297886675414899,0.0013497462467414658,0.0002486919602555431,-0.004017974350798144
2002-08,0.0002486919602555431,-0.005437405006544879,0.001665437337653466,0.007146139937362949,0.0009057160571817696,0.0002486919602555431,-0.0055363331760597805
2002-09,0.0002486919602555431,0.006638444786628489,0.011217964816473323,0.015505547050705686,0.00840266215351576,0.0002486919602555431,0.007013214325992297
2002-10,0.0002486919602555431,-0.00890081096328123,-0.008558820086787216,0.013605267069168031,-0.0009014180051612176,0.0002486919602555431,-0.010739077485377013
2002-11,0.0002486919602555431,-0.007231604645367551,-0.007044668732364724,0.01830059432905153,0.0010682532278936995,0.0002486919602555431,-0.009284727200181942
2002-12,0.0007221451946589877,0.013326251752124872,-0.0012081509569844475,0.009264946431013436,0.005526298105203211,0.0007221451946589877,0.009740337651193703
2003-01,0.0007221451946589877,0.02847297922035253,0.027065613219739493,0.016974290649019074,0.01830875707094252,0.0007221451946589877,0.02733886647429448
2003-02,0.0007221451946589877,0.004042583449739307,-0.005054481734829741,0.00209132471035012,0.00045039290497966844,0.0007221451946589877,0.002777234933221321
2003-03,0.0007221451946589877,-0.0031547487700941683,-0.0010404678821607516,-0.007754221116688487,-0.0028068231435711046,0.0007221451946589877,-0.002908709179546491
2003-04,0.0007221451946589877,-0.00747163846015922,-0.010346965347410244,-0.005716741020293169,-0.00570329990830091,0.0007221451946589877,-0.007370711967023366
2003-05,0.0007221451946589877,0.024859235783848587,0.027950920241225162,0.02129819763567216,0.018707624713851224,0.0007221451946589877,0.02451575133053961
2003-06,0.0007221451946589877,-0.0003064747048911902,-0.007375386566134218,0.003774171553815377,-0.0007963861306377609,0.0007221451946589877,-0.0010465181186726973
2003-07,0.0007221451946589877,-0.0019008040190343649,-0.008565707869695658,-0.004866937251804732,-0.003652825986468942,0.0007221451946589877,-0.0011216551373160785
2003-08,0.0007221451946589877,0.00375474274720549,-0.0005682766809095364,0.0023742127849888123,0.0015707060114859383,0.0007221451946589877,0.0021294076788488775
2003-09,0.0007221451946589877,0.01199690734006206,0.005391700151738572,0.0018404816030209185,0.004987808572370135,0.0007221451946589877,0.009747615030631377
2003-10,0.0007221451946589877,-0.0017033534630526998,-0.005754121102402964,-0.006308554984950764,-0.00326097108893686,0.0007221451946589877,-0.0027091743331858044
2003-11,0.0007221451946589877,0.005734570134954775,-0.0012156920019744145,0.005070260678802438,0.0025778210016104467,0.0007221451946589877,0.003500848616379027
2003-12,0.0012507933456212292,0.009325728265251056,0.004355063519398038,0.0038397509600749126,0.004692834022586309,0.0012507933456212292,0.00877979635100175
2004-01,0.0012507933456212292,0.0035773633655890487,0.0006179735889797203,-0.0012934126538544006,0.0010381794115838995,0.0012507933456212292,0.0046633423582392135
2004-02,0.0012507933456212292,-0.0020683890094626914,-0.009577291621365754,-0.005582009699962698,-0.003994224246292479,0.0012507933456212292,-0.0013088616250936697
2004-03,0.0012507933456212292,0.0027222219365111784,0.00017386739527864501,-0.00048493529249780303,0.0009154868462283124,0.0012507933456212292,0.0024676555045854633
2004-04,0.0012507933456212292,0.002219397914122102,0.0017608540192641164,0.0009248352747169583,0.0015389701384311014,0.0012507933456212292,0.0023092299455528954
2004-05,0.0012507933456212292,-0.0047036951980565294,-0.010484663460701005,-0.001138183974720759,-0.003768937321964266,0.0012507933456212292,-0.004275017530667656
2004-06,0.0012507933456212292,0.0013804081330196201,0.0006627448668373427,-0.002604858154465203,0.00017227204775324722,0.0012507933456212292,0.0006025521740806963
2004-07,0.0012507933456212292,0.005734043386105791,0.0021359567059881135,0.0008844576745751042,0.0025013127780725594,0.0012507933456212292,0.004826630871439309
2004-08,0.0012507933456212292,0.0002055581811779064,-0.006485455211893766,-0.0009967838011982594,-0.0015064718715732226,0.0012507933456212292,-0.0017442874242575264
2004-09,0.0012507933456212292,-0.0007823945356262357,-0.0017558748256722718,5.5470283205946496e-05,-0.00030800143311783296,0.0012507933456212292,-0.0014722109139242226
2004-10,0.0012507933456212292,0.007155253806243083,0.002086241982653477,0.009111871012140364,0.004901040036664538,0.0012507933456212292,0.00595017131260765
2004-11,0.0012507933456212292,0.006328939752445549,-0.005867131082594951,0.006933133401995004,0.002161433854366708,0.0012507933456212292,0.00596317874605613
2004-12,0.0014058201817477246,-0.0005416626756454267,-0.005146582665974901,-0.005007805177435028,-0.002322557584326908,0.0014058201817477246,-0.00048772361789284254
2005-01,0.0014058201817477246,-0.001133875129240771,-0.007865251164210225,-0.00555775606877229,-0.0032877655451188904,0.0014058201817477246,-0.0010112747487692742
2005-02,0.0014058201817477246,-0.0017754728922198366,-0.00043139264384752776,-0.0002395756864829084,-0.00026015526020063706,0.0014058201817477246,-0.0014288970449341245
2005-03,0.0014058201817477246,0.011455901349544845,0.0009530947227297025,-0.0034006062847394183,0.0026035524923207136,0.0014058201817477246,0.009271271310118269
2005-04,0.0014058201817477246,-0.0030442638730074803,-0.007404079005028405,0.011458133328400275,0.0006039026580280287,0.0014058201817477246,-0.0026508137562002883
2005-05,0.0014058201817477246,-0.0044054694488065895,-0.010358037208975398,-0.004602602457495373,-0.004490072233382409,0.0014058201817477246,-0.0036940125010242004
2005-06,0.0014058201817477246,0.006296779861767221,-0.0007282128154579547,-0.0006360691958707313,0.001584579508046565,0.0014058201817477246,0.00723958678081702
2005-07,0.0014058201817477246,-0.0034808303847774394,-0.00821474128552967,0.007982468044854855,-0.0005768208609261325,0.0014058201817477246,-0.001967038892641917
2005-08,0.0014058201817477246,0.011642303828070516,0.007875646601270513,0.017551208521502958,0.009618744783147927,0.0014058201817477246,0.010492649643655169
2005-09,0.0014058201817477246,0.010493216930994307,0.006751966293662718,0.013912068918456666,0.008140768081215354,0.0014058201817477246,0.010981964073143922
2005-10,0.0014058201817477246,0.012210955584626055,0.0035446942778653294,0.006686880900733817,0.005962087736243232,0.0014058201817477246,0.011039387829712392
2005-11,0.0014058201817477246,0.0029712099939219333,0.0011662661745776423,-0.0042166134114845115,0.0003316707346906972,0.0014058201817477246,0.003597471936392679
2005-12,0.0016660553575315725,0.017582149192841092,0.02595276771012121,0.02300923589918795,0.017052552039920454,0.0016660553575315725,0.020232746058080772
2006-01,0.0016660553575315725,0.02916377858936464,0.025178466731055345,0.030777460784947072,0.021696440365724656,0.0016660553575315725,0.029702939252334127
2006-02,0.0016660553575315725,0.012766538728382758,0.01036599058075849,0.023965713853035687,0.012191074629927127,0.0016660553575315725,0.013644430879913988
2006-03,0.0016660553575315725,0.005533827084408062,0.016756377842181022,0.0115685191628815,0.00888119486175054,0.0016660553575315725,0.006343214687733463
2006-04,0.0016660553575315725,0.03514937171431059,0.038074576690548874,0.035476030670713,0.027591508608276007,0.0016660553575315725,0.03516700268742137
2006-05,0.0016660553575315725,0.03958109140185497,0.05580864201060666,0.04095840590371247,0.03450354866842642,0.0016660553575315725,0.0388745958504512
2006-06,0.0016660553575315725,0.005897369880232203,-0.0047338754116229564,-0.0004973179426336002,0.0005830579708768046,0.0016660553575315725,0.006488802651830801
2006-07,0.0016660553575315725,0.02516706021286203,0.01746056111478581,0.03169198048656628,0.018996414292936425,0.0016660553575315725,0.025531078690127933
2006-08,0.0016660553575315725,0.016784138705032644,0.020727886348767596,0.019727205070374218,0.014726321370426508,0.0016660553575315725,0.0165422133227967
2006-09,0.0016660553575315725,0.0004097846855552064,0.011865884437705384,-0.0032009534670472553,0.002685192753436227,0.0016660553575315725,0.003086133306281174
2006-10,0.0016660553575315725,0.0007932843207900671,-0.012990699536469953,0.007834432598861324,-0.0006742318148217474,0.0016660553575315725,0.0030793112053172085
2006-11,0.0016660553575315725,0.02945808164880968,0.0507403842176093,0.026686622478901457,0.027137785925713,0.0016660553575315725,0.03146886448112332
2006-12,0.0020846535359116706,0.009862432233544962,0.021777317741178318,0.01146182061103694,0.011296556030417973,0.0020846535359116706,0.010337106011091512
2007-01,0.0020846535359116706,0.009218100842267981,0.022807700952123464,0.007100696828697966,0.010302788039750271,0.0020846535359116706,0.009299419513812858
2007-02,0.0020846535359116706,0.014726960249938201,0.0012067963759003618,0.018347222653837456,0.009091408203896922,0.0020846535359116706,0.012998181620632853
2007-03,0.0020846535359116706,0.004484019935784126,-0.004739035502339615,-0.00928153719371638,-0.0018629748060900494,0.0020846535359116706,0.004059496203137125
2007-04,0.0020846535359116706,0.014724421856192363,0.019563640678913453,0.004194508490487019,0.010141806140376125,0.0020846535359116706,0.014811099709993615
2007-05,0.0020846535359116706,0.002950213170744438,-0.007069958630230467,-0.007891106425482877,-0.002481549587264309,0.0020846535359116706,0.0037463929195926306
2007-06,0.0020846535359116706,0.003661431407211308,-0.0030155714165854717,0.0027225241362800853,0.001363259415704398,0.0020846535359116706,0.0027867728864427407
2007-07,0.0020846535359116706,0.007115490004318558,-0.005374869954834693,-0.008565578194180377,-0.0011850761521962102,0.0020846535359116706,0.0062155456346497055
2007-08,0.0020846535359116706,0.0011858596390024042,-0.0025156669155584318,-0.014013210735112615,-0.003314591118939243,0.0020846535359116706,0.0007981593449129028
2007-09,0.0020846535359116706,0.020501561361491925,0.017836857260987948,0.004406981153311713,0.011207513327925814,0.0020846535359116706,0.02141271777171829
2007-10,0.0020846535359116706,0.012108364052900564,0.0022575542681156236,0.004580117894592967,0.005257672437880207,0.0020846535359116706,0.013163633981702295
2007-11,0.0020846535359116706,0.01822269107575103,0.0075164052703397795,0.00028430204884917964,0.0070270129827129145,0.0020846535359116706,0.018632375690235244
2007-12,0.002516220572520366,0.005738463880680179,0.0025469347002625977,0.011594190293534264,0.005598952361749352,0.002516220572520366,0.007527346237263506
2008-01,0.002516220572520366,0.036992121277539196,0.06197292398429086,0.017239263291541147,0.02968013228147289,0.002516220572520366,0.039224107771494106
2008-02,0.002516220572520366,0.017403329574812984,0.03931808851744884,0.013818608869974767,0.01826406188368924,0.002516220572520366,0.01894196416154308
2008-03,0.002516220572520366,0.021517035613726147,0.04900535446391408,0.021834333874213376,0.023718236131093494,0.002516220572520366,0.022375510766933622
2008-04,0.002516220572520366,0.006435340665813972,0.012498533050013893,0.010639760445177117,0.008022463683381336,0.002516220572520366,0.007562538928751309
2008-05,0.002516220572520366,0.006668492973059755,0.01757399187465914,0.014312381356340014,0.010267771694144818,0.002516220572520366,0.008391394166486633
2008-06,0.002516220572520366,0.008729497087638103,0.027422544143108823,0.0076704514543479325,0.011584678314403806,0.002516220572520366,0.009994572276069428
2008-07,0.002516220572520366,0.016598943186468637,0.04707681817942828,0.01851178546032748,0.021175941849686193,0.002516220572520366,0.017702213644843687
2008-08,0.002516220572520366,-0.0017524206892574634,0.00808241246418416,0.0010847784228136775,0.0024827476925651853,0.002516220572520366,0.00041595026352701277
2008-09,0.002516220572520366,-0.001838451727923627,0.01981181668208324,0.0009742467786830651,0.005365958076340761,0.002516220572520366,0.0006407399975404793
2008-10,0.002516220572520366,-0.005298197758758195,0.01038948999989613,0.008546428341243039,0.004038485288725335,0.002516220572520366,-0.002495554926759087
2008-11,0.002516220572520366,-0.007385770169604193,0.008738922899070817,0.004991930561169789,0.002215325965789195,0.002516220572520366,-0.005691104814439371
2008-12,0.002497558365114387,0.015562420964094693,0.039975332584584654,0.03048569343137012,0.022130251336290964,0.002497558365114387,0.019279702912311295
2009-01,0.002497558365114387,-0.0021543850509124583,-0.0008610063279951943,0.0017243650202898044,0.00030163300162413474,0.002497558365114387,-0.0010138847809423677
2009-02,0.002497558365114387,0.0208210636254197,0.030310167173762212,0.011793350644886376,0.016355534952295667,0.002497558365114387,0.023841666812323515
2009-03,0.002497558365114387,-0.009028048527052732,0.0008454542908139494,-0.008065740285526334,-0.0034376940391626825,0.002497558365114387,-0.007551499297690668
2009-04,0.002497558365114387,-0.008187259277046303,-0.0029706342991874385,-0.014697141540437633,-0.005839369187889246,0.002497558365114387,-0.0062026699851739035
2009-05,0.002497558365114387,-0.004125117175444413,-0.0009485495182768436,0.002289033938134958,-7.176859761797783e-05,0.002497558365114387,-0.0026372562151552375
2009-06,0.002497558365114387,-0.0034989819611199505,0.007110765708036451,0.004728136258963242,0.0027093695927485326,0.002497558365114387,-0.002796416351759465
2009-07,0.002497558365114387,-0.007547800955501144,-8.169169916576676e-05,-0.0008265058554327116,-0.0014896100362463088,0.002497558365114387,-0.005966518430618315
2009-08,0.002497558365114387,0.005149660347050452,0.004651463299308683,0.006443478445447499,0.004685540114230256,0.002497558365114387,0.005769876663590192
2009-09,0.002497558365114387,0.008281125321326036,0.0019492584929858177,0.014808120867717047,0.006884015761785822,0.002497558365114387,0.007719435189298572
2009-10,0.002497558365114387,0.01347756141883287,0.0010740038020879805,0.014258618211308714,0.007826935449335989,0.002497558365114387,0.012293643632843517
2009-11,0.002497558365114387,0.03163593057161897,0.04293283752303134,0.019406085646089862,0.02411810302646364,0.002497558365114387,0.03279377627667002
2009-12,0.003907088341191999,0.012003957545158954,-0.004893394546975244,-0.002109692540911105,0.002226989699616151,0.003203012813395835,0.011147046944749422
2010-01,0.0013197363880414045,0.012086189001977063,-0.0026013313692329516,-0.005202967275881716,0.00140040668622595,0.003203012813395835,0.011405587224209604
2010-02,0.00033177061944853273,0.011253901885324876,9.876650698399435e-05,-0.006963451235284817,0.0011802469441181468,0.003203012813395835,0.009248084904670753
2010-03,0.004368517619744451,0.01632672648951119,0.014963987065063055,-0.007487637586530139,0.00704289839694714,0.003203012813395835,0.01449556817458496
2010-04,0.006295006963509948,0.02071113512083209,0.03329577732027154,-0.0015111556433329868,0.014697690940320148,0.003203012813395835,0.018898081355352706
2010-05,0.008045927179004894,0.022807616171271142,0.05002980387304475,-0.001068427462782258,0.019953729940134633,0.003203012813395835,0.022771121262215435
2010-06,0.005366620094330187,0.019920101098472268,0.04223107879208558,0.009253727992780545,0.019192881994417144,0.003203012813395835,0.020339491469522304
2010-07,-0.0005955675577131113,0.007302863122366614,0.010220235752920397,0.008937055157741097,0.006466146618828749,0.003203012813395835,0.007847399991900032
2010-08,0.004885857778257601,0.012426355282980639,0.014269313578576548,0.026158595702683,0.014435030585624446,0.003203012813395835,0.013819706008204029
2010-09,0.0076120522647594845,0.013446892171111995,0.012734230569235816,0.015500028948733053,0.012323300988460087,0.003203012813395835,0.01377701597525378
2010-10,0.008769887023089139,0.015276426460887976,0.012734230569235816,0.017750773064163672,0.013632829279344151,0.003203012813395835,0.015558447541362166
2010-11,0.004867884542492159,0.01305047862261114,0.00871583409994778,0.018175848856201715,0.011202511530313198,0.003203012813395835,0.012873847369473727
2010-12,0.004642929079726808,0.013073925409754696,0.009561514791603073,0.007552397387534072,0.008707691667154661,0.0035764060116698767,0.010720015203109782
2011-01,0.0006294620329638282,0.005663109725907163,0.0022498633108859515,0.007675938726293523,0.004054593449012617,0.0035764060116698767,0.00509197829503563
2011-02,0.004270598237259991,0.009227195905770485,0.0045558650810158,0.009043413874269123,0.00677426827457885,0.0035764060116698767,0.008743007938892579
2011-03,0.0068657517448142465,0.017161434781017303,0.013794364844143927,0.014259613889892032,0.013020291314966877,0.0035764060116698767,0.017544043993420147
2011-04,0.007514868102600574,0.016871274723423136,0.016615431411453607,0.01992636007203224,0.015231983577377388,0.0035764060116698767,0.017715008363268635
2011-05,0.005391852920126842,0.010747648680888218,0.000752024200484651,0.013319840579186084,0.007552841595171448,0.0035764060116698767,0.010791859434944944
2011-06,0.00417910609143623,0.013528341683595721,0.01234372917583344,0.009373695379163976,0.009856218082507341,0.0035764060116698767,0.01272452626426015
2011-07,0.0063263094526402035,0.021517785939835395,0.03723382606359732,0.005244619142703801,0.017580635149694178,0.0035764060116698767,0.02060272122686128
2011-08,0.016167151519512517,0.0384801420962896,0.050929780377382834,0.014931156917983798,0.030127057727792186,0.0035764060116698767,0.03962393706632198
2011-09,0.004268169173061316,0.011012945771046431,0.013760066405858236,0.010876281287956096,0.00997936565948052,0.0035764060116698767,0.013020541191697488
2011-10,-0.0032810629822078215,0.005531643504333305,0.002989894511839753,0.01587977613735002,0.005280062792828813,0.0035764060116698767,0.005371797017333567
2011-11,0.00778488959289542,0.014624891050449191,0.01621906462636078,0.02077674904801119,0.014851398579429145,0.0035764060116698767,0.01590697936540399
2011-12,-0.00249696211088439,0.004674360493119361,0.002246861083511353,0.011382318668311873,0.003951644533514549,0.0038649676404196,0.004416230045328494
2012-01,0.004165034630286946,0.008847231490444892,0.005230316422771127,0.020876473363402044,0.009779763976726252,0.0038649676404196,0.007898133407780577
2012-02,0.008975984142641452,0.01395517543079197,0.008359127287179573,0.024777218139755947,0.014016876250092236,0.0038649676404196,0.013344580861313437
2012-03,-0.000761330253119055,0.008041298891022024,0.002850752440565594,0.010580624474271704,0.005177836388185067,0.0038649676404196,0.00682850981458924
2012-04,0.0013864325362792024,0.004970216040746842,-0.00045514339603911554,0.011354551437474688,0.004314014154615404,0.0038649676404196,0.0042294606080329365
2012-05,-0.0008344746527736533,0.0036679780680953606,-0.0033959670901892265,0.010018655743981803,0.002364048017278571,0.0038649676404196,0.0030394339869874703
2012-06,0.0034212357411437595,0.006244932002969966,-0.0013562464062556042,0.013717816800999892,0.005506934534714503,0.0038649676404196,0.005309734153968985
2012-07,0.002380053009280772,0.005339780761782187,-0.001900646995046225,0.010412222036875668,0.0040578522032231005,0.0038649676404196,0.005897798989325922
2012-08,0.004687809365787539,0.008640836504541853,0.0021247870020561803,0.014199283801650713,0.007413179168509072,0.0038649676404196,0.008461874357395397
2012-09,0.009663203936256115,0.013330370676791312,-0.0023784729442062973,0.01500252517444493,0.008904406710821516,0.0038649676404196,0.01285127841551573
2012-10,0.002915006439397178,0.008396064042497266,0.0028524388450582,0.012043585962375007,0.006551773822331913,0.0038649676404196,0.006898160728973731
2012-11,0.001190870289600101,0.0050476641831275525,-0.0015899605313884385,0.009360399224085898,0.003502243291356278,0.0038649676404196,0.0028193795713420855
2012-12,0.003836137754569873,0.0035362550849325704,-0.002886473186510187,0.0009468376519944622,0.0013581893262466795,0.003836137754569873,0.003620286028579687
2013-01,0.003836137754569873,0.003375254877809149,-0.003919785109953736,-0.0003670896533291882,0.0007311294672740246,0.003836137754569873,0.003307581407990786
2013-02,0.003836137754569873,0.0017662914427973438,-0.0043316022329593,-0.0037939904653877935,-0.000630790875244969,0.003836137754569873,0.0008447158025332925
2013-03,0.003836137754569873,0.0027901751264215575,-0.0011262649738232556,-0.0022969833132389724,0.0008007661484823006,0.003836137754569873,0.0019081092319643332
2013-04,0.003836137754569873,0.0009864366013422345,-0.004824721269710339,-0.00676340772866557,-0.0016913886606159502,0.003836137754569873,-0.0004897186568526646
2013-05,0.003836137754569873,-0.00038477085899948715,-0.004135180236481208,-0.0038269605918282005,-0.0011276934831847556,0.003836137754569873,-0.0015204400748664447
2013-06,0.003836137754569873,-0.00013779476393911209,0.000216533463472451,-0.008370237744231875,-0.0011138403225321657,0.003836137754569873,-0.0003629879276434053
2013-07,0.003836137754569873,-0.0010850560530536884,0.005497580353031857,-0.009554819648309083,-0.0003265393984402602,0.003836137754569873,-0.0004537861614908133
2013-08,0.003836137754569873,0.010466884599160474,0.00224709204618377,-0.0052071545993345545,0.0028357399501448906,0.003836137754569873,0.008432604889503068
2013-09,0.003836137754569873,0.0006227452167178194,0.005114214719128297,-0.004082408820442323,0.0013726722174934166,0.003836137754569873,0.00043230748938845033
2013-10,0.003836137754569873,-0.0038352323978301994,-0.004187040114573288,-0.008194779839650553,-0.003095228649371042,0.003836137754569873,-0.003521322766317306
2013-11,0.003836137754569873,-0.0028229596511799146,-0.004422646465040079,-0.009694876000289421,-0.0032760860904848853,0.003836137754569873,-0.003056767168887992
2013-12,-0.0032352539719502265,-0.011664645090364488,-0.014700225506711186,-0.012066498053076326,-0.010416655655525558,0.0031071525231357025,-0.010173209807264612
2014-01,0.0029226603857391196,0.0020168601475047537,-0.0035603012975055624,-0.012557093530110319,-0.0027944685735930017,0.0031071525231357025,0.00011860825181141523
2014-02,0.005836302456952017,0.0020584120270885986,-0.006759393960999693,-0.00787386831537282,-0.0016846369480829745,0.0031071525231357025,0.00024077703733130958
2014-03,0.004222107723133551,0.0059597331015806354,0.0003760355732630151,0.0021689447913350213,0.003181705297328056,0.0031071525231357025,0.005357479518896613
2014-04,-0.0013351265118227889,-0.007275646366281926,-0.008159627009013156,-0.006876358045351433,-0.005911689483117326,0.0031071525231357025,-0.007136516266558667
2014-05,0.0009709675829229405,-0.006873587667349489,-0.008168697065717798,-0.0017628432540068304,-0.003958540101037794,0.0031071525231357025,-0.006537024814414489
2014-06,0.0010257174865259404,-0.006525871177892241,-0.0014753572428163472,0.002900870661353781,-0.0010186600682072166,0.0031071525231357025,-0.005311271585014442
2014-07,0.0045643861264126236,0.01191542623911593,0.0023382734399393953,0.0053731956147929465,0.006047820355065224,0.0031071525231357025,0.010701513419778654
2014-08,0.0005951157641540697,-0.0063925535239627105,-0.011706021487328452,-0.0007588240584538199,-0.004565570826397729,0.0031071525231357025,-0.0059405580328737466
2014-09,-0.002835080770370209,-0.007104698058936054,-0.005243634163049057,-0.0017726717583756626,-0.004239021187682745,0.0031071525231357025,-0.006090942482221641
2014-10,0.0005015012908873785,-0.006067933284911974,-0.005612608242311444,-0.003160484008731472,-0.0035848810612668777,0.0031071525231357025,-0.005969915852758035
2014-11,-0.0021828627241625596,-0.00704101971338967,-0.012200662096117454,-0.014318841931361223,-0.008935846616257726,0.0031071525231357025,-0.006733720376628537
2014-12,0.004186154509617545,0.0052000238155902575,0.0002659937383222503,0.003135064334155051,0.003196809099421276,0.003007467642806729,0.005233384987547006
2015-01,0.006206894210302585,0.010033044568720409,0.006387820494535794,0.006827495109483684,0.007363813595760618,0.003007467642806729,0.010341510168855985
2015-02,-6.930926212287379e-05,-0.003456040704249964,-0.007748094271006058,1.792280683686042e-05,-0.0028138803576355093,0.003007467642806729,-0.004530686640378683
2015-03,-0.002235149721438548,-0.004017326806327081,-0.008054040204897308,-0.0036962818512975494,-0.004500699645990122,0.003007467642806729,-0.003990317627542005
2015-04,0.0035110496350120868,0.007819992870631102,0.005335395569711757,0.015028253393636691,0.007923672867247909,0.003007467642806729,0.005518569111360096
2015-05,0.0018229695645470324,0.0009462279380259838,0.0009631747139126709,0.01393000638972687,0.00441559465155314,0.003007467642806729,0.0014476965433813172
2015-06,0.0003819071038842392,-0.0011077529361255868,-0.0035257134895325735,0.009185998059248881,0.00123360968436874,0.003007467642806729,0.00029238671853280064
2015-07,-0.002953374175792238,-0.005301638187212283,-0.007924948011235187,0.00393991657232623,-0.0030600109504783698,0.003007467642806729,-0.003114978325897861
2015-08,0.0007553197493925423,-0.0014122804723975106,-0.0010101025531406337,0.008309135843486564,0.0016605181418352405,0.003007467642806729,-9.3808065803946e-05
2015-09,0.002397606077480135,0.002077654327396215,-0.002882794700995081,0.015327260739534047,0.0042299316108538295,0.003007467642806729,0.002481743712304965
2015-10,0.004909031545095619,0.00853793765262243,0.001230119162627149,0.02218481830600261,0.009215476666586953,0.003007467642806729,0.007267642323417961
2015-11,-0.004523724093924908,-0.0031472864552773644,-0.0050330191597467286,0.0054306576246162435,-0.0018183430210831893,0.003007467642806729,-0.0011877229801019783
2015-12,0.0005842973669647066,-0.006148476900228158,-0.012039861463398093,-0.002172644383648245,-0.004944171345077448,0.0027349674320917565,-0.007013983686540813
2016-01,0.003421406126378053,0.005727015172308655,-0.0029087833443632873,0.0052240295373484616,0.00286591687291797,0.0027349674320917565,0.005834811943028322
2016-02,0.01076458597956323,0.024621224821946456,0.015516065289604069,0.017933144287925733,0.017208755094759873,0.0027349674320917565,0.021506236460952486
2016-03,0.005589578637969203,0.008397579417298299,-0.0031169486670400075,0.01732990529681107,0.007050028671259641,0.0027349674320917565,0.00830609505686477
2016-04,0.001644405230182587,-0.0016302849589647265,-0.002773147160066299,0.007077124938785564,0.0010795245124842812,0.0027349674320917565,-0.0014339358805053977
2016-05,0.003414516761577966,0.00547373354568271,-0.001928936466147944,0.007913513588640389,0.00371820685743828,0.0027349674320917565,0.006444267421394538
2016-06,0.003162108571855887,0.008213675398754682,-0.0003071285907713645,0.010593078474362715,0.00541543346355048,0.0027349674320917565,0.007936827545208181
2016-07,0.006961112470133077,0.013723402713542193,0.01521096705458374,0.014198080914491129,0.012523390788187535,0.0027349674320917565,0.015198268942015194
2016-08,0.0025602525913402474,0.008892348314390862,0.016215701992834605,0.008077888857314777,0.008936547938970123,0.0027349674320917565,0.009862882618475243
2016-09,0.00134249400501099,0.0038826080951424626,0.0006990867667554066,0.009152767509496429,0.003769239094101322,0.0027349674320917565,0.00472903919519751
2016-10,-0.0023627241788013926,0.0010221726031387926,0.001293992644407299,0.001955883904661663,0.0004773312433515905,0.0027349674320917565,0.0010048940578661048
2016-11,-5.4748262029817845e-05,0.0007519462746568269,-0.004022699524472467,0.000399565495447366,-0.000731484004099523,0.0027349674320917565,0.0002490074641403041
2016-12,-0.0047029517071611494,-0.00508608721280946,-0.00025686175544988363,-0.006630602476776656,-0.004169125788049287,0.002825143215032635,-0.004320193842466742
2017-01,0.0052234544047755375,0.00806303305828373,0.008856349952944074,0.004446163005568391,0.006647250105392933,0.002825143215032635,0.007656756896396818
2017-02,0.005675376787494842,0.0065986125059358585,0.009139778600265524,0.004108490058003719,0.006380564487924986,0.002825143215032635,0.0061764787551285005
2017-03,0.0017275970570876677,-0.003670911848830328,-0.0006827491114532294,-0.0007404650248931878,-0.0008416322320222694,0.002825143215032635,-0.003440947610252852
2017-04,0.005045370774776178,0.009629086739989802,0.011389271292789093,0.0032985183718506343,0.007340561794851427,0.002825143215032635,0.009190235099062617
2017-05,0.0002612400717179413,-0.006947040610044696,0.006666062999103606,-0.0030828154795597995,-0.0007756382546957372,0.002825143215032635,-0.006704262236568155
2017-06,0.0031423952304987864,0.004355920894960687,0.011762347634787042,-4.932709827198305e-05,0.004802834165493633,0.002825143215032635,0.004549334980160242
2017-07,1.630180830662544e-05,-0.007682638061415025,0.006666062999103606,-0.005040842499832892,-0.0015102789384594216,0.002825143215032635,-0.007952751392048872
2017-08,0.0057977389294168406,0.008075696753308338,0.005472567929285962,0.00031440262459815106,0.004915101559152323,0.002825143215032635,0.007437531009473856
2017-09,0.004484967497827595,0.007669516799113545,0.018855276835871283,-0.005633833321302394,0.006343981952877508,0.002825143215032635,0.006196287801621896
2017-10,-0.0006775615829740815,-0.005138080494616862,0.0075503559655616765,-0.006468570454273435,-0.0011834641415756754,0.002825143215032635,-0.005717706471404723
2017-11,0.002194183782608887,0.0014207941757166504,0.011516353514092652,-0.0023353629557022718,0.0031989921291789795,0.002825143215032635,0.000791615460225808
2017-12,0.0008464017860806117,-0.00018956278203420708,0.007629712061340798,0.006433444554454313,0.0036799989049603786,0.002917722507704596,-0.00013421052132244607
2018-01,0.007494922013044877,0.008874573072495796,0.00490636046183236,0.004273953512906903,0.006387452265069983,0.002917722507704596,0.007131643395286703
2018-02,0.002219150310330612,0.004101512115188752,0.001115983251752869,-0.0004567554544352083,0.0017449725557092564,0.002917722507704596,0.00437289223246843
2018-03,0.0017714945203827052,0.00232660021993452,0.00479696753535595,0.004368293712878973,0.003315838997138037,0.002917722507704596,0.0036202148313705493
2018-04,0.0029389901813510985,0.0048433171585209765,0.0018425756382688657,0.0046589930803333235,0.003570969014618566,0.002917722507704596,0.004271969301503155
2018-05,-0.0001827959548436368,-0.0039481665827004455,-0.009117169524409047,0.002604667368817035,-0.002660866173284024,0.002917722507704596,-0.0045666387024096994
2018-06,0.000563835669046104,-0.0018457711016418837,-0.0019825760023966274,0.0008970782325849196,-0.0005918583006018719,0.002917722507704596,-0.0020066501089075566
2018-07,-0.001251814674737939,-0.0038437698559972582,-0.004938055939883545,-0.004348643734747018,-0.00359557105134144,0.002917722507704596,-0.004877162817332497
2018-08,-0.0007999610299876379,-0.005023419123264727,-0.0018132531873214786,-0.006361968168453932,-0.003499650377256944,0.002917722507704596,-0.0049599863308489025
2018-09,0.0017180654743173345,0.0021120438034276366,0.008227776548989247,0.0025454240463798146,0.003650827468278508,0.002917722507704596,0.0021399275191837995
2018-10,0.0034874117452684122,0.010138679575997135,0.007694576903181839,0.003976181322634579,0.0063242123867704916,0.002917722507704596,0.010700144819715136
2018-11,0.00257670029845282,0.0046396235607057915,0.0038211856938074186,0.006823380815073037,0.004465222592009767,0.002917722507704596,0.004450991447513706
2018-12,0.00439499876124216,0.01447541748222119,0.0028128761490314453,0.00559040579261616,0.006818424546277738,0.002807373218118185,0.01414363532196971
2019-01,0.005344400411352477,0.011843737495902465,0.004625510857078211,0.009183467210226778,0.007749278993639983,0.002807373218118185,0.011867966528274806
2019-02,0.004193715095972609,0.009136535749465621,0.010640461593987403,0.0067694166824374905,0.0076850322804657804,0.002807373218118185,0.00944285404985204
2019-03,0.0006537349683154122,-0.002859816576006981,-0.002045283735349054,-0.0004563332395098379,-0.0011769246456376152,0.002807373218118185,-0.002455920710876708
2019-04,0.0009188469813284585,-0.00186529207285892,-0.0007302147202533917,-0.0019063579946180234,-0.0008957544516004692,0.002807373218118185,-0.0015932944994205666
2019-05,0.001913921938923427,0.002157743895252597,-0.0005332495365103415,0.012054832263847097,0.0038983121403781944,0.002807373218118185,0.0023405244034098646
2019-06,0.00784805901228794,0.011292536837804375,0.0077950588434339795,0.015720831065874873,0.010664121439850292,0.002807373218118185,0.00989974650878118
2019-07,0.006086435375528679,0.010986266044385067,0.011126763010707792,0.012195789328484806,0.010098813439776587,0.002807373218118185,0.010121210501891182
2019-08,0.008312975840442622,0.01729232486215388,0.01118550677360043,0.02666893042881516,0.015864934476253024,0.002807373218118185,0.01607842133797854
2019-09,0.0030126538723892053,0.0073394339513296065,0.009848431491376488,0.008813897196057588,0.007253604127788221,0.002807373218118185,0.006808046901447117
2019-10,0.0012320597803358092,0.00359850512724265,0.0011233221345339456,0.010893743620878018,0.0042119076657476055,0.002807373218118185,0.0033779117240606057
2019-11,0.0006756634735256705,0.0029445256918444714,0.008642996960716742,0.002509542446876534,0.0036931821432408547,0.002807373218118185,0.0026933696404956454
2019-12,0.0028848710343992797,0.005355328801694685,0.012153654624601115,-0.000876004524842957,0.004879462483963031,0.0030182992048890214,0.005286097994962202
2020-01,0.007895904608025146,0.016170242958744058,0.013972544215230346,0.02100486172546873,0.014760888376867069,0.0030182992048890214,0.014792769187422951
2020-02,0.004651847427331664,0.015002332541344233,0.011674649852372864,0.012967629881647406,0.01107411492567404,0.0030182992048890214,0.013854367757029494
2020-03,0.002028319373008105,0.007735276392949311,0.005386367716102872,0.004516917032912075,0.00491672012874309,0.0030182992048890214,0.008758021248806609
2020-04,0.008072957251597792,0.011741960395348484,0.008684752795714542,0.02386307769007979,0.013090687033185151,0.0030182992048890214,0.01152710220200843
2020-05,0.004311989773918992,0.013951202217784484,0.008171359595593732,-0.05198528165229255,-0.006387682516248836,0.0030182992048890214,0.013531186009718504
2020-06,0.003278635360616115,0.01170363525966501,0.011310052485139664,-0.025413625189229343,0.0002196744790478617,0.0030182992048890214,0.011163329946005851
2020-07,0.008998253092980005,0.02088023092153512,0.01787407108074993,-0.007700382887175287,0.010013043052022441,0.0030182992048890214,0.018224359734312683
2020-08,0.00896404276404302,0.01783138889535839,0.010646565451557741,0.03201950191817269,0.01736537475728296,0.0030182992048890214,0.015367110747169408
2020-09,-4.7102516880627963e-05,0.006526578773036961,0.0006449614751685558,0.03075869606571383,0.00947078344925968,0.0030182992048890214,0.005132230025543053
2020-10,0.001197527871693011,0.005173653173149575,0.0006449614751685558,0.028362257427174242,0.008844599986796346,0.0030182992048890214,0.004834538448744452
2020-11,0.0005513705257027776,0.002412591529048385,-0.0026737529055727797,0.005710251518612137,0.00150011516694763,0.0030182992048890214,0.00017087036213809674
2020-12,0.002269406084608733,0.004564537804593658,0.007503251584180334,-0.002297858423650626,0.003009834262433025,0.003358645487860122,0.003348468072231278
2021-01,0.0031598170602032197,0.006626754007535555,0.004999316085817377,0.0076866274314712005,0.005618128646256838,0.003358645487860122,0.005581732768711407
2021-02,-0.00047443871026071503,-0.004783041376594191,-0.00981160298217218,-0.00556864509025776,-0.005159432039821211,0.003358645487860122,-0.005832988537214684
2021-03,-0.002292606572492315,-0.003798219771857906,-0.008726729491473038,-0.01614837867665483,-0.007741483628119522,0.003358645487860122,-0.0048889094175354995
2021-04,0.0050658441565816096,0.0018507237667503167,-0.0002747144870034022,-0.003912790573734526,0.0006822657156484995,0.003358645487860122,0.0009833734168988315
2021-05,0.007723426630476707,0.009061299994830628,0.015475873843478167,0.0070478308510898355,0.009827107829968833,0.003358645487860122,0.00838287167575557
2021-06,0.0018382113547442253,0.000555895696592305,0.001962496904127582,-0.0033851813119252995,0.00024285566088470335,0.003358645487860122,0.0003835196713930227
2021-07,0.001161279037911155,-0.0011410360865527708,0.0026601011063011977,-0.00043455501658063974,0.0005614472602697355,0.003358645487860122,-0.0015220234616830067
2021-08,0.0013399623498339297,-0.0005935243436340178,0.002748242657627068,-0.0017250773716770457,0.00044240082303748356,0.003358645487860122,-0.0006875862245494159
2021-09,0.0020510365026793764,0.004475334023890914,0.027605263534040744,-0.0010076911714300093,0.008280985722295256,0.003358645487860122,0.0030296615030077326
2021-10,0.002722023517373576,0.0043837097142755506,0.024075528349245562,-0.003972658008169254,0.006802150893181359,0.003358645487860122,0.0030539870808709768
2021-11,0.005134540685858138,0.013453687570182768,0.037364027640299176,0.003624052673724763,0.014894077142516211,0.003358645487860122,0.010986475063466202
2021-12,0.0032332367048737392,-0.0016996108119325807,-0.005087869819844617,-0.0016118623350298996,-0.0012915265654833393,0.0032332367048737392,-0.0034039438517548134
2022-01,0.0032332367048737392,0.011083760312314995,0.02297691419046988,-0.0061633153964455855,0.007782648952803256,0.0032332367048737392,0.008804496512708973
2022-02,0.0032332367048737392,0.013221105815762527,0.023594923578138197,-0.0018039598304047957,0.009561326567092417,0.0032332367048737392,0.010889014834868429
2022-03,0.0032332367048737392,0.013214492533490154,0.021498940016253337,0.0004558502106034451,0.00960062986630517,0.0032332367048737392,0.011573728532237464
2022-04,0.0032332367048737392,0.007112637436686211,0.008242345762643696,-0.011431909459633433,0.0017890776111425533,0.0032332367048737392,0.005997482992379972
2022-05,0.0032332367048737392,-0.00015000520302538528,-0.012364706428663946,-0.009896381400509607,-0.0047944640818313,0.0032332367048737392,-0.001120509270820586
2022-06,0.0032332367048737392,0.005793810403537629,0.005382241587491834,-0.013409703245499414,0.000249896362600947,0.0032332367048737392,0.005501132273595586
2022-07,0.0032332367048737392,0.00039958782936431737,-0.013411789125619557,-0.00713170245593865,-0.004227666761830038,0.0032332367048737392,-0.0006893781344887627
2022-08,0.0032332367048737392,0.009418101528036115,0.001103644737584463,-0.004515104661930707,0.0023099695771409026,0.0032332367048737392,0.01059163414263652
2022-09,0.0032332367048737392,-0.004927153512953238,-0.008000805265853641,-0.01586579332064518,-0.00639012884864458,0.0032332367048737392,-0.004570691246139389
2022-10,0.0032332367048737392,-0.005570988583265915,-0.002597398844622717,-0.006468769617065774,-0.002850980085020167,0.0032332367048737392,-0.004162143958759324
2022-11,0.0032332367048737392,0.00951403080433024,0.016304196882637748,0.0007236775636293587,0.0074437854888677706,0.0032332367048737392,0.011890290531785417
2022-12,0.006596468525342854,0.010398606400901123,0.006394227812860328,0.0062855234196014225,0.007418706539676433,0.0031645843657974342,0.00783583344291822
2023-01,0.007877770991762125,0.013128054757046786,0.00980168962890317,0.006172937974032794,0.009245113337936218,0.0031645843657974342,0.011680056362798993
2023-02,0.00033624266038724407,-0.005585851596335036,-0.006978022716855184,-0.0010328695629764927,-0.0033151253039448675,0.0031645843657974342,-0.00541770276462407
2023-03,0.0055316165017092155,0.012438438303382352,0.008967456664944992,0.007934931881932812,0.008718110837992343,0.0031645843657974342,0.01277461734829982
2023-04,0.006900880871757881,0.012244449808012614,0.005879742066252275,0.01110334207526849,0.009032103705322815,0.0031645843657974342,0.012465737478630253
2023-05,0.002133680168016434,0.0039246994205029,0.003948923788819136,0.0012961994246772097,0.00282587570050392,0.0031645843657974342,0.00524747052009851
2023-06,0.00014903914780772017,-0.0025700525101018615,-0.006363312230921565,-0.008745890747949328,-0.004382554085291259,0.0031645843657974342,-0.0012720723304504803
2023-07,0.002915780696412852,0.006771504212768244,0.0003778347110963992,-0.007050060104590571,0.000753764878921731,0.0031645843657974342,0.006106864503539041
2023-08,0.0009387709321832956,-0.0021154934409052632,-0.00813017749338153,-0.005250474904782443,-0.0036393437267214853,0.0031645843657974342,-0.002766835501537831
2023-09,0.002368453162457971,0.0027997465902612536,-0.003098392703215778,-0.004974877665641472,-0.0007262676540345062,0.0031645843657974342,0.0024756946404646193
2023-10,0.0025190774103888034,0.004259034234785896,-0.002071542169346495,-0.0020738635407903682,0.0006581764837594589,0.0031645843657974342,0.0035237727300567543
2023-11,0.005938572775905643,0.014676322542876007,0.013218526137821396,0.005432150346296616,0.009816392950724914,0.0031645843657974342,0.013496364673639055
2023-12,0.004582623149547278,0.009389686130700323,0.005409116243824031,0.0022742420961691465,0.005413916905060195,0.0032261978154166167,0.009409212495074605
2024-01,0.00295641748066101,0.003387155598984759,0.0008568100571221506,-0.003437729132468564,0.0009406635010748389,0.0032261978154166167,0.0032319754306877257
2024-02,0.002072830935666602,0.00019192549706393706,0.0011076357705805302,-0.010514662314492678,-0.001785567527795402,0.0032261978154166167,0.0001429488273230535
2024-03,0.008885306621507947,0.011381027159920756,0.00023322701775526766,0.006228881493168505,0.006682110573088119,0.0032261978154166167,0.012065113022206225
2024-04,0.0101539462489476,0.02091245701505466,0.006721614172847837,-0.0025832989071781598,0.008801179632417985,0.0032261978154166167,0.019642404667184497
2024-05,0.00339377013558316,0.005098108044173384,-0.00033955300844123787,-0.0027359525082640656,0.00135409316576281,0.0032261978154166167,0.005657296579138813
2024-06,0.0015793501086560924,-0.00037627098174667533,0.011703712976178891,0.006043202016348128,0.004737498529859109,0.0032261978154166167,0.0008837086210365462
2024-07,0.005506659530933267,0.01228065001404892,0.011271171132829272,0.009092797844370483,0.009537819630545485,0.0032261978154166167,0.011304682269164427
2024-08,0.005418892564390661,0.015179323639567395,0.017801562928970702,0.008450204685856418,0.011712495954696294,0.0032261978154166167,0.015483104666389606
2024-09,0.006444972964576683,0.01690462176327432,0.013925322559275203,0.008657848023449132,0.011483191327643834,0.0032261978154166167,0.018446203736051707
2024-10,0.006954421873737767,0.015808731074828223,0.011915556716784778,0.007143962228728179,0.010455667973519737,0.0032261978154166167,0.016817213588132682
2024-11,0.0012144252009936131,0.003203663192548059,-0.0013587098021912588,0.0014571192404889113,0.001129124457959831,0.0032261978154166167,0.004611222081384216
2024-12,0.0027405791024204774,0.008057687089270606,0.010288059469277935,0.008602395046530152,0.007422180176874793,0.003524588991149292,0.007744784964493821
2025-01,0.0050633981966792425,0.015198376366383649,0.0128660099621116,0.005354773775713357,0.009620639575221962,0.003524588991149292,0.015562268438172128
2025-02,0.009307858054696175,0.021776774002184404,0.013938850216355781,0.015385073315146072,0.015102138897095607,0.003524588991149292,0.02096480539874481
2025-03,0.005724252680602308,0.019205069384334535,0.012421811694447702,0.008959325676135426,0.011577614858879995,0.003524588991149292,0.0185051882107649
2025-04,0.010302836171847827,0.028680227984483306,0.023094931421492024,0.022583708486882487,0.021165426016176412,0.003524588991149292,0.02882699783781544
2025-05,0.005523743974479357,0.017707064704517987,0.01512414002676958,0.007859224935542317,0.01155354341032731,0.003524588991149292,0.01796949985124933
2025-06,0.004106012155886899,0.017532734980610802,0.011312459371891025,0.0067909099813685085,0.00993552912243931,0.003524588991149292,0.01691845430123681
2025-07,0.0024807663699444116,0.011136546640884001,0.027609155800057232,0.00741572376837688,0.012160548144815632,0.003524588991149292,0.010378920423657706
2025-08,0.003641001108508663,0.015131026577241684,0.012756195364676242,0.014698509392265094,0.01155668311067292,0.003524588991149292,0.015019213986835084
2025-09,0.011276977329003653,0.03439123308377686,0.04436970970292318,0.03230546328625388,0.030585845850489395,0.003524588991149292,0.033515578394624636
2025-10,0.012909523576302229,0.03577955954345409,0.036477978160272324,0.025346433422655825,0.027628373675671117,0.003524588991149292,0.037764497759329566
2025-11,0.0035239536904824536,0.017160253928103573,0.01536846697359065,0.013694270402950093,0.012436736248781692,0.003524588991149292,0.016555822178748594
2025-12,0.009053544908334054,0.027556990382178292,0.018394196724227208,0.014830450711561971,0.017458795681575382,0.004185701852745564,0.02860293601862804
2026-01,0.01387686731313097,0.0403554102042383,0.032019325820912325,0.027369205962254103,0.028405202325133924,0.004185701852745564,0.04415006288500141
2026-02,0.009302330256662886,0.026200897367393866,0.01911845566386611,0.03304306994633191,0.02191618830856369,0.004185701852745564,0.02881042624984721
2026-03,0.0005864856383414538,0.00790810129247641,0.0036548227000393458,0.0023399283174311983,0.003622334487072102,0.004185701852745564,0.009012712494808452
2026-04,0.0009578501286889593,0.007316532469645887,0.0037165327226076094,0.008539783005176625,0.005132674581529771,0.004185701852745564,0.008738870650250091
2026-05,0.0008495367316076648,0.004114830502820246,0.0029373457669375964,0.008974610295469223,0.004219080824208682,0.004185701852745564,0.006619624070794911
2026-06,-0.0040857688514682544,-0.0013077534725021759,0.00029835631396488106,0.007807994081398244,0.0006782070178481738,0.004185701852745564,-5.577929007254695e-05
2026-07,-6.244121269108945e-05,-0.0015239039974141513,0.0028204188519479947,0.01096207635452991,0.003049037499093166,0.004185701852745564,-0.0022608214585349267
2026-08,0.011641493863524192,0.027514258963250677,0.039037654623768354,0.02395936453011972,0.02553819299516574,0.004185701852745564,0.028342884772897876
