,enet,rf,gbm,mlp,ensemble,rw,har
1989-12,0.32514664238610097,0.2605014869702573,0.16620365817280935,0.25650659486645555,0.25208959559890576,-0.2692690000824267,0.1498173243600435
1990-01,0.32514664238610097,0.3478391279953614,0.38723434989619965,0.45735856188428603,0.37939467054048703,0.19256161712536143,0.2741109410454827
1990-02,0.32514664238610097,0.33414929625320067,0.39476612817861484,0.38629260641087776,0.36008866830719855,0.21279684767877297,0.2953747593301122
1990-03,0.32514664238610097,0.32172615221727946,0.3876011725188083,0.22259573281593725,0.31426742498453153,0.31551765013507,0.32641999521360787
1990-04,0.32514664238610097,0.3432888639207579,0.3870926139310623,0.27090126279358107,0.33160734575787554,0.3549889768301929,0.3058407632641248
1990-05,0.32514664238610097,0.3571089371840054,0.3802864212186201,0.34851660651786026,0.3527646518266467,0.5079022030922754,0.38264036775207855
1990-06,0.32514664238610097,0.4209037591673448,0.494987375668053,0.4349316877281729,0.41899236623741787,0.446624455316121,0.3358779098743113
1990-07,0.32514664238610097,0.3711334195032256,0.42796905903311766,0.4552796839823129,0.39488220122618933,0.3776376421044459,0.2989675089084942
1990-08,0.32514664238610097,0.38722343183761937,0.4199802618080192,0.5646812739165119,0.42425790248706285,0.5828181998136264,0.4181267338288681
1990-09,0.32514664238610097,0.3459359705822451,0.4007585391558663,0.4062927005287268,0.36953346316323477,0.5702639758237861,0.37182426231876076
1990-10,0.32514664238610097,0.34959653847050165,0.38177926768392484,0.36808021607551733,0.35615066615401125,0.6971510608835164,0.46778753350732694
1990-11,0.32514664238610097,0.313227622211385,0.26360482156668863,0.2819070584783545,0.29597153616063226,0.5876023986794087,0.3983593408920602
1990-12,0.33212460252496007,0.32288534875153996,0.3005404333056591,0.35633407177842524,0.3279711140901461,0.5422001907276316,0.3813379400978332
1991-01,0.33212460252496007,0.31139649642494965,0.3027702226217381,0.3625878270868766,0.32721978716463107,0.42291086038046116,0.38394207144593245
1991-02,0.33212460252496007,0.31072043572771074,0.28598620508427364,0.2778011415416745,0.3016580962196547,0.42917023157762907,0.3723512218006071
1991-03,0.33212460252496007,0.3215284263409899,0.3310277669959202,0.31987690382334527,0.3261394249213038,0.45719451820965373,0.36734969537782314
1991-04,0.33212460252496007,0.3313029330349995,0.34628653063414117,0.37589871543456077,0.34640319540716535,0.3932470839461952,0.37032402743391235
1991-05,0.33212460252496007,0.35437975372682395,0.38512086957490166,0.4416998458932924,0.37833126792999455,0.4493808476269776,0.39335979603206184
1991-06,0.33212460252496007,0.36645452753697233,0.3651373686933768,0.4491915544273511,0.37822701329566505,0.5093588644217358,0.3898644368176951
1991-07,0.33212460252496007,0.3549278369321302,0.22110448327595617,0.43508793726153394,0.3358112149986451,0.4023751475039188,0.33016924481977594
1991-08,0.33212460252496007,0.28304432814417546,0.17281172620007113,0.36539698616043254,0.2883444107574098,0.19176767735893518,0.2809788010950894
1991-09,0.33212460252496007,0.2637704944866628,0.10734845510335073,0.3118172320246713,0.2537651960349112,0.08081981264159438,0.2636305508750202
1991-10,0.33212460252496007,0.2845127078258994,0.2527180573062204,0.35343350194362116,0.30569721740017525,0.20235672308273797,0.3033980641994763
1991-11,0.33212460252496007,0.29046880715820184,0.3913155021039977,0.43839411760897656,0.363075757349034,0.27975223537633587,0.32001440461400976
1991-12,0.3330416290211016,0.3427000142934525,0.35810308255404044,0.3608079850042847,0.3486631777182198,0.373492189805184,0.3465899744829931
1992-01,0.3330416290211016,0.28489318257856716,0.2606609757888034,0.3580037701944119,0.309149889395721,0.22449466756684347,0.25864268539477037
1992-02,0.3330416290211016,0.28620337358681547,0.2287189435374769,0.3531321294227694,0.30027401889204086,0.28015874222639087,0.32920558830521224
1992-03,0.3330416290211016,0.28261459222965246,0.22169550122764908,0.30230047652389574,0.28491304975057474,0.09017479251783365,0.24885392819112126
1992-04,0.3330416290211016,0.29502883712877237,0.3006309876447316,0.35005313297307955,0.31968864669192126,0.30046491911587203,0.32873206398352217
1992-05,0.3330416290211016,0.2982909319555581,0.26841194406472263,0.3223608351937677,0.3055263350587875,0.2751875210352641,0.3224971743212991
1992-06,0.3330416290211016,0.2714611406387234,0.2993856067783399,0.30485889521677995,0.30218681791373625,0.24730605879342096,0.27047681347030345
1992-07,0.3330416290211016,0.29914052554674603,0.3673068680126187,0.3164831291532886,0.3289930379334387,0.1020482478435211,0.24111870291698903
1992-08,0.3330416290211016,0.29709193539993406,0.2620378217204169,0.30089662967506925,0.29826700395413047,0.12261933980177012,0.29669006222754096
1992-09,0.3330416290211016,0.298409079535103,0.313361645405621,0.34979085281413064,0.3236508016939891,0.18822664058865574,0.28217425967144494
1992-10,0.3330416290211016,0.2965278859454267,0.31023174870087505,0.3269312597964664,0.31668313086596744,0.21843853143222827,0.2866468108560867
1992-11,0.3330416290211016,0.295209906092334,0.2620378217204169,0.29520037735611887,0.2963724335474929,0.13458930997749632,0.2583736970280672
1992-12,0.3260157889151338,0.22708236622539796,0.178578650025333,0.19534910246292977,0.23175647690719864,0.14766667223954122,0.2731325179810814
1993-01,0.3260157889151338,0.24645315663006018,0.17473311632324737,0.26035651117843395,0.2518896432617188,0.2440423279331995,0.31923275941829693
1993-02,0.3260157889151338,0.2357549447354997,0.1277657410359178,0.2430241806497099,0.2331401638340653,0.05437662509535989,0.20981500700538233
1993-03,0.3260157889151338,0.24331977717736458,0.249594751945413,0.30225072266224556,0.28029526017503925,0.09745103315841558,0.25755249302627026
1993-04,0.3260157889151338,0.23982799322352022,0.21287006261311464,0.30084993436558843,0.2698909447793392,0.09710109206249458,0.2611710941443685
1993-05,0.3260157889151338,0.31934467041200604,0.22717352186248038,0.3529062598686477,0.30636006026456697,0.35608909194233535,0.3568302191356204
1993-06,0.3260157889151338,0.34488011100776594,0.2937356818282985,0.36020940372366395,0.33121024636871554,0.4842120688262499,0.3922678592475879
1993-07,0.3260157889151338,0.3306988555154634,0.25127825636090134,0.2640530217984919,0.2930114806474976,0.5287962480330247,0.38095261451791873
1993-08,0.3260157889151338,0.3294081075729306,0.2574091724476061,0.23373740142359278,0.2866426175898158,0.4612607222213562,0.3582354603442077
1993-09,0.3260157889151338,0.2686496241440659,0.19895867151712524,0.24336961340655455,0.2592484244957199,0.33507585003802925,0.32601757093955785
1993-10,0.3260157889151338,0.28172561537994606,0.2654928355651706,0.24354953275396002,0.2791959431535526,0.3503110084666748,0.3394580595959784
1993-11,0.3260157889151338,0.2589847589592064,0.29721733205601697,0.31295067716397723,0.2987921392735836,0.27992084840652576,0.30150183214737447
1993-12,0.32398295938261795,0.26982313425766785,0.24333781653230846,0.22146477479195553,0.26465217124113743,0.30878700985208746,0.3307425057307545
1994-01,0.32477951994519727,0.27998903365845,0.20045856744175758,0.2728298722740776,0.26951424832987064,0.3264772922137872,0.33304336345265284
1994-02,0.3410694309134972,0.35317042002865645,0.26261535211667325,0.3659500564502818,0.33070131487727716,0.5975477232460074,0.4306899313977032
1994-03,0.3439835377746266,0.35415795019297663,0.307182497716817,0.38759382189198666,0.3482294518941017,0.635993218288692,0.43214941814250474
1994-04,0.3503627715014672,0.3600260748743163,0.342561668952822,0.5143336333683404,0.39182103717423644,0.7415445634035047,0.47642805532933513
1994-05,0.35014238891370625,0.35389521036515265,0.39679287182061523,0.5012717839884466,0.4005255637719802,0.7361527163862546,0.46732754965622036
1994-06,0.3503736483456812,0.3528650931578802,0.3893435442615996,0.45828087424903174,0.38771579000354817,0.7406819082461379,0.46439604785186894
1994-07,0.347096210854937,0.3427272791822659,0.25742538663995623,0.39903376137330354,0.33657065951261567,0.6865849543435427,0.45616816310878683
1994-08,0.34637666324758704,0.35013262373436277,0.38323008619517585,0.4239314169046533,0.37591769752044474,0.6750939274524771,0.4553752029301047
1994-09,0.3466701886747605,0.359622960625929,0.4010447010956714,0.4409302766568509,0.3870670317633029,0.677144565423441,0.446066488391282
1994-10,0.3455176025747584,0.35405206574235015,0.4010447010956714,0.4844987602482119,0.396278282415248,0.6577958888837314,0.4476609178574504
1994-11,0.3327555227927874,0.3566578566746538,0.39015598944082264,0.40273584411711333,0.3705763032563443,0.4481029057224627,0.3489798744223092
1994-12,0.34052028974334636,0.41852284798841843,0.5618026508288922,0.4488738006805489,0.44242989731030147,0.3512259388395171,0.3461804674030951
1995-01,0.3375247525677193,0.37432895098122543,0.48166054746674436,0.4469173134688679,0.41010789112113927,0.3118395597945967,0.3797245006191967
1995-02,0.33709256466283516,0.3703368359872321,0.3294795756958346,0.43556641943002905,0.3681188489439827,0.3738748894647947,0.35129129203884524
1995-03,0.3589671048972795,0.4382975926120309,0.34591109428940575,0.3296024076484843,0.3681945498618001,0.5178698167355416,0.4271259652953331
1995-04,0.3477819542548201,0.37354816826968734,0.300248507632443,0.24131549913131517,0.3157235323220664,0.4276954927005143,0.35868238267768404
1995-05,0.3341611261794223,0.2826208062832323,0.2805754981692085,0.1826182543981095,0.2699939212574931,0.30753184568171194,0.3134045363418644
1995-06,0.3446851431866018,0.34014458957142724,0.2600823416896762,0.19915529408069796,0.2860168421321008,0.3952731970280464,0.39249517179222404
1995-07,0.3554070083731577,0.3760910248582529,0.28316749612127556,0.2697820210703301,0.32111188760575404,0.4903665044609391,0.42540287096636864
1995-08,0.37170960967010486,0.39381059263030044,0.34334035384344214,0.19330990992755515,0.32554261651785066,0.6095515332541427,0.423982165253424
1995-09,0.3645243324267549,0.411266336862092,0.41440285832647017,0.25812308750272617,0.36207915377951083,0.5691016972200825,0.426882314095825
1995-10,0.34308292793761835,0.3743953850362289,0.506760997754262,0.37334905163719784,0.3993970905913268,0.39749600161702087,0.3609305323738711
1995-11,0.3459182331696496,0.37808698649673705,0.23149066141612684,0.37192667872328605,0.3318556399514499,0.4028328096987139,0.36212545157105036
1995-12,0.38011504690042663,0.4285356568123287,0.44153952269497776,0.38178455334975325,0.40799369493937154,0.4680567037212376,0.4109615180363082
1996-01,0.409463715609699,0.43610336813882766,0.46520764574243667,0.4344798158094365,0.4363136363251,0.5506624487794018,0.4312734777830188
1996-02,0.4211004675632066,0.43673715996333945,0.46537794621884254,0.45065803686837597,0.4434684026534411,0.6062076528435125,0.45423865927570983
1996-03,0.44241706916846346,0.4294504344395376,0.4390794069840638,0.45932891617623606,0.4425689566920752,0.6546672315280525,0.47194416227006064
1996-04,0.43163388150382687,0.4382944722502431,0.3630988463863093,0.44058637679969,0.4184033942350173,0.6467634118281658,0.454609088473503
1996-05,0.4421660474722281,0.4376360184686347,0.375264412521321,0.4869835749690111,0.4355125133577987,0.6786346989366081,0.48947705094116645
1996-06,0.4095407269400558,0.4323776775926596,0.3907296588372246,0.39743238003341014,0.4075201108508375,0.553901004564901,0.4118780810683703
1996-07,0.4076535743397879,0.47539964732970047,0.46252146136213307,0.464668939236704,0.4525609055670814,0.5116703853858992,0.41571255263562407
1996-08,0.4070661229348642,0.46043020842824434,0.4701426892017411,0.47520352728090665,0.45321063696143904,0.5301150170403612,0.45356580526563905
1996-09,0.41727140075332525,0.4488836257985775,0.45607490757302593,0.4831856480785384,0.45135389555086675,0.5920762110582029,0.45169239082719925
1996-10,0.4344405151679358,0.4338991701627917,0.44191288280664115,0.4672118011249029,0.4443660923155679,0.7020185088275919,0.4825345269520812
1996-11,0.39953691334367303,0.4230968304376167,0.44687088220654253,0.45056382858793564,0.43001711364394196,0.4733668832557612,0.36999638601102963
1996-12,0.3731009468825051,0.4315097143077942,0.4368338389257037,0.5276509774474782,0.4422738693908703,0.5021846168002634,0.4393000058670644
1997-01,0.37256469810234244,0.41801630573231024,0.3993968869804639,0.37658380694502497,0.3916404244400354,0.4906322268468569,0.43193407100233816
1997-02,0.37737803719649504,0.4380161284071063,0.39200193108084946,0.36464270827532264,0.3930097012399434,0.5316323220653577,0.4430567768601811
1997-03,0.3820248309339151,0.43078282251266636,0.4209398159696946,0.5434972890183044,0.44431118960864513,0.5481857434853338,0.4578395606062674
1997-04,0.38745187697696065,0.48387316626455984,0.42491404084054357,0.4982858083373439,0.44863122310485204,0.6056351502124793,0.46926374333883614
1997-05,0.3885224906217391,0.47911140362720084,0.5072798846785895,0.41294193875311624,0.4469639294201614,0.6082490900277806,0.45671874102818644
1997-06,0.3783255692271051,0.4804547882747539,0.5073315770513508,0.33906306654563745,0.42629375027471184,0.5342946630158762,0.43618318841297077
1997-07,0.3797591402583958,0.4890997728609234,0.5702567690901873,0.4291791167510489,0.4670736997401388,0.5403054256044474,0.4588304563345864
1997-08,0.3751189201800735,0.49159481521447557,0.5890280639066092,0.5233752945459125,0.4947792734617677,0.511127980755993,0.41727103265684196
1997-09,0.3832896183984642,0.48925024264409916,0.5890280639066092,0.45643575794946945,0.47950092072466055,0.5727857201942018,0.46435504945676986
1997-10,0.3101036669479691,0.3559224714498561,0.4685348588905902,0.3558099747549729,0.3725927430108471,0.06050950019396005,0.2104712103342271
1997-11,0.2917298457331887,0.33022024525512284,0.457071160183803,0.2198872004375358,0.32472711290241263,-0.07860549464723529,0.18180223554619232
1997-12,0.26300425745664135,0.2876369153140791,0.21004964553929992,0.2608676346239174,0.2553896132334844,-0.35434815820619225,0.08340821497958087
1998-01,0.2692040103777201,0.29526357019788996,0.3064257672135673,0.2907192991898812,0.29040316174476466,-0.282361944062464,0.11570354600327176
1998-02,0.27697226773976613,0.3010690632011935,0.29581610903900796,0.2736105067122159,0.28686698667304583,-0.24092835684277797,0.1550389772702201
1998-03,0.29931840961134554,0.2976001232296839,0.2680420254674715,0.25017042898087605,0.2787827468223443,-0.04448889365235159,0.22401171200531023
1998-04,0.35755213213592363,0.37927994556859423,0.3413316617251759,0.35247139792845006,0.357658784339536,0.40832107407726553,0.3658487703302814
1998-05,0.3528525847751835,0.33935225562771154,0.33431168102489595,0.4102938007106708,0.3592025805346155,0.351509084916916,0.2931061611570846
1998-06,0.30867590592611144,0.3070135087043474,0.29030842937220513,0.2763129052030319,0.295577687301424,0.006531614363965013,0.14172369154935824
1998-07,0.266522606820789,0.29308732087778255,0.3525952680421644,0.31176762142961184,0.305993204292587,-0.31891018218184836,0.10005543712900632
1998-08,0.2427382556578886,0.3125141411543862,0.3967966930224172,0.2920587952766742,0.31102697127784157,-0.5071158557056981,-0.0005752059092384576
1998-09,0.2446921116859696,0.3132655374402392,0.3554744651527468,0.2365401679990067,0.2874930705694906,-0.494574472240331,-0.01884989447467167
1998-10,0.2653693027587896,0.30692335458450776,0.36915294929244574,0.2984953813944881,0.3099852470075578,-0.33165140002569765,0.07475087797871677
1998-11,0.26624623536558256,0.3084972852670672,0.3842438979006082,0.28876302934521725,0.3119376119696188,-0.3375972173844101,0.03210204098562028
1998-12,0.18848050130738708,0.17563218315908097,0.06869540482999052,0.008782170411934465,0.11039756492709826,-0.24415182826733414,-0.03298008943329234
1999-01,0.14483325734365748,0.1741940812773442,0.03275251997169347,-0.028499882525328202,0.08081999401684174,-0.5101702806685992,-0.12274012684899327
1999-02,0.2087775906208183,0.22129124256260524,0.1106509087207233,0.2284692236931889,0.19229724139933393,-0.17783498883741933,0.0935338177498806
1999-03,0.24154265163337718,0.17218733974786357,0.09760816531891084,0.22233255885966272,0.18341767888995358,-0.05598260351792085,0.07501990850326419
1999-04,0.28628695697274975,0.21213865718515426,0.10931118382893984,0.2345917457338614,0.2105821359301763,0.13228083707458316,0.12075571898068625
1999-05,0.29035981867476085,0.2315223543708153,0.21434168321682942,0.30929033845147824,0.261378548678471,0.14894822915233233,0.1812750293710187
1999-06,0.3311096443803488,0.2776850326287544,0.12960941512331262,0.38917039022129224,0.281893620588427,0.32843557523888306,0.26882072930486217
1999-07,0.3511404220153036,0.3965835772686451,0.2908898953219022,0.3872041847647838,0.3564545198426587,0.4160950211458625,0.25789693932459484
1999-08,0.38808723132467315,0.3958950574528821,0.21390526234569723,0.3690302326341327,0.3417294459393463,0.5799261412093834,0.3808052568563739
1999-09,0.38009481738409423,0.4056468859010888,0.25806182181049303,0.37159913189654614,0.35385066424805556,0.5322564737277319,0.33499789325638674
1999-10,0.36228745364565046,0.4103816295171066,0.3212091615118922,0.2896279730454173,0.34587655443001664,0.4648770821337797,0.31806852624342047
1999-11,0.330953666743189,0.30871179556681555,0.3080270673474075,0.29699135517543157,0.3111709712082109,0.2944396928633415,0.27534657546128893
1999-12,0.3157210689551308,0.28644899759162057,0.3727950964764667,0.36884426970594847,0.33595235818229163,0.2652942146166055,0.2996398694007441
2000-01,0.25900928658526345,0.22658273338648666,0.27118570139338055,0.28892371723771176,0.2614253596507106,-0.00016775265726458736,0.16222551546102196
2000-02,0.2193517460345224,0.2075586645126353,0.22405203878207933,0.18000554905938726,0.20774199959715609,-0.10497799157327385,0.1137292175219635
2000-03,0.2228746617339017,0.14208840989217378,0.16528726780143713,0.04004901848385417,0.14257483947784166,-0.09910361152631697,0.14753834582176767
2000-04,0.17065750690976947,0.1422195524179903,0.169404326974765,0.06010641096552316,0.135596949317012,-0.3071312977373518,-0.0078535986733273
2000-05,0.1778417443121622,0.14841377794084676,0.15858733735207733,0.06898251501462471,0.13845634365492776,-0.27374868324934354,0.07171930437432557
2000-06,0.18426632311087415,0.18172336764287633,0.13596742000206594,-0.027523480719941484,0.11860840750896873,-0.2549302279593136,0.13177684530928824
2000-07,0.26833402803995826,0.1429013257118169,0.16245201132810114,0.08610186716154367,0.16494730806035499,0.06424095872164017,0.1986872370532929
2000-08,0.2598285087638218,0.16304001153508973,0.2830763942933168,0.03160473403237629,0.18438741215615115,0.14537143722061246,0.16158877842771488
2000-09,0.2824564764064526,0.16374091704077057,0.20737095931571722,0.06578282245369127,0.17983779380415793,0.14137378046961444,0.2223295969921277
2000-10,0.22773037255459022,0.11237982291530581,0.009123823373877456,-0.04834439096173987,0.0752224069705084,-0.07693560845085111,0.06949749605316412
2000-11,0.20176332376137143,0.11784442006047445,-0.07605650010169057,-0.043966496814087264,0.04989618672651701,-0.22617635472924402,0.018198934950911655
2000-12,0.1360828317026323,0.06670507822576799,-0.054878609596815134,-0.022448961273046575,0.03136508476463465,-0.312000834526569,-0.03134353158831321
2001-01,0.07633264746996371,0.06534383652025998,-0.022069087175783385,0.010431604428134011,0.032509750310643584,-0.5224397708352876,-0.1834735575166581
2001-02,0.08673271984130759,0.06495278811233046,0.053307268988424895,0.09260866436951473,0.07440036032789442,-0.4790545139693395,-0.05056229855636468
2001-03,0.07182155833788134,0.07183883906401721,-0.022882748415406523,0.052872563011212126,0.04341255299942604,-0.5425625593853974,-0.14284031107661474
2001-04,0.1218785887867502,0.07178188662874614,0.011838762279329649,0.01432102815107772,0.05495506646147593,-0.37621808284045927,-0.07438219016275274
2001-05,0.14259354241354333,0.10956140399250947,0.13641704133223775,0.08495287321692144,0.11838121523880299,-0.28797352274145915,0.03558361121603497
2001-06,0.17106900975933034,0.10934493374313681,0.08411650056512743,0.19077008281761307,0.13882513172130193,-0.18825142529847522,0.008685230382386111
2001-07,0.21074996252284933,0.11320773909756834,0.08411650056512743,0.2199445762651293,0.1570046946126686,-0.02828014489180612,0.03954636164283509
2001-08,0.12323839798477065,0.11597468309684539,0.12394285787518315,0.292518008452395,0.16391848685229854,-0.3407679390010049,-0.12985054612592592
2001-09,0.1562994513668542,0.10593883754577835,0.034436118562290785,0.15714345151491343,0.1134544647474592,-0.2109562366758869,0.017539799438777093
2001-10,0.17597665031881532,0.11602121916069244,0.11501191151094341,0.20587882950756634,0.1532221526245044,-0.18077164285282524,0.01664699025530668
2001-11,0.2232606247484668,0.11397096771931871,0.1466667107542782,0.2786182966207478,0.19062914996070288,0.04033082979987807,0.14911674510224165
2001-12,0.18898872468718692,0.06603577932390352,0.014816114779385868,0.19569429256799503,0.11638372783961784,0.03124826800996685,0.026025059240967957
2002-01,0.14756308073924757,0.03347752170750336,0.011818639069472536,0.12046616002831381,0.07833135038613431,-0.08489213447366546,-0.07136171035885566
2002-02,0.10927491473194711,0.026640622588096477,0.01468931864240097,0.1078516416236158,0.0646141243965151,-0.2833584840863292,-0.0706085251476046
2002-03,0.07050516577067018,0.025021333720284127,0.10903153756416124,0.2603035427205186,0.11621539494390853,-0.32876125506456483,-0.042942231436899625
2002-04,0.08340003229964685,0.018894311096768958,0.11515648072404504,0.24705211713922884,0.11612573531492243,-0.27040735370289354,-0.08058341903500338
2002-05,0.02884182991083628,-0.003732803759741209,0.0978653078404448,0.21457291532167833,0.08438681232830456,-0.4665184029282211,-0.2096066272866799
2002-06,-0.011307466105844433,-0.00685714106071951,0.12823289899838994,0.17786130324417243,0.0719823987689996,-0.5398350516427349,-0.17809672074366895
2002-07,-0.04686971571655463,-0.007601557045309898,0.07738592014043585,0.08814155257612255,0.02776404998867347,-0.609294758199661,-0.25792602942428
2002-08,-0.014365017720505913,-0.007601557045309898,0.06440391077708925,0.0731569899549524,0.028898581491556462,-0.5039324582784488,-0.1811590862011302
2002-09,-0.04832271447517572,-0.008408200290901925,-0.02002743304557814,-0.11831669186093968,-0.04876875991814887,-0.5886381935368413,-0.2898173003567485
2002-10,-0.06544900834553763,-0.009373747647787008,-0.015974747028588334,-0.039193744945208275,-0.03249781199178031,-0.6459123926173715,-0.3200126010613217
2002-11,-0.11174236374711899,-0.008812050389494844,-0.020207630773227184,0.0123183307051965,-0.03211092855116113,-0.795829254929403,-0.40722555339485694
2002-12,-0.2400544317395209,-0.16127564558169885,-0.23564505849981948,-0.42712419146673974,-0.2660248318219447,-0.7544788580256153,-0.4463712187454428
2003-01,-0.2244839268805776,-0.15653559868826653,-0.30801189422159103,-0.41211320955159125,-0.2752861573355066,-0.7437797122792598,-0.5026488638060964
2003-02,-0.17551254929619858,-0.15497971598324695,-0.24079570933111835,-0.2923505115102374,-0.21590962153020032,-0.601836458974984,-0.41911724070623424
2003-03,-0.21424300165671534,-0.15447323552543815,-0.3131675422248552,-0.3098048424582249,-0.2479221554663084,-0.7154686132052646,-0.5252595127198671
2003-04,-0.19202627315564702,-0.153812464502641,-0.23896957230396046,-0.2159571007400954,-0.20019135267558597,-0.6709516420344759,-0.45186816258875223
2003-05,-0.16078798911512038,-0.15838164237682517,-0.22196816805412287,-0.18682415731351348,-0.18199048921489547,-0.6013654913288856,-0.4017726722408665
2003-06,-0.035124000122495,-0.1552453001530322,-0.22882169081549755,-0.21632782769216963,-0.1588797046957986,-0.3382982707475081,-0.2925267430443772
2003-07,0.0907541196262375,-0.10666925537347038,-0.2072652782768606,-0.20946670235632708,-0.10816177909510513,-0.0670439358800366,-0.09202381363229811
2003-08,0.16263880898847483,0.08059865058504449,-0.11208015943889968,-0.06924977738359633,0.01547688068775583,0.07829117598878396,-0.02776704867323497
2003-09,0.10901125371139928,-0.07103557599538142,-0.0848368045699954,-0.0865155000064477,-0.03334415671510631,-0.04007338218095755,-0.2188425445743536
2003-10,0.030820611744710624,-0.0772109790629437,-0.13779251404151713,-0.07764269693706899,-0.0654563945742048,-0.23636926359115984,-0.21937698730198968
2003-11,-0.06464075352951043,-0.08127287425372401,-0.04585006837795979,-0.03209267121495957,-0.05596409184403845,-0.4735755258692837,-0.2993212143435789
2003-12,-0.06874821367195258,-0.1725483391560123,-0.16953257999098756,-0.10311109863078291,-0.12848505786243383,-0.3676888664167635,-0.23505954148082786
2004-01,-0.009195968677476102,-0.16954393298169124,-0.10447035198659334,-0.052568237068310625,-0.08394462267851782,-0.2878031203113343,-0.15606915445316993
2004-02,0.08128901293336183,-0.16444081335879215,-0.1064608863034213,-0.09101998647647261,-0.07015816830133106,-0.08376210381627312,-0.00511568740337439
2004-03,0.08898752975565047,-0.17222581489129643,-0.13028163470209264,-0.10017595230395795,-0.07842396803542415,-0.04800969964945978,-0.054963326811762164
2004-04,0.11693915568249419,-0.11413858236790764,-0.09905780925433072,-0.021741457235559064,-0.029499673293825808,0.013326302253655489,0.008393272470861808
2004-05,0.11481038078639078,-0.08727515932182751,-0.1253341945448885,-0.06243854973286281,-0.04005938070329701,0.02012609959260855,0.06582845294573886
2004-06,0.19993295136492314,0.08429961126448648,0.12054955756628613,0.012626558998219573,0.10435216979847885,0.18470262053282796,0.13336694366759047
2004-07,0.13905993661181718,-0.07232083620607446,-0.06062134423070947,0.08495765848366377,0.022768853664674252,0.04718404095690349,-0.057343702206839
2004-08,0.012725585851506294,-0.15449764563140195,-0.09895178390618176,-0.002448648195941705,-0.06079312297050478,-0.22401144358504718,-0.19423425044301595
2004-09,-0.060141584269660125,-0.16168160319836591,-0.16258833513922658,0.007080679651500027,-0.09433271073893815,-0.3953015957024253,-0.1606384595067547
2004-10,-0.10518176284013228,-0.1690915525569892,-0.16457886945605454,-0.0684223524232275,-0.1268186343191009,-0.4766371382914849,-0.2632201762140972
2004-11,0.024525495887964016,-0.14826517840162282,-0.11467197890483984,-0.019729602963856924,-0.06453531609558888,-0.21119129833799263,0.03342986500330625
2004-12,0.0600037513043134,-0.1485507643846523,-0.15608295363892097,-0.055436835130028644,-0.07501670046232213,-0.1026281264797566,0.012429260860971701
2005-01,0.16024287716212185,0.02556659176268952,-0.01719198432780106,-0.023464262773962824,0.03628830545576187,0.11364042518966541,0.026332982993386118
2005-02,0.15040168670669446,0.021836606422747,0.05750857777950898,0.04351065356188477,0.0683143811177088,0.07642274350087637,0.08274160713179934
2005-03,0.22477071381545005,0.05118474255511265,0.057872891692891976,0.10131892420839056,0.1087868180679613,0.2573179393410077,0.22353417324735722
2005-04,0.12458569841175977,-0.11696067495108695,-0.1942359460313763,0.04411850269290518,-0.03562310496944958,0.04459264707280631,-0.060785876186294954
2005-05,0.08910062096237478,-0.13432293461877676,-0.20361135856605095,0.03549123601188631,-0.053335609052641654,-0.026294756851519465,-0.03895957464058673
2005-06,0.0013851049076601396,-0.16123825741716333,-0.14933725911716925,-0.009840341150612358,-0.07975768819432119,-0.22689970120442934,-0.05535791109874434
2005-07,0.12714219299125745,-0.12410463847623218,-0.06309038233325888,0.17766174481877486,0.029402229250135314,0.028367381404158135,0.07351031717499813
2005-08,0.16201733331751456,0.034560316940498895,0.14570963883746715,0.0962373805305981,0.10963116740651967,0.14602266832076216,0.13576755646620148
2005-09,0.1296799368011385,-0.1137234594578716,-0.08924307404275066,0.18182708149112126,0.027135121197909378,0.011687007680941833,-0.07447282443811332
2005-10,0.0811293329606467,-0.15683689358217257,-0.19931809725163804,0.002900194409741541,-0.06803136586585559,-0.05781257182501065,0.030509411168322443
2005-11,0.08457461920862405,-0.14199450130910243,-0.11576567340283546,0.0709887667613337,-0.02554919718549503,-0.13482176544731447,0.009623210265417168
2005-12,0.09091627452446194,-0.11095189170735925,-0.05550202628960468,0.07820468449443391,0.0006667602554829774,-0.015493308292018561,0.03862691204259518
2006-01,0.08503708132772983,-0.0861891740912548,-0.07214871478064999,0.13243851946335045,0.01478442797979387,-0.06480334315936187,0.004498477694339288
2006-02,0.06292689441479496,-0.07626333338774935,-0.060832128622690974,0.11105512320406456,0.009221638902104801,-0.10565167806449015,-0.014506354100750095
2006-03,0.14116788626599222,-0.0524777568928838,0.016140112589696057,0.16087473158988572,0.06642624338817255,0.055863174629860464,0.11470986826983645
2006-04,0.19441582215742456,0.06219040052911161,0.15733069302383584,0.1650261310050825,0.14474076167886363,0.1701354785506209,0.12937348955369
2006-05,0.23955139394120994,0.06853042770923827,0.10440512921673357,0.256081991277641,0.1671422355362057,0.2575085445181201,0.18054248676158505
2006-06,0.1360969955396451,-0.06803257872583697,-0.09083475261281568,0.18736761596961884,0.04114932004265283,0.0804262722649341,0.06314113198248462
2006-07,0.15116735078341198,0.002056662606526319,0.003036221474312442,0.1404296318522434,0.07417246667912353,0.14813268186152106,0.16295755087818936
2006-08,0.16888531381741786,0.040506092318124666,0.006103165586891655,0.10099798389813913,0.07912313890514333,0.1645092028240592,0.20672975104244815
2006-09,0.22485661197046974,0.04241828556785925,0.08421580951023114,0.2046914614466789,0.13904554212380976,0.2654343408874217,0.13251767036591575
2006-10,0.1795465497691875,0.029932723269214003,0.12076872548435293,0.14885498190036162,0.11977574510577901,0.1415488654142392,0.1293358049670852
2006-11,0.10513408202504593,-0.10357919810722092,-0.10042053632455503,0.09972247029673151,0.00021420447250037125,-0.020628638444705177,0.07056199967086912
2006-12,0.12306259628316793,-0.05005127760603098,-0.026322825444417483,0.10719196683105606,0.038470115015943884,-0.007546841060584092,0.0682891311383384
2007-01,0.12060701974423484,-0.03597193593702507,-0.045002148200741277,0.03441675527143065,0.018512422719474786,-0.0023090637011229415,0.10844606981393745
2007-02,0.01592542355904203,-0.07015560263366152,-0.050183005089965926,0.005258275897626813,-0.024788727066739652,-0.26945837470344747,-0.08779703085092677
2007-03,-0.008305520572691405,-0.08593371604484237,-0.14171389435477952,-0.03175959476031112,-0.0669281814331561,-0.32330951882783676,-0.09381418239918737
2007-04,-0.03849421613640169,-0.06795468963061148,-0.17645516311946355,-0.008939315586843133,-0.07296084611832997,-0.4091778534707113,-0.1385718858127423
2007-05,0.00039206738722116774,-0.06400818279821263,-0.012742517241825535,-0.027025522183326822,-0.025846038709035957,-0.29212101871187635,-0.08874995637771013
2007-06,0.20779380244685897,0.08867036203223295,0.12849202791841188,0.12690568602537838,0.13796546960572054,0.1935358797623098,0.1871192325363049
2007-07,0.0523660876243946,-0.07911063983081223,-0.08479745537994597,0.05123565979392225,-0.01507658694811034,-0.17065344734599716,-0.15828005333035372
2007-08,-0.030372601040947134,-0.17346589409676175,-0.2006664137134737,-0.012255004947971493,-0.10418997844978853,-0.36540755308103123,-0.28069200598228916
2007-09,-0.11766107581240465,-0.17326646974993526,-0.14154238854422332,-0.25297936553496336,-0.17136232491038164,-0.5677499389255203,-0.2640895612369727
2007-10,-0.11292347103027794,-0.14884417476521228,-0.13656715097173236,-0.21941434164832005,-0.15443728460388567,-0.5538609394707189,-0.32237659130142626
2007-11,-0.13467556795112773,-0.1660793717565116,-0.2174408124361885,-0.41645478878475717,-0.23366263523214625,-0.6018873077227753,-0.3947244847186129
2007-12,-0.17906802670037456,-0.20829853634706974,-0.20648161028432008,-0.24741436471287706,-0.21031563451116037,-0.6356019409398609,-0.4214556791430709
2008-01,-0.14946087356673218,-0.22272283629398848,-0.3402136575768511,-0.31010493231322267,-0.25562557493769866,-0.5580806928748189,-0.36540298679876915
2008-02,-0.1077775426640957,-0.22198549681512256,-0.25250389764789055,-0.19030604907068835,-0.19314324654944928,-0.47146632968031466,-0.34719833948206746
2008-03,-0.1408907782551582,-0.22031193080438752,-0.3290396819353931,-0.2789742199742795,-0.2423041527423046,-0.5486076309012627,-0.4382212053333452
2008-04,-0.15997642508652923,-0.21922429802624321,-0.24762382696912233,-0.19444067894617714,-0.20531630725701797,-0.626360681020321,-0.45645398045126095
2008-05,-0.17932786204815956,-0.1976985778094635,-0.22048955956848318,-0.14930021715731243,-0.18670405414585467,-0.6344188396019677,-0.3856032401300187
2008-06,-0.13952562526100867,-0.2195603402292729,-0.25250389764789055,-0.2534649796525734,-0.2162637106976864,-0.573920407318647,-0.4530901204639456
2008-07,-0.1341954988597385,-0.22055968341644025,-0.2607661471291536,-0.23784990147602128,-0.2133428077203384,-0.5246165686150923,-0.42103057036136016
2008-08,-0.14993557295579682,-0.21413861081944105,-0.23952973928814228,-0.1624894111381713,-0.19152333355038786,-0.5702477391109545,-0.42693076696669274
2008-09,-0.2230392749235652,-0.22286293532746576,-0.3467933596185234,-0.5179120775218742,-0.32765191184785714,-0.7320026924382238,-0.5451946563126446
2008-10,-0.09396543210329569,-0.22290545118544122,-0.3323999007594274,-0.3764461549993037,-0.25642923476186696,-0.4403959470576236,-0.2921428872015134
2008-11,-0.09813894662817915,-0.22904727380545087,-0.3694085324543858,-0.6344558265500219,-0.33276264485950946,-0.4424051464062113,-0.35597108300595093
2008-12,-0.2220658263524138,-0.3599976217361937,-0.4124302525533589,-0.7735418352193617,-0.44200888396533206,-0.33539030610333087,-0.3379111039649785
2009-01,-0.2479352030974864,-0.3719395479883633,-0.43691564350079015,-0.9995626190057354,-0.5140882533980938,-0.44827009205394086,-0.3521963166661237
2009-02,-0.18836257162026127,-0.35242070558344984,-0.43691564350079015,-0.9236150215580272,-0.4753284855656321,-0.4033021160334175,-0.3408369558231653
2009-03,-0.13639162500258328,-0.2817910022173428,-0.43580840282400396,-0.7944634151339475,-0.4121136112944694,-0.23785251747628128,-0.21395535037793156
2009-04,-0.1432553797428861,-0.28884022725442265,-0.4244128478003475,-0.847770721948186,-0.42606979418646057,-0.27384511853323174,-0.30611509689575256
2009-05,-0.07254382164312229,-0.28004881476934596,-0.40596753028786675,-0.7751824214256952,-0.38343564703150756,-0.1434506358743681,-0.13011218001182487
2009-06,-0.10717985142878195,-0.2802759412209936,-0.39763896177505265,-0.7663948243793263,-0.3878723947010386,-0.23595734133820023,-0.24043003440527935
2009-07,-0.07476239665656959,-0.2785430823125284,-0.38894725176044337,-0.6266988815399143,-0.3422379030673639,-0.18055201528483156,-0.24454372138319944
2009-08,-0.17142023881640012,-0.36100240290966107,-0.40145004746088603,-0.7290999379365485,-0.4157431567808739,-0.4341977485129205,-0.3352134137373296
2009-09,-0.20815291848083112,-0.35558424670212163,-0.34527964642435377,-0.5766207361445082,-0.37140938693795367,-0.46269994748101545,-0.27115745387665857
2009-10,-0.2177413821942532,-0.33806981796538105,-0.35063100206121595,-0.6531570808228361,-0.38989982076092156,-0.4834427056561783,-0.34109469655394387
2009-11,-0.16383892007133266,-0.2824242712122945,-0.2580266341538887,-0.4995125655859757,-0.30095059775587285,-0.362202410619529,-0.20817429886143488
2009-12,-0.29584434872156484,-0.2243057510395852,-0.2828515410916118,-0.4587166042474069,-0.3154295612750422,-0.414754506158363,-0.3052181961997533
2010-01,-0.3283407957917722,-0.190182137917874,-0.23696942120362824,-0.44155811409875634,-0.2992626172530077,-0.3332172555046292,-0.2578302641874737
2010-02,-0.35335227718852324,-0.1965833623418843,-0.3715055675500977,-0.3372792321930955,-0.3146801098184002,-0.4934652532752199,-0.3148051295649906
2010-03,-0.2441130318702447,-0.141248721900765,-0.2373074520533163,-0.3915731520372798,-0.25356058946540144,-0.36167592278430166,-0.18477490109414918
2010-04,-0.30619715456975516,-0.1891438878037978,-0.2429115741470161,-0.3682075716748975,-0.27661504704886664,-0.45992339388664405,-0.3584521147780868
2010-05,-0.46896604024514155,-0.3130556653136001,-0.47864056199597704,-0.5956405447898844,-0.46407570308615076,-0.6490405883485487,-0.4840082118006759
2010-06,-0.5048500485625802,-0.36421973153595116,-0.4920286053754727,-0.47358982007749817,-0.4586720513878756,-0.7457620152452797,-0.5230730297723524
2010-07,-0.4193537554951291,-0.36183900353878196,-0.4645535922525024,-0.11670507636554656,-0.34061285691299004,-0.7237910449047594,-0.49816484236951075
2010-08,-0.42566126388685277,-0.37036714165643175,-0.4312782882811044,-0.3276651842626737,-0.3887429695217656,-0.6833102563928855,-0.5225657441934377
2010-09,-0.45447398858707433,-0.34784916281402245,-0.4186789808808844,-0.3455005567680516,-0.3916256722625082,-0.6266651342421792,-0.479834585791555
2010-10,-0.4008301894426648,-0.2182704548999783,-0.2790053311852636,-0.30414374304767205,-0.3005624296438947,-0.5492657196239296,-0.3649640604264224
2010-11,-0.20653052505502922,-0.1758542566534869,-0.1839755716055813,-0.4053139388514112,-0.24291857304137715,-0.19035691867723975,-0.23195792241022148
2010-12,-0.03387962563671651,-0.16735416196196423,-0.1671911606381236,-0.14199554207312218,-0.12760512257748163,-0.0668033974203812,-0.23323921865075367
2011-01,-0.15154032732303388,-0.1599422028326197,-0.0781729999831669,-0.12065473988579614,-0.12757756750615415,-0.17302210131823223,-0.30525312639097313
2011-02,-0.2665016289476573,-0.1758948233358237,-0.11826675685556501,-0.19178934961226832,-0.18811313968782858,-0.3518549873497471,-0.3512181437042974
2011-03,-0.3459106644537874,-0.29922563855145756,-0.3070007838762501,-0.2190622180969525,-0.2927998262446119,-0.5900383815618776,-0.4951227845652133
2011-04,-0.2749464348181483,-0.20837884442256677,-0.1809568811201295,-0.2016026630797367,-0.21647120586014532,-0.5691794180895678,-0.39320059156445264
2011-05,-0.36935457469732813,-0.1985078619261303,-0.16349037704877492,-0.3641359794298743,-0.2738721982755269,-0.6318596079785778,-0.4578007417211698
2011-06,-0.5070412766112085,-0.23843154401341982,-0.3441096745044152,-0.4129040641798447,-0.3756216398272221,-0.605212901907931,-0.467867336809372
2011-07,-0.5001839694479006,-0.31400155607094843,-0.43014116258804397,-0.44964264223066563,-0.4234923325843897,-0.5416903289296853,-0.3690844309432241
2011-08,-0.5454422732663902,-0.37722832833183284,-0.436239992303407,-0.6082447034950375,-0.4917888243491668,-0.49512465663366767,-0.3769643894502688
2011-09,-0.542449031172825,-0.424091241974816,-0.48572510229651195,-0.5680600762253267,-0.5050813629173698,-0.5485316379367905,-0.4573300087934459
2011-10,-0.5839190738635297,-0.4206630487235949,-0.49291516001197416,-0.6063655134371064,-0.5259656990090513,-0.6389823547314051,-0.5058188604907777
2011-11,-0.6625434220675948,-0.42275358587366474,-0.5026213784454646,-0.5935736556596876,-0.5453730105116029,-0.7746210114004715,-0.5673847740176163
2011-12,-0.4545420306881371,-0.44467525969098565,-0.43170582593286544,-0.3049462540103324,-0.4089673425805801,-0.7463062642816002,-0.5886604325068096
2012-01,-0.3535156431396919,-0.40274947845066383,-0.3706319720501927,-0.21559963189311881,-0.3356241813834168,-0.6732959009619046,-0.5433131195208588
2012-02,-0.33242459581876665,-0.347831822878917,-0.3700231671607022,-0.2111400546316155,-0.31535491012250033,-0.613828571587225,-0.5404766823157745
2012-03,-0.2654644512633245,-0.3167100958191516,-0.23500443444971708,-0.21927227070864647,-0.25911281306020995,-0.5095748916368115,-0.4764816633904997
2012-04,-0.30689238221675647,-0.33934460183576753,-0.37942708667271124,-0.21888848767133384,-0.31113813959914227,-0.5112730478400768,-0.4950978734505187
2012-05,-0.35042581207092455,-0.3520392816130455,-0.37091266305717296,-0.26085426027929537,-0.33355800425510956,-0.5425638877161006,-0.5171159316434519
2012-06,-0.39921761793161975,-0.38688144360347126,-0.38019432939243497,-0.3452426109443982,-0.37788400046798104,-0.695160748001962,-0.5910442474308387
2012-07,-0.5511764330527764,-0.3606523789272118,-0.3911262060256696,-0.19966407599809816,-0.37565477350093895,-0.7374855407251559,-0.6043761341337875
2012-08,-0.5643308822235162,-0.354153350939814,-0.38666773897897616,-0.2790901148844336,-0.396060521756685,-0.6787855816177307,-0.5623527582763922
2012-09,-0.5634121318735092,-0.2998294016140732,-0.32110736568115983,-0.3142223616548111,-0.3746428152058884,-0.5728083112516127,-0.5285442686413397
2012-10,-0.38055216954685217,-0.2969722338321004,-0.1892234137074809,-0.31093186927759586,-0.2944199215910073,-0.5174806670949065,-0.5130475431539715
2012-11,-0.3976650274929821,-0.34062153791105404,-0.37302994647081306,-0.3549317522877248,-0.36656206604064345,-0.5781754227224368,-0.5343014402185525
2012-12,-0.5077404042668628,-0.36928063382449083,-0.36106112752915454,-0.5071203587681516,-0.436300631097165,-0.6245919255086575,-0.5465104910097296
2013-01,-0.4772945276194461,-0.36476386374678,-0.3605022706711048,-0.496663736639529,-0.42480609966921495,-0.6301199857012303,-0.5379600205808973
2013-02,-0.48348011784850425,-0.33751813857589485,-0.3186215642454016,-0.516791641268134,-0.4141028654844837,-0.628673383374814,-0.5612763514107889
2013-03,-0.4480538161143946,-0.33367175654140135,-0.23630972715707801,-0.4136800047016954,-0.3579288261286423,-0.59266795428441,-0.5257164480730219
2013-04,-0.505286387662142,-0.3438100264318957,-0.3490435238586216,-0.5455521104627576,-0.4359230121038542,-0.6023411001566009,-0.5484272782544107
2013-05,-0.4507902534235287,-0.28855050295537377,-0.22360034064079143,-0.493190969424506,-0.36403301661105,-0.45744710742698824,-0.45624509484963344
2013-06,-0.3172983212086997,-0.2558578543725577,-0.2939692503831362,-0.3867000521185733,-0.31345636952074174,-0.13513043841703112,-0.16902963529258366
2013-07,-0.21745467067241064,-0.15269374922382534,-0.2126926503888331,-0.27684576319802456,-0.2149217083707734,0.024843782857775148,-0.14180412777457538
2013-08,-0.204348207767517,-0.11630297704351542,-0.1718592011605208,-0.2545633000172137,-0.18676842149719172,0.08241674030730466,-0.14278908287490213
2013-09,-0.1799425661805666,-0.17895278827240158,-0.14579907932479197,-0.29042370447888943,-0.1987795345641624,-0.0241499449301942,-0.10371508976065433
2013-10,-0.1625606518731314,-0.06287008029815412,-0.16913005565565836,-0.2674137433669561,-0.165493632798475,0.022968869876213664,-0.057341475197443106
2013-11,-0.18776736935503546,-0.14061960625380066,-0.19162631488462648,-0.2618733266362582,-0.19547165428243019,0.024124257893196607,-0.0966731137341997
2013-12,-0.10209637484086005,-0.13383626962227146,-0.047899188951022034,-0.04890481555956126,-0.0831841622434287,0.0013609005327673584,-0.040611003343025476
2014-01,-0.284977787595821,-0.19780250902685845,-0.08979574300543475,-0.3329199539910473,-0.22637399840479033,-0.30556110675059794,-0.23500993787149316
2014-02,-0.30933718658956255,-0.2254154541087498,-0.17154671665476312,-0.24779449962622457,-0.23852346424482498,-0.34631896616041175,-0.20144316467927764
2014-03,-0.3643371965227504,-0.28920938729382123,-0.19026456465641248,-0.33442419658247735,-0.29455883626386536,-0.48100436007525016,-0.28854499233558345
2014-04,-0.382839138464822,-0.3592954264309696,-0.3525196634303558,-0.38159646279150794,-0.36906267277941385,-0.49378001921320847,-0.3100356048564836
2014-05,-0.38936971529174574,-0.30552040344748416,-0.275623317375454,-0.3482829247693754,-0.32969909022101485,-0.5663624183526684,-0.31633544171783673
2014-06,-0.32249696253540955,-0.2995568715369114,-0.29949738408132737,-0.2572947974934121,-0.2947115039117651,-0.5006086814303907,-0.25948664483002215
2014-07,-0.2769254688510777,-0.2356588491654027,-0.1222691561902998,-0.3322884620080855,-0.24178548405371642,-0.40402665115740993,-0.2916735677597817
2014-08,-0.2251265477650824,-0.20859386256865858,-0.1486512284430612,-0.22579895371343744,-0.2020426481225599,-0.33976274698796277,-0.29062008742814016
2014-09,-0.2378035730925856,-0.2125530533231213,-0.09693899912659786,-0.2562663457981618,-0.20089049283511662,-0.35613363721059516,-0.2924215171864603
2014-10,-0.30667808812043024,-0.251677420285018,-0.16753003744070324,-0.34101606629972064,-0.266725403036468,-0.4145388569536283,-0.36435919142280265
2014-11,-0.28879502878468455,-0.22368638196407878,-0.10208043491030083,-0.19118489781829856,-0.20143668586934066,-0.3780464231790897,-0.2974496183168452
2014-12,-0.3619056674924024,-0.36692130962804975,-0.32861862859055013,-0.4821400921344767,-0.38489642446136973,-0.5221110464091953,-0.4593605786710419
2015-01,-0.4661001414476171,-0.38447155832384206,-0.3723030037068513,-0.580221098278724,-0.4507739504392586,-0.6966397616858235,-0.5700239379700146
2015-02,-0.4274374056041141,-0.382972406887964,-0.37898600218529915,-0.4997687729639003,-0.42229114691031944,-0.6225297942245483,-0.42330290163877576
2015-03,-0.26076955010735064,-0.2872820802360167,-0.2456200150890601,-0.37506338923529015,-0.29218375866692936,-0.2906621360625617,-0.17544479501112265
2015-04,-0.11359930706570705,-0.21293277498833382,-0.16077266652853453,-0.2169511915332573,-0.17606398502895818,-0.007211895517012909,-0.23394598291937874
2015-05,-0.03899080316697927,-0.09760529762919158,-0.09449298897975324,-0.14505868915793252,-0.09403694473346415,0.08604620255903751,-0.10045574777475912
2015-06,-0.2893837791366742,-0.3108902251049155,-0.2480822852761487,-0.37720858788069545,-0.30639121934960845,-0.39173932757868485,-0.3786390398904319
2015-07,-0.30981982073798586,-0.32573036420999957,-0.324727362152876,-0.3696721009621642,-0.3324874120157564,-0.43253001977890526,-0.38677126205231094
2015-08,-0.3591888186406707,-0.36554596909359577,-0.4024618777351829,-0.3933926483650323,-0.3801473284586204,-0.4431398638104521,-0.34980883642148847
2015-09,-0.39323867938550866,-0.42818907813294765,-0.4806303457254747,-0.411467736423188,-0.4283814599167797,-0.4999738313781782,-0.4281496839803094
2015-10,-0.3949221970889712,-0.4284348004788834,-0.47956777041033805,-0.36390770821238505,-0.4167081190476444,-0.5118674019299513,-0.41008213090858586
2015-11,-0.39792020775270337,-0.4318154103479168,-0.4779119683794471,-0.39235465440567296,-0.42500056022143506,-0.5644451845395424,-0.3795278786344714
2015-12,-0.2969322147060349,-0.3931657125740321,-0.39427124886441905,-0.42138087775393646,-0.37643751347460563,-0.3427933102746989,-0.29964721376376924
2016-01,-0.30244723859373723,-0.35638717806439113,-0.412979287600082,-0.4403059564278428,-0.3780299151715133,-0.3039990552067797,-0.28910662494693196
2016-02,-0.3705130455055505,-0.4121558651946927,-0.39040184164232616,-0.42286543322946474,-0.3989840463930085,-0.42843854312523116,-0.40298892265006087
2016-03,-0.40514795440350626,-0.4283316599506984,-0.4538380492465118,-0.36393279728344374,-0.41281261522104007,-0.5292796030749441,-0.4170342361271484
2016-04,-0.42010185055682203,-0.4189944053258721,-0.37871506796478216,-0.4072138710665081,-0.4062562987284961,-0.6000925648001996,-0.4364249104235542
2016-05,-0.32960199883362373,-0.37874435995276495,-0.3326231438620356,-0.314968509183903,-0.3389845029580818,-0.4973131163237515,-0.43016085205246585
2016-06,-0.4676794555709207,-0.40894193545674484,-0.3617568677886441,-0.48813807633207634,-0.4316290837870965,-0.6617363759355,-0.5385140834899843
2016-07,-0.43360184199211527,-0.4115540721562346,-0.360837683422187,-0.3970896011733007,-0.4007707996859594,-0.6293759191966787,-0.4515459326920047
2016-08,-0.37981655497422834,-0.3925514248597992,-0.3224448435695749,-0.4218820158296968,-0.37917370980832477,-0.551377519594065,-0.3769244119489277
2016-09,-0.10120622580674367,-0.22825407320628918,-0.1880434477059111,-0.1713214953917075,-0.17220631052766286,-0.004609908211782643,-0.12325955390303399
2016-10,0.00019560605787151408,-0.1105150681458502,-0.08657494431772025,-0.04397825585844563,-0.06021816556603614,0.15013044983829243,-0.1073802071826641
2016-11,-0.1430060627700106,-0.25809629131669887,-0.16150428459769653,-0.13810687122322346,-0.17517837747690734,-0.10488151244328506,-0.28773317927671804
2016-12,-0.19546459578564532,-0.26564492313963545,-0.20556542605972233,-0.29719847484098605,-0.2409683549564973,-0.23929442746827628,-0.23312430758872205
2017-01,-0.2544749162260268,-0.3414157122307993,-0.34537875834866866,-0.38445636675036143,-0.33143143838896405,-0.37207709167827563,-0.3810524830383652
2017-02,-0.21001509540432325,-0.2844482548315165,-0.29740844275563066,-0.4129387563816205,-0.30120263734327274,-0.3226726204664693,-0.3539853715118267
2017-03,-0.28458538829858215,-0.3483441815639487,-0.3394520026923732,-0.487374102653498,-0.3649389188021005,-0.4216606409563142,-0.3130964918731674
2017-04,-0.2836509652018794,-0.34908193877260896,-0.3332194734815434,-0.43450629195910473,-0.3501146673537841,-0.4466319593545699,-0.393359283866996
2017-05,-0.2895342163498019,-0.34500039845098895,-0.3332194734815434,-0.4603990477712685,-0.3570382840134007,-0.49584710174851593,-0.4023828308622145
2017-06,-0.2705615476116341,-0.3392235487435183,-0.32928636313568277,-0.45387656364982987,-0.34823700578516625,-0.3930967183238255,-0.17134574608164127
2017-07,-0.15317232349829593,-0.25672024225040246,-0.24075416085471343,-0.29097997037705936,-0.2354066742451178,-0.19187332261819648,-0.11536916968993868
2017-08,-0.16235875252789342,-0.24286413999341994,-0.21587603930537771,-0.32296310224383684,-0.23601550851763198,-0.11906047482656011,-0.21307298546893733
2017-09,-0.28982032210026065,-0.32016159577124853,-0.31533883350128283,-0.4294376896569778,-0.33868961025744243,-0.4352213777402488,-0.4279768673513593
2017-10,-0.3295133184381004,-0.3303523931727224,-0.33588381785913163,-0.4373409400947629,-0.3582726173911793,-0.5123102638241742,-0.33712701733725636
2017-11,-0.32276919199948084,-0.3434377722713017,-0.35034675845947383,-0.3983136379356219,-0.35371684016646954,-0.5621162247855378,-0.3939126336394275
2017-12,-0.24903903678559997,-0.3405853785784017,-0.3636028285665915,-0.29917852372262044,-0.31310144191330336,-0.36053108011548174,-0.3297864658008591
2018-01,-0.2226298379006732,-0.31911050346514364,-0.34209712629589045,-0.29769759574051613,-0.29538376585055587,-0.2829103355949954,-0.2381599625910163
2018-02,-0.1767917415566984,-0.30641091588971064,-0.31587621900899393,-0.33530835317134433,-0.2835968074066868,-0.12212693994392591,-0.1678352741085976
2018-03,-0.27307476268996506,-0.3407029788938941,-0.3645159247169447,-0.3756880910037018,-0.33849543932612647,-0.29704980316435614,-0.3295423056900243
2018-04,-0.2815361788104668,-0.34150555354124107,-0.326266947257079,-0.278452737016035,-0.30694035415620546,-0.3280755594907663,-0.277708587922602
2018-05,-0.31849579471008965,-0.3536348629102407,-0.35233167158059947,-0.2875448774771656,-0.32800180166952386,-0.4338626927013135,-0.31362352993240544
2018-06,-0.30483537601576205,-0.3477999195644227,-0.3614775116992576,-0.3432052526693854,-0.3393295149872069,-0.40783058562196495,-0.37906369002475654
2018-07,-0.3009025602095235,-0.3393946083443039,-0.352694010052438,-0.34202302475426305,-0.33375355084013214,-0.43707020424630844,-0.2896463098859849
2018-08,-0.27574012542879484,-0.3313830181035914,-0.37662735755800497,-0.3562172621349119,-0.33499194080632577,-0.42393811848414226,-0.32050164711205537
2018-09,-0.18029489607757992,-0.273549745064418,-0.32973981479814773,-0.26355822702580145,-0.2617856707414868,-0.23154477519839384,-0.24777990346338521
2018-10,-0.3122016277110487,-0.341990427461393,-0.39638425458648063,-0.5521452847059812,-0.40068039861622595,-0.4075544701330613,-0.3488627413321108
2018-11,-0.27694796642119185,-0.3554328537145203,-0.3279347861441011,-0.2969791680869788,-0.314323693591698,-0.3377747959120945,-0.25322353975590844
2018-12,-0.44261214569666046,-0.3968934255455297,-0.44029116187583467,-0.42621684124693415,-0.4265033935912398,-0.4363583216867711,-0.37083783057302006
2019-01,-0.46474032171876034,-0.4194499177224015,-0.4370560097414949,-0.3306565155697508,-0.41297569118810185,-0.5389356281353349,-0.45630943581014516
2019-02,-0.4282858053198876,-0.38567013621003826,-0.4000733123824033,-0.31162292112398987,-0.3814130437590797,-0.5591423426865967,-0.3779995243787044
2019-03,-0.4928610134593515,-0.38364056250770373,-0.39468446187388906,-0.36093402706335714,-0.4080300162260754,-0.6459290189975805,-0.4916375328422196
2019-04,-0.31816615276377697,-0.3368829453584787,-0.34314829653146706,-0.26611885658102286,-0.31607906280868636,-0.4776924363418045,-0.38282157363627256
2019-05,-0.48549633684507343,-0.3403017530660636,-0.3902729258726474,-0.43190114252015344,-0.41199303957598443,-0.611896973469835,-0.48214417797994
2019-06,-0.37736653940177506,-0.3377668520579958,-0.35582265801619567,-0.19422768918177585,-0.31629593466443556,-0.45957768927716963,-0.35975522288186274
2019-07,-0.32266146047616423,-0.34860864643139355,-0.3537113434633451,-0.2504435248540815,-0.31885624380624605,-0.3884570766584046,-0.3172792661033876
2019-08,-0.45016093277455504,-0.36265610016463334,-0.4365184032835994,-0.38956016189255793,-0.4097238995288364,-0.5711719698480516,-0.5166522153104434
2019-09,-0.42555676646236046,-0.3439606674457178,-0.36568516838194687,-0.28293993099391085,-0.354535633320984,-0.600805169940441,-0.48509439545588323
2019-10,-0.4543764155647452,-0.3564103406747372,-0.3913653300658692,-0.3226944486117617,-0.38121163372927835,-0.6265444463388236,-0.47080081831690596
2019-11,-0.3418395983742712,-0.34008029848517696,-0.39110817776345386,-0.16660285303493289,-0.3099077319144587,-0.46025771902932855,-0.4156275620043306
2019-12,-0.3137156571461725,-0.3566369772657396,-0.4062588963806664,-0.24725025326833686,-0.33096544601522887,-0.4082411153245276,-0.43538317905050206
2020-01,-0.3801134690546267,-0.38044938396668,-0.3920516353608085,-0.2728612118955415,-0.3563689250694142,-0.5106256705038169,-0.49997169681760917
2020-02,-0.4315133276453859,-0.4076359265274276,-0.4443640062044364,-0.490463657832279,-0.4434942295523822,-0.5312277938562535,-0.4837666420693759
2020-03,-0.4799722033686145,-0.49583404456525876,-0.5468058358043014,-0.4600755047246405,-0.4956718971157038,-0.49298830108232133,-0.4362974130396708
2020-04,-0.49004826335594504,-0.473510345986689,-0.475708455194905,-0.6215875104134349,-0.5152136437377435,-0.5090828690854268,-0.4634567341547647
2020-05,-0.49817903335558705,-0.4519944641679477,-0.44381782731060804,-0.5066529113004267,-0.47516105903364236,-0.49772112402264596,-0.4115844480808195
2020-06,-0.5616445114365689,-0.45545124895644146,-0.4888009942362662,-0.6987783669536448,-0.5511687803957304,-0.5589104080347874,-0.49693954953834263
2020-07,-0.5272993704131816,-0.4418795521321699,-0.4432023866224762,-0.7464976696266548,-0.5397197446986206,-0.5459473107788215,-0.4691366826637636
2020-08,-0.5284475732680306,-0.4057036411163178,-0.41494342154497255,-0.5982352181011807,-0.48683246350762543,-0.5748354159388667,-0.3729910487246003
2020-09,-0.37837358167439206,-0.37348211701819084,-0.4358706969761985,-0.5177493683920108,-0.42636894101519807,-0.2495230596628403,-0.32983544509787066
2020-10,-0.39308964939937696,-0.392440391719312,-0.37264029146469707,-0.46058985399129265,-0.4046900466436697,-0.27050389903757743,-0.3721986701191688
2020-11,-0.3075389341244788,-0.34828774086999587,-0.33370017273030195,-0.3057650199426412,-0.32382296691685447,-0.19617627745116292,-0.2913633381190904
2020-12,-0.25938322865142155,-0.30876882424404983,-0.3132809993176085,-0.3950010742683552,-0.31910853162035874,-0.20817729520304423,-0.3352745148369285
2021-01,-0.22959343762995427,-0.2821629131764906,-0.23514305244169695,-0.39576722222674904,-0.28566665636872274,-0.13827761042215764,-0.29563705727512646
2021-02,-0.11995005152969887,-0.1675437792028251,-0.17825971136008995,-0.3153637308074135,-0.19527931822500685,0.0791971838665376,-0.10750007179919491
2021-03,-0.07918333816012457,-0.14916987093516404,-0.2324988210232375,-0.41322033218551474,-0.2185180905760102,0.185222615338674,-0.04102895984954869
2021-04,-0.001685611443143463,-0.10729664752125924,-0.25158209626521955,-0.41591739531702804,-0.1941204376366626,0.3105754572362979,0.028055499116636122
2021-05,0.0019350457031186222,-0.10220098163771037,-0.2805722250135426,-0.4030235461703243,-0.19596542677961468,0.3015285010041114,0.10542960135378278
2021-06,-0.03485961623029125,-0.11351652723783295,-0.27997667992689945,-0.4695369760947755,-0.2244724498724498,0.22423716396801643,0.03975836073166237
2021-07,-0.24815207241645454,-0.30310626855217,-0.4300804358684085,-0.5361599133803963,-0.3793746725543573,-0.1619814157776322,-0.18652975379372871
2021-08,-0.3474389779694303,-0.36653581223431475,-0.4570009557597079,-0.5246788256703766,-0.42391364290845734,-0.3775169356306655,-0.12740465366279746
2021-09,-0.3399602893069344,-0.3808446953616765,-0.4782255987103796,-0.5546077117593087,-0.4384095737845748,-0.3552280740473497,-0.14684356728757997
2021-10,-0.23457961382772113,-0.307023176602899,-0.427298900954562,-0.5247127650903131,-0.3734036141188738,-0.15658352335530962,-0.08713522348127094
2021-11,-0.3106285365869035,-0.35433222863621605,-0.40201079748569296,-0.5447215102937403,-0.4029232682506382,-0.2929767308521085,-0.17438165683376916
2021-12,-0.3818327978876827,-0.3699883128580297,-0.396633645592074,-0.26999987956664395,-0.35461365897610764,-0.4216172815362464,-0.2585091736811911
2022-01,-0.29937173100914305,-0.2790230679795207,-0.3322149036397445,-0.20009299444734652,-0.2776756742689387,-0.2731887338551489,-0.10725547461134087
2022-02,-0.27595331518232563,-0.262189817044005,-0.3343972766761191,-0.18918388187651586,-0.2654310726947414,-0.1823279847015045,-0.1240093472922693
2022-03,-0.2283826777747225,-0.2541043136168975,-0.333259426211117,-0.03717118604435132,-0.21322940091177206,-0.1448308331735924,-0.1556188500882101
2022-04,-0.19057745847535326,-0.2201922915765605,-0.29677139535511987,0.10100009389302039,-0.15163526287850332,-0.09259484620571007,-0.07231635289909621
2022-05,-0.22105670903730257,-0.24379866034426365,-0.3335757239386703,-0.029149026825776837,-0.20689503003650334,-0.14598049737130844,-0.16617473513570286
2022-06,-0.10606566337005213,-0.145140484641876,-0.2878984963645429,-0.06510639118398785,-0.15105275889011474,0.09934452524726066,0.05558393153275787
2022-07,-0.11329885800334757,-0.17587485262383498,-0.2828056825603986,-0.07287611803781961,-0.1612138778063502,0.06125699383739098,-0.028744055441622975
2022-08,0.0009932308804027068,-0.14639039875516074,-0.2429128580914588,0.01059212293390396,-0.09442947575807822,0.273002235022154,0.13126481925658023
2022-09,0.0099653211747507,-0.1503253605243763,-0.2823892427265482,0.0930528917696641,-0.08242409757662743,0.27231467181362157,0.15198667081786146
2022-10,0.080750094532646,-0.08093187938601801,-0.22441584427872266,0.003671297383982204,-0.055231582937028116,0.3864162789464803,0.21342428053290935
2022-11,0.11270744867476526,-0.10441456484429311,-0.24423926884763986,-0.09870190354600272,-0.0836620721407926,0.48082862394139897,0.31690143099313667
2022-12,0.17059624011286773,-0.015232450927326457,-0.005862024045968795,0.23933220363163277,0.09720849219280131,0.4173714653738435,0.21506096217500303
2023-01,0.1009185894116895,-0.03149713558417626,-0.10585048963823541,0.016646380895772996,-0.004945663728737293,0.3390914450420147,0.1719517208884035
2023-02,0.05744454886941185,-0.026409035726049246,-0.008996803676837545,0.2156217660415723,0.05941511887702434,0.1938654772074668,0.2445553495735606
2023-03,-0.14928686762008292,-0.15518494557463486,-0.15952878640592644,-0.11025570397253363,-0.14356407589329445,-0.10507727738037606,-0.031509535695218124
2023-04,-0.19281606914982846,-0.20580868557544515,-0.24077265566842943,-0.1401028017491318,-0.1948750530357087,-0.224339040713797,-0.08848760612869118
2023-05,-0.36792055830759773,-0.37839653282088914,-0.36119757204502106,-0.24065844656007201,-0.337043277433395,-0.4752498750067344,-0.11241767065047757
2023-06,-0.26082602776205377,-0.2922929607260943,-0.3341346414329976,-0.2020780162097951,-0.27233291153273514,-0.34203194883419125,-0.04462857500991793
2023-07,-0.06548888521492985,-0.10381036086217768,-0.17774146696487086,-0.03547105774710106,-0.09562794269726986,0.026115547110211364,0.23257205598286887
2023-08,0.0847438422253583,-0.037440863424375664,-0.09945710773812648,0.012977383570608729,-0.009794186341633778,0.28249752111723087,0.21026322223436475
2023-09,0.1882078260922797,0.021175143877489106,0.01697284569368961,0.20074173252637484,0.10677438704745831,0.39077416219502514,0.20358501465167067
2023-10,0.09823588859096734,-0.025893619273378646,-0.08933821360152876,0.20050960559987258,0.045878415328983124,0.22730765057125354,0.16058974601418213
2023-11,0.161299795681834,0.013008622021282334,-0.0823311834087741,0.09741717828862723,0.047348603145742366,0.38543612650582937,0.2373325134523479
2023-12,0.15578280523886628,0.016356125788409642,-0.016480763532813393,0.08922562360824693,0.06122094777567737,0.3567100128925868,0.15434199638477025
2024-01,0.14618465205905012,-0.0032859279778723947,-0.020412449657356425,0.1689132185098622,0.07284987323342088,0.3211419344786038,0.13531318741952114
2024-02,0.08718142979582869,-0.01996905939267717,-0.058812366981390245,0.1020843461526885,0.027621087393612444,0.20387180842997765,0.13679265284560405
2024-03,0.06438621454073117,-0.024011010848117038,-0.0501939531564815,-0.07432165416984773,-0.021035100908428778,0.18622027841272953,0.13978689608225275
2024-04,0.05289711620026839,-0.017515735307809588,-0.0016854091296063707,0.03077154433843115,0.016116879025320895,0.23250329407180753,0.1951708912478728
2024-05,0.12041634896349179,-0.0022534972367336025,-0.01983340344310961,0.021131946600223023,0.029865348720967903,0.29747950587477096,0.3206880431046327
2024-06,0.172186967604204,0.015200163916795226,0.0195782317575195,0.24517366396111695,0.11303475680990892,0.3176035589505523,0.2759071399629054
2024-07,0.15266864892746568,0.0019083045107970843,-0.0025063841162846303,0.11215004977152948,0.0660551547733769,0.3491403284753358,0.29563100745078286
2024-08,-0.09529570289352902,-0.11393465519249808,-0.16563897238981107,-0.050037883332411985,-0.10622680345206253,-0.06822854627163301,0.010213902643217294
2024-09,-0.1538740972802657,-0.20723714906969706,-0.246728472735282,-0.21178829167799199,-0.20490700269080916,-0.17239677468018538,-0.029149519048068243
2024-10,-0.1867061428052415,-0.19168587929913886,-0.21987054125410652,-0.1811658634344909,-0.19485710669824446,-0.30815579912037167,-0.05575281868299603
2024-11,-0.17801003270262483,-0.1770451103114204,-0.23159128488368363,-0.01572065666526739,-0.15059177114074904,-0.21213419428260347,-0.07526091301960443
2024-12,-0.04598075658758467,-0.07394954009122681,-0.06834148842779302,0.1387923128139169,-0.012369868073171898,0.012228720389948789,0.1045585555799497
2025-01,0.029729757608348735,-0.01386190702278616,0.006740674770934713,-0.0918225640356982,-0.01730350966980023,0.1296533576472293,0.11887861516604556
2025-02,0.09722522835923508,-0.005469080659476888,0.02383101692494366,-0.021395650111472424,0.02354787862830736,0.2527030178529701,0.11771246423163584
2025-03,-0.13867009800876573,-0.12398932512619744,-0.16703110836739263,-0.09472939080225255,-0.13110498057615208,-0.1573134640018103,-0.14720737223025002
2025-04,-0.20284328541016053,-0.1974959483503836,-0.21972209208533322,-0.06665141546825794,-0.17167818532853382,-0.24616678168358652,-0.1476380266614862
2025-05,-0.18630888574354942,-0.19793732823573698,-0.20072762145276385,-0.16754674638300648,-0.18813014545376416,-0.26965045892406286,-0.13497878452563675
2025-06,-0.1444234427127525,-0.19184553928520096,-0.1866783491092073,-0.11918091706136356,-0.16053206204213108,-0.18205241136165481,-0.12832910228581992
2025-07,-0.05426878923313652,-0.11649697628110754,-0.1096881078613442,-0.017962273689958078,-0.07460403676638658,-0.04289853630004591,-0.04923882972807495
2025-08,-0.09322346743217128,-0.10700804962081452,-0.10993629246188935,0.04801970652482705,-0.06553702574751202,-0.06435786702860445,-0.09950719785693546
2025-09,-0.004834602406843802,-0.04342365566696938,-0.07489093034532936,0.012465407633099602,-0.027670945196510737,0.028347211113235828,0.006969721275243517
2025-10,-0.08966713804920293,-0.09266148874446295,-0.12747457524775851,-0.10747850359618925,-0.10432042640940342,-0.1710456481019928,-0.16810788158032372
2025-11,-0.12897331572111348,-0.1412310861241001,-0.17612381633537258,-0.04316960955855478,-0.12237445693478521,-0.1535129069278398,-0.11222261265327174
2025-12,-0.11218235469409618,-0.09849576545580825,-0.09467541565283344,-0.2025702190092076,-0.12698093870298638,-0.11971362246719226,-0.024689938930272787
2026-01,0.057903229015557243,-0.04232212257392868,0.03085993041068321,-0.010526247898652238,0.008978697238414884,0.16856688368060885,0.05065185707091799
2026-02,-0.11798266944131544,-0.1520988331324492,-0.1685867162964471,-0.01950340481516749,-0.11454290592134479,-0.09533701333680583,-0.229947581291256
2026-03,0.0992921249654786,-0.03630688217369291,0.035980939850352785,0.23251251756291594,0.08286967505126361,0.2565641601577262,0.14769201859030565
2026-04,0.15866957850609192,0.004103731652291934,0.001393380546914583,0.12979544186566788,0.0734905331427416,0.2907983493780817,0.22325595055773076
2026-05,0.3864758266764892,0.0622044171839579,0.0497561961619114,0.2949484080408258,0.19834621201579608,0.6796293218009484,0.4095217012240894
2026-06,0.32436525123842486,0.06217562108773709,0.04852744524361757,0.2721474647840856,0.1768039455884663,0.6083544740188317,0.3495407023418627
2026-07,0.30665573314875394,0.08100137158842964,0.08068225039099937,0.13843776913367561,0.15169428106546462,0.5563429837629027,0.3209448633067738
2026-08,0.2441295779267743,0.06841995379867458,0.07213512663471139,0.04804701907048481,0.10818291935766126,0.471985369669044,0.35792777084345545
