,enet,rf,gbm,mlp,ensemble,hist_mean,regime_rf,yield_anchor
1989-12,0.018334791037944352,0.0577380952799795,0.009803905192680117,0.04237036569155951,0.03206178930054088,0.016562022289891298,0.07448189667440755,0.006100000000000008
1990-01,0.031504306324931786,0.02680352772376413,0.01682774805932673,0.027973767528963297,0.025777337409246485,0.016562022289891298,0.041509012923092156,0.01590000000000001
1990-02,0.025569215006160086,-0.000488975977747903,0.006651713568543875,0.05018654406996852,0.020479624166731145,0.016562022289891298,0.017580682037558817,0.016700000000000007
1990-03,0.030042721440845636,0.017400064170932168,-0.0019511987086746141,-0.023187819259263432,0.0055759419109599395,0.016562022289891298,0.021164805458206083,0.0097
1990-04,0.04038434410921226,0.048551582527877855,-0.0011416526854291836,-0.02940495670185914,0.01459732931245045,0.016562022289891298,0.05739812223405429,0.007599999999999996
1990-05,0.030183232351493006,0.058766199719928795,0.035977102636381764,-0.04046938304626346,0.021114287915385027,0.016562022289891298,0.060607338078029184,0.004399999999999987
1990-06,0.0326802290619022,0.08850491349500388,0.11202953629274964,-0.00023205261404645947,0.05824565655890231,0.016562022289891298,0.11085059087570175,0.0087
1990-07,0.03269527502286745,0.05756227310441182,0.028221015667136955,-0.001772809930388055,0.02917643846600704,0.016562022289891298,0.07816918550758903,0.001999999999999988
1990-08,0.032035791259071106,-0.012909677594244271,0.020295057548771332,0.0012549122667848498,0.010169020870095753,0.016562022289891298,0.009329887841973063,0.009400000000000006
1990-09,0.03670368870235188,-0.016498321660115285,0.00938847140279896,0.01040182849735177,0.009998916735596832,0.016562022289891298,-0.004286195941084185,0.016199999999999992
1990-10,0.03407332751190836,-0.00899497734899792,0.03500024639622941,-0.009279062006261496,0.012699883638219589,0.016562022289891298,0.0025158442889223467,0.004900000000000002
1990-11,0.03938007858239352,0.04631861390860926,0.07343647816654872,-0.0021685219700814627,0.03924166217186751,0.016562022289891298,0.0581878327469778,0.014200000000000004
1990-12,0.03501027744627988,0.055230429123968736,0.06322355330313319,-0.017491535320021477,0.03399318113834008,0.015449266391654838,0.06589770779046696,0.008799999999999988
1991-01,0.030762213138491472,0.06368731209979729,0.04381728361647581,0.01024978604166146,0.037129148724106505,0.015449266391654838,0.07513161410941496,0.0179
1991-02,0.035834051392669874,0.054792576966334286,0.02753241505412744,-0.006584990132402676,0.027893513320182233,0.015449266391654838,0.06834027258291991,0.022599999999999995
1991-03,0.03377914434185582,0.06323532069770578,0.04771028863015417,-0.0014464970739213306,0.03581956414894861,0.015449266391654838,0.07719418396783499,0.027700000000000002
1991-04,0.023467931973772605,0.05839301653648751,0.018811259345030865,-0.008411724373668267,0.023065120870405676,0.015449266391654838,0.07303844230231635,0.01659999999999999
1991-05,0.029285642523422445,0.04830622858857972,-0.006176127255902418,0.01340479294075074,0.021205134199212623,0.015449266391654838,0.06141707062091721,0.024200000000000013
1991-06,0.030250137434082683,0.012868321115358045,0.011687491348414502,0.028650504675203935,0.020864113643264792,0.015449266391654838,0.022285538741752133,0.032
1991-07,0.025435110902271314,0.018613247869396245,0.0025116214690053262,0.02904361818824588,0.018900899607229692,0.015449266391654838,0.02425705113279567,0.02319999999999999
1991-08,0.027364174693138676,0.05888166787014255,0.02716428377567508,0.056599922991236985,0.04250251233254832,0.015449266391654838,0.0670521151926057,0.023000000000000007
1991-09,0.019045555866777517,0.0570405747703366,0.05791271411442103,0.040316415274571395,0.04357881500652663,0.015449266391654838,0.06311927483908962,0.019500000000000003
1991-10,0.014315561136550827,0.0560362754494695,0.05784155036180835,0.037779034376047904,0.04149310533096914,0.015449266391654838,0.0670576625740146,0.024300000000000002
1991-11,0.021606504854597718,0.0585020413274107,0.028711873286316,0.03173003805699145,0.035137614381328966,0.015449266391654838,0.0746028743664421,0.027000000000000003
1991-12,-0.007698606440747342,0.039989304744577285,0.009673942489179486,-0.013747575873187964,0.0070542662299553655,0.018791214637035612,0.05846911609967959,0.02149999999999999
1992-01,0.03686982035404013,0.05661224206027932,0.03809436246489872,0.02649803607138112,0.03951861523764982,0.018791214637035612,0.07244665484667658,0.032299999999999995
1992-02,0.06365338364157808,0.045716622182615636,0.011702570940926891,0.04425736796090521,0.04133248618150645,0.018791214637035612,0.0621439619223278,0.039099999999999996
1992-03,0.08854903226264665,0.06055265632124242,0.08721800674485936,0.06331661234359455,0.07490907691808574,0.018791214637035612,0.075891202066389,0.03459999999999999
1992-04,0.07562582770319376,0.0580869887692831,0.0777603594770168,0.04291486450688771,0.06359701011409534,0.018791214637035612,0.07474185476393944,0.0377
1992-05,0.08955858199772561,0.061210035958122806,0.07322345588686897,0.07976558285409063,0.07593941417420201,0.018791214637035612,0.07722087641503804,0.0397
1992-06,0.06655753439281772,0.05728667586847716,0.06372653822062108,0.05399381572547635,0.06039114105184808,0.018791214637035612,0.07546000171255399,0.03299999999999999
1992-07,0.0659246751179581,0.050949832330678034,0.01488504657925334,0.07378996508161757,0.05138737977737677,0.018791214637035612,0.06882455264333041,0.03
1992-08,0.0755803764605603,0.05190212601609244,0.02434269384709592,0.07058558414156683,0.05560269511632887,0.018791214637035612,0.06780518952843476,0.034999999999999996
1992-09,0.027419626083239314,0.0481123100135934,0.01488504657925334,0.04015592743330877,0.0326432275273487,0.018791214637035612,0.05258319856154738,0.03250000000000001
1992-10,0.07833563264626514,0.05694659110013277,0.021732137701105676,0.09033530038700399,0.0618374154586269,0.018791214637035612,0.07138654367019188,0.040400000000000005
1992-11,0.0618305834146546,0.057129325449262164,0.057215738554813454,0.07653492094097863,0.06317764208992721,0.018791214637035612,0.05694431608708929,0.04190000000000001
1992-12,0.058835722397358,0.06268554006877931,0.08360927575985558,0.05176289453434717,0.06422335819008501,0.022507521614048273,0.060722991811974145,0.0334
1993-01,0.03191044411469851,0.06297485865897018,0.08097025233496395,0.06554702632272466,0.06035064535783933,0.022507521614048273,0.0648208658769534,0.0363
1993-02,0.050859040182876014,0.06817945425988645,0.07695563222736869,0.08654621398423507,0.07063508516359156,0.022507521614048273,0.06864873208793301,0.0339
1993-03,0.009964770876539878,0.0636281107136262,0.04008675317252719,0.019880293537610075,0.03338998207507583,0.022507521614048273,0.06591525970642217,0.0303
1993-04,0.009674729057867123,0.054337749104194186,0.01923238106429926,0.004113299672645929,0.021839539724751625,0.022507521614048273,0.060964737243454026,0.0317
1993-05,-0.0060342837230022775,-0.0017033702965756647,-0.0009819334830311124,0.00660718139715781,-0.000528101526362811,0.022507521614048273,0.0033020471780056985,0.0352
1993-06,-0.022909927506123737,-0.0067575196587471,-9.810768247393674e-05,0.017255979279279778,-0.003127393892016249,0.022507521614048273,0.0011723728767309293,0.027999999999999997
1993-07,0.0028588006247420063,-0.016398174928778375,0.006001882313393097,0.01721372597228353,0.0024190584954100645,0.022507521614048273,-0.003648503542378007,0.0295
1993-08,-0.017436744837978718,-0.01699190818920673,-9.810768247393674e-05,0.05605615429705094,0.005382348396847888,0.022507521614048273,-0.00561303627597854,0.0245
1993-09,-0.016324071515701324,0.053921155791907295,0.04030711907256523,0.0508012681630098,0.03217636787794525,0.022507521614048273,0.06706567238033838,0.022800000000000008
1993-10,-0.01645692580480306,0.04242881715311544,0.03755969739569622,0.040944594008092305,0.026119045688025228,0.022507521614048273,0.06009767650801461,0.027899999999999994
1993-11,-0.0015991878585099838,-0.015773923286373177,-0.0026878912594823783,0.04467922858636394,0.0061545565454996,0.022507521614048273,-0.011946048252426456,0.0283
1993-12,0.018279968276401076,-0.009439496121296992,0.007415210085280787,0.05115095716406312,0.016851659851112,0.027863051804427705,-0.004244729623853546,0.030699999999999998
1994-01,0.010910446540172862,-0.02880178489358471,-0.004044098532259917,0.05217988759678105,0.007561112677777321,0.027863051804427705,-0.022122637907017177,0.027000000000000003
1994-02,0.022204138542432722,-0.013303399941251093,-0.007080063893565319,0.07762137421463303,0.019860512230562333,0.027863051804427705,-0.011128788842061765,0.036300000000000006
1994-03,0.028336222815362865,-0.01325816120702939,-0.0004448923221425312,0.06742525808082402,0.02051460684175374,0.027863051804427705,-0.00927718132565824,0.0353
1994-04,0.03714522266240929,0.00047411153108991124,0.024050845853495154,0.08713113198857307,0.03720032800889186,0.027863051804427705,0.004317562486694333,0.0382
1994-05,0.04417389939610812,0.08243388314714116,0.07932048386188024,0.09472305276568584,0.07516282979270383,0.027863051804427705,0.09148406511084838,0.033299999999999996
1994-06,0.04844038478880402,0.08285119121872596,0.08343419190070675,0.07527160335452232,0.07249934281568976,0.027863051804427705,0.09110602986511196,0.036199999999999996
1994-07,0.053669801431300804,0.09315680406240924,0.08474350412304575,0.13345316593087403,0.09125581888690745,0.027863051804427705,0.09894639014566074,0.037599999999999995
1994-08,0.04587025410293699,0.08359339465498784,0.0764699074521844,0.09269678481310248,0.07465758525580293,0.027863051804427705,0.09119745937473192,0.027500000000000004
1994-09,0.04250098924289231,0.00130529346068223,0.03392500397538955,0.0727823514023293,0.03762840952032335,0.027863051804427705,0.0032191058164117627,0.0318
1994-10,0.04786269827214955,0.07207845930212665,0.09283043876979763,0.04403815534255141,0.06420243792165631,0.027863051804427705,0.07612338412898946,0.0325
1994-11,0.055760891909298504,0.0830165552750316,0.09915968520477257,0.06497003716068292,0.0757267923874464,0.027863051804427705,0.08894889777007106,0.0347
1994-12,0.04513742994342756,0.07262400113319477,0.06762614126016586,0.014853509713127225,0.050060270512478855,0.02361682483997082,0.07735793253678333,0.025599999999999998
1995-01,0.0446869793364304,0.07147747083293905,0.06762614126016586,0.018636730205990045,0.05060683040888134,0.02361682483997082,0.07315081840133576,0.025599999999999998
1995-02,0.03765906727144947,0.07195482232048024,0.025141988059433115,0.035411664130930796,0.042541885445573406,0.02361682483997082,0.07223064610265763,0.0242
1995-03,0.03023610279108465,0.05960285989047919,0.014692346821336149,-0.027869225327607734,0.019165521043823065,0.02361682483997082,0.05161327225466417,0.01680000000000001
1995-04,0.024216673284544542,0.019039888624968807,-0.026770991002538606,-0.04740550247582026,-0.007729982892211378,0.02361682483997082,0.014670249713631879,0.0179
1995-05,0.010911701948019985,0.04187535369381321,0.0023194913211409176,-0.028279235089230335,0.006706827968435945,0.02361682483997082,0.03474891933171904,-0.001799999999999996
1995-06,0.011308793008775055,0.0497402548741702,0.007322163096538561,-0.03874663247693612,0.007406144625636924,0.02361682483997082,0.039064298145760006,0.005700000000000011
1995-07,0.015173364242552782,0.05715450936966115,0.025346517136354184,-0.02012676229204396,0.01938690711413104,0.02361682483997082,0.04582007652120439,0.010499999999999995
1995-08,0.012756839207566312,0.03819183116101419,-0.027046645361349583,-0.0764293967299233,-0.013131842930673095,0.02361682483997082,0.030469333173237984,0.006400000000000017
1995-09,0.015031661246448577,0.06065358758789207,-0.010323616154108501,-0.06002520459175388,0.0013341070221195676,0.02361682483997082,0.05333153642400539,0.010099999999999998
1995-10,0.011976944180488534,0.05851682487158675,-0.027445314933718844,-0.055457800740292995,-0.003102336655484138,0.02361682483997082,0.06090032178434421,0.0039000000000000076
1995-11,0.004983518204417774,0.052291154655854516,-0.026526367707366962,-0.06774404212809922,-0.009248934243798471,0.02361682483997082,0.055812179091756495,0.007199999999999998
1995-12,0.00020616865013264526,0.05542880344576916,-0.011254883406585639,-0.08966364364283447,-0.011320888738379576,0.026082814842328904,0.05703210191828499,-0.0029999999999999957
1996-01,-0.0005571031203663659,0.030385293061728644,-0.028015510820147638,-0.07988023860131643,-0.01951688987002545,0.026082814842328904,0.023727593163508594,0.004399999999999994
1996-02,0.007393764652274256,0.02675911223923106,0.010636971151435899,-0.03459038517080966,0.0025498657180328885,0.026082814842328904,0.02908554642606594,0.014499999999999999
1996-03,0.014559173239510817,0.04315122236359738,0.008069464665971901,-0.01129074481577342,0.013622278863326667,0.026082814842328904,0.03720125498791138,0.016599999999999997
1996-04,0.018345880873477625,0.06412636557446523,0.008261108095526147,-0.028613912886508983,0.015529860414240003,0.026082814842328904,0.0600258772852801,0.011400000000000007
1996-05,0.022141937522054844,0.05989961228277768,0.03938842341572409,0.016565410641047617,0.03449884596540106,0.026082814842328904,0.05613427985987781,0.01809999999999999
1996-06,0.02660681168913888,0.06834503351299305,0.04171354388336098,0.027033868922590076,0.04092481450202075,0.026082814842328904,0.06345892478916809,0.019299999999999998
1996-07,0.02989838934967213,0.0737503162734922,0.02313574676733644,0.00987298893721058,0.03416436033192784,0.026082814842328904,0.0710046863143398,0.013999999999999999
1996-08,0.031321546659866285,0.059855482146918916,0.037281200230491314,0.03975666842749946,0.04205372436619399,0.026082814842328904,0.05649295582835006,0.0204
1996-09,0.02654838851719228,0.0656449539741033,0.027070441291477683,-0.006716294445755701,0.028136872334254395,0.026082814842328904,0.06091187044348248,0.014399999999999996
1996-10,0.022582965609225396,0.06524589569585723,0.026392537831275677,-0.004351462280528413,0.027467484213957477,0.026082814842328904,0.060429231315491924,0.013300000000000006
1996-11,0.019471470088081512,0.06399801843997195,0.02121481333973892,-0.029538632055088367,0.018786417453176003,0.026082814842328904,0.06001392239472473,0.0114
1996-12,0.03492931300632869,0.05040907395897084,0.027127388744138923,0.02260594873874721,0.033767931112046415,0.025507969716872244,0.051083277489653536,0.009099999999999997
1997-01,0.03830153014171132,0.049261294763565035,0.02741207945479553,0.01957038824890529,0.03363632315224429,0.025507969716872244,0.0426394239249628,0.01129999999999999
1997-02,0.04004328291794031,0.05359755228855023,0.03467450828379429,0.04395683491722877,0.0430680446018784,0.025507969716872244,0.04769444449292934,0.01879999999999999
1997-03,0.03834571214561792,0.060039220649997324,0.07354998915962702,0.026744729580128045,0.04966991288384258,0.025507969716872244,0.06003171221191457,0.017599999999999998
1997-04,0.039063416758696075,0.05672068291601567,0.06061541255578301,0.008614805127830395,0.041253579339581285,0.025507969716872244,0.06126441786466374,0.015599999999999996
1997-05,0.03894532505577889,0.04581142930572777,0.02065966383637432,-0.02115830745065188,0.021064527686807274,0.025507969716872244,0.05062329331370253,0.007899999999999997
1997-06,0.03851360376046299,0.05566889280147485,0.022624624512432544,-0.008964397667758663,0.02696068085165293,0.025507969716872244,0.06397987724142473,0.02069999999999999
1997-07,0.040616413359449426,0.04704143215398499,-0.00982089266724691,-0.00846138351200219,0.01734389233354633,0.025507969716872244,0.0575766616766881,0.008599999999999997
1997-08,0.041078831457049304,0.05569640442674335,0.021167100883814256,-0.0029105802742178943,0.028757939123347252,0.025507969716872244,0.06390930920649027,0.014200000000000004
1997-09,0.040754496541371615,0.05030515825142845,-0.00982089266724691,-0.013927200405566841,0.016827890429996578,0.025507969716872244,0.05872513225349923,0.008400000000000005
1997-10,0.04024275519524529,0.05195493334241546,-0.006680437019867467,0.04208513501569422,0.03190059663337187,0.025507969716872244,0.06063730111643548,0.008
1997-11,0.04254300251674468,0.052533856858134276,0.017482854334336113,0.024085162785323782,0.034161219123634706,0.025507969716872244,0.06117013290579794,0.011800000000000005
1997-12,0.042630063535564054,0.04507427564239737,-0.005547141441333681,0.042179880990746405,0.031084269681843534,0.025543981445044488,0.06764557509447854,-9.999999999999593e-05
1998-01,0.0410929664200068,0.04404875841917052,-0.013551381749957278,0.056667989281971,0.032064583092797756,0.025543981445044488,0.06763899429931798,0.003700000000000002
1998-02,0.03901160176681783,0.035486180068044944,-0.0041397345904663685,0.023920868699598485,0.023569728985998725,0.025543981445044488,0.061529454829290516,0.009399999999999999
1998-03,0.03975802213084679,0.04022747085503793,0.0012703704457681765,0.013727877532948414,0.02374593524115033,0.025543981445044488,0.06603248669175185,0.009899999999999999
1998-04,0.03704878985393409,0.0339098539213231,-0.02263316559429622,-0.06767915342218844,-0.004838418810306871,0.025543981445044488,0.061546817033345094,0.005199999999999996
1998-05,0.038350799540411554,0.0374931534898071,-0.018739409846919367,-0.0531270529697302,0.0009943725533922716,0.025543981445044488,0.06443125796543377,0.007599999999999996
1998-06,0.03899183461250913,0.03857201820971324,-0.020604265601879834,0.0005098508970520395,0.014367359529348641,0.025543981445044488,0.06508353855564865,0.00520000000000001
1998-07,0.03660228447448368,0.04769609840694788,-0.014802029993871304,0.02177209419491212,0.022817111770618095,0.025543981445044488,0.06947878836233785,0.006999999999999999
1998-08,0.03798466512926221,0.07009211581164182,0.05823207306876698,0.06771655699915821,0.05850635275220731,0.025543981445044488,0.09248973785759283,-0.0011000000000000038
1998-09,0.03707924622086926,0.06397695076595586,0.04076781259365924,0.025218917134968308,0.04176073167886317,0.025543981445044488,0.06577235502213316,-0.010799999999999997
1998-10,0.03628138311906671,0.04909837269393624,-0.00981687853627642,0.004276256503612776,0.019959783445084825,0.025543981445044488,0.050005734457843266,0.007999999999999993
1998-11,0.03379234732653516,0.03798057928677627,-0.015060274144248419,0.011157248583388835,0.01696747526311296,0.025543981445044488,0.03960319927028318,0.010200000000000008
1998-12,0.033800695531837927,0.019747568618692226,-0.02507034924732784,0.030837507000468074,0.014828855475917597,0.028506691183476877,0.021527808445673684,0.000900000000000005
1999-01,0.03467100349164781,0.05017607719123785,-0.003427405221151803,0.021810093220747277,0.02580744217062028,0.028506691183476877,0.05732388443649456,0.004600000000000007
1999-02,0.036016610950047476,0.06759636976192651,0.03226611559730458,0.009982586175021204,0.03646542062107495,0.028506691183476877,0.07017307055289569,0.010900000000000007
1999-03,0.036022333013028304,0.06247656498358845,0.011072809759443376,0.03216651371017178,0.03543455536655798,0.028506691183476877,0.06422186306053297,0.000899999999999998
1999-04,0.03840598096332545,0.06747988823740977,0.0472591204095378,0.039541068046004386,0.048171514414069354,0.028506691183476877,0.06910829726012495,0.0092
1999-05,0.0381924033905709,0.07398273122393596,0.051939907272304645,0.06534161345129472,0.05736416383452656,0.028506691183476877,0.07275412938459119,0.015599999999999996
1999-06,0.03966335223370798,0.06499836344155693,0.045100608962290345,0.05549774860371208,0.05131501831031683,0.028506691183476877,0.06606900139987656,0.010099999999999998
1999-07,0.04067523731403591,0.06837353648868665,0.05688498877367834,0.0740100345293562,0.05998594927643928,0.028506691183476877,0.0686419715420063,0.013600000000000001
1999-08,0.03910528383617214,0.06611826128078088,0.05077099058961572,0.06255767421013904,0.05463805247917694,0.028506691183476877,0.06644120445342003,0.013000000000000005
1999-09,0.038500358514811345,0.06056213167878967,0.04765238818729243,0.07288698260591749,0.05490046524670274,0.028506691183476877,0.06214007960200527,0.012200000000000003
1999-10,0.03177370124976717,0.013536676173593,-0.008842268808025919,0.0008285519027910609,0.009324165129531327,0.028506691183476877,0.015442312011983908,0.013399999999999995
1999-11,0.03449398166853,0.049866149689368845,0.007056584102074663,0.00039820467058107947,0.022953730032638647,0.028506691183476877,0.04733682512092804,0.01859999999999999
1999-12,0.03207497219009399,0.04138589804050498,0.037569959864246535,0.009806093427927452,0.030209230880693237,0.02621967168990624,0.04405929286438411,0.011700000000000002
2000-01,0.031209438561774373,0.058007566547328096,0.03926557234574779,0.0203348662506678,0.037204360926379514,0.02621967168990624,0.054823064521627315,0.017600000000000005
2000-02,0.02884050293698865,0.014417967993817048,0.010134401426828662,-0.0017798879351140252,0.012903246105630085,0.02621967168990624,0.015577320580620193,0.012599999999999993
2000-03,0.030765263132127043,0.025583254861379984,-0.025685908215827006,-0.008190754498511667,0.0056179638197920885,0.02621967168990624,0.027607374131852238,0.0039000000000000076
2000-04,0.031215716659719915,0.02911290136852342,-0.023385018432769845,-0.030779803508722062,0.0015409490216878588,0.02621967168990624,0.030896172954412025,0.007100000000000002
2000-05,0.0309192224899879,0.0326648066260831,-0.022288619307841886,-0.0427704528635261,-0.00036876076382424613,0.02621967168990624,0.03211756744647853,0.0029
2000-06,0.02669507321166785,-0.029239852287343028,-0.061189802545708515,0.032157203328080274,-0.007894344573325855,0.02621967168990624,-0.04069058019308791,0.012299999999999998
2000-07,0.026449589882090164,-0.03293260101661693,-0.07378124990450136,0.03286869266560272,-0.01184889209335635,0.02621967168990624,-0.04108472741867656,0.002800000000000004
2000-08,0.027876745953197828,-0.0050243568976537445,-0.08226996190300634,-0.013566810529544605,-0.018246095844251714,0.02621967168990624,-0.007047593987976596,-0.002699999999999994
2000-09,0.02932211201919743,0.0036069751224967086,-0.08797489940887887,0.0029769334067940266,-0.013017219715097676,0.02621967168990624,0.002776376486487855,-0.0032000000000000084
2000-10,0.036367205555128165,0.03662394575537776,-0.035245987174695854,0.020101241211763918,0.014461601336893498,0.02621967168990624,0.03398309410687424,-0.009500000000000015
2000-11,0.034680980315673224,0.05289771873719393,0.02701843463525499,0.00594578504066811,0.030135729682197562,0.02621967168990624,0.05068382391994945,-0.006400000000000003
2000-12,-0.011517207275855198,0.02545924654753972,0.023486519520340844,0.0010226297432494487,0.009612797133818702,0.024901482217200118,0.02304421648955905,-0.008799999999999995
2001-01,-0.0275772261626346,0.027444836566686236,0.01787221540135495,-0.010130735437836064,0.0019022725918926304,0.024901482217200118,0.024628785760834663,-0.012899999999999995
2001-02,0.051300264538010315,0.02938380464488018,0.04069017751281651,0.03395671907722502,0.03883274144323301,0.024901482217200118,0.026686187079944215,0.003599999999999999
2001-03,0.035607773765460746,0.028676370947133385,0.0333101472142853,0.004742361136033369,0.0255841632657282,0.024901482217200118,0.024755215494159485,-0.0011000000000000038
2001-04,0.03612186778853936,0.033266939696184966,0.038422122004293964,-0.07312588674063297,0.008671260687096331,0.024901482217200118,0.03201866831979613,0.006699999999999998
2001-05,0.05243651637082721,0.04218419869558371,0.035645413330257496,-0.031593724802246564,0.024668100898605466,0.024901482217200118,0.04371704125288322,0.01589999999999999
2001-06,0.07093558767190528,0.05291515341681905,0.04957023495017344,0.005882450526085575,0.04482585664124583,0.024901482217200118,0.05503796632059026,0.020599999999999993
2001-07,0.06290582409451943,0.04458203608732126,0.04381747891171954,-0.011591479189896583,0.03492846497591592,0.024901482217200118,0.04687095475713444,0.014699999999999998
2001-08,0.06698455436519768,0.034344341772992525,0.02797211057944793,-0.02418097022608925,0.02628000912288722,0.024901482217200118,0.03278801405944888,0.011299999999999998
2001-09,0.07690483108532403,0.01982529887200694,0.005300215016231602,-0.040463544553563074,0.015391700104999875,0.024901482217200118,0.01808216186556708,0.012399999999999994
2001-10,0.056369494669347014,0.01860186100668404,0.006661906449825606,-0.03866487262688867,0.010742097374741997,0.024901482217200118,0.01668524002397403,0.016599999999999997
2001-11,0.0581960832589887,0.030011324275611893,0.006661906449825606,-0.0063402806961761725,0.022132258322062507,0.024901482217200118,0.03022506564471044,0.0274
2001-12,0.02985096181211824,0.05831660559188745,0.00044016214604291145,0.027167902137204415,0.028943907921813256,0.02700411609564523,0.06284861637622209,0.0327
2002-01,0.02820776180461384,0.050025762816431195,-0.005691345417804918,0.03247599724222468,0.0262545441113662,0.02700411609564523,0.05135441830014366,0.0339
2002-02,0.025848350985869066,-0.012951048839543133,-0.05488502645173238,0.018271483875652125,-0.005929060107438579,0.02700411609564523,-0.02808510872193675,0.03319999999999999
2002-03,0.02627623280044295,-0.010730475664916757,-0.05414840374827221,0.046560260115000335,0.001989403375563579,0.02700411609564523,-0.027403631061437936,0.038599999999999995
2002-04,0.024567840398593787,-0.019780459099837926,-0.05201224449161214,0.03814108215875547,-0.002270945258525203,0.02700411609564523,-0.026448082851397558,0.033100000000000004
2002-05,0.0249623762608824,-0.015587455815845256,-0.05280654263530164,0.039966587864100234,-0.000866258581541067,0.02700411609564523,-0.03158973353573189,0.033999999999999996
2002-06,0.0237227292159137,-0.01875770986097953,-0.04717500486421507,0.019383192158066817,-0.005706698337803521,0.02700411609564523,-0.027053491448097766,0.033
2002-07,0.024477022480455038,-0.028798774019075466,-0.035563734458780055,0.012418979087119189,-0.006866626727570322,0.02700411609564523,-0.04215176616320083,0.0271
2002-08,0.025491135663949616,-0.025990611903160477,-0.054832781126149054,-0.0017706523524002697,-0.014275727429440048,0.02700411609564523,-0.03891336527586224,0.024599999999999997
2002-09,0.02594048773616752,-0.029036505713692564,-0.04497094399749464,-0.07176528217842026,-0.029958061038359986,0.02700411609564523,-0.034400437590078194,0.019499999999999997
2002-10,0.026194591194885337,-0.02133580974197607,-0.05226677696027739,0.018223936612417058,-0.007296014723737768,0.02700411609564523,-0.03834229894095075,0.0225
2002-11,0.024912565592477523,-0.028617244319550674,-0.04296902457993104,0.04936071184811103,0.0006717521352767077,0.02700411609564523,-0.04703629210154478,0.027799999999999995
2002-12,0.010252714493520162,-0.0344306419691197,-0.011500851963324633,0.033804270056854484,-0.0004686273455174212,0.028236866953006003,-0.0502991113482856,0.0251
2003-01,0.004997316649026966,-0.037710139995011556,-0.02584545513444311,0.02788392510605563,-0.007668588343593018,0.028236866953006003,-0.051282757130749486,0.028
2003-02,0.00929492816010951,-0.034527191113752964,-0.028392677535983013,0.03268014503939666,-0.005236198862557452,0.028236866953006003,-0.05043651681434993,0.0263
2003-03,0.016329515851555787,-0.03350885000799606,-0.020273092638511618,0.001770765448300772,-0.00892041533666278,0.028236866953006003,-0.049580560389284545,0.0263
2003-04,0.023451837393532515,0.004675203211324741,0.020316796933369595,0.018808775476421114,0.01681315325366199,0.028236866953006003,0.003465384962893713,0.026900000000000004
2003-05,0.012669382972100598,-0.03047606778976092,-0.032804994651661534,0.02096112855254367,-0.007412637729194546,0.028236866953006003,-0.045606103964333955,0.0229
2003-06,0.014523079711792815,-0.027711802178100126,-0.0406288447289735,0.008998311916863705,-0.011204813819604276,0.028236866953006003,-0.041235662210487085,0.0234
2003-07,0.019485628741107694,-0.018241122492014546,-0.04327378441202804,-0.00609924112501815,-0.012032129821988261,0.028236866953006003,-0.035241946536046884,0.036500000000000005
2003-08,0.014170705227178648,-0.03226245310873048,-0.05286109595761156,0.03455414059890033,-0.009099675810065766,0.028236866953006003,-0.04409830586871404,0.03610000000000001
2003-09,0.004371837141924555,-0.03796021786909634,-0.05356817112099835,0.024826387925357716,-0.015582540980703104,0.028236866953006003,-0.038200932670936154,0.029999999999999995
2003-10,0.007310867192852493,-0.028335417051266347,-0.0481764535379995,-0.01584034519261583,-0.021260337147257297,0.028236866953006003,-0.026007540713079542,0.0349
2003-11,0.005433913310911576,-0.03409037778877226,-0.05672361351087356,0.00048571623613336,-0.02122359043815022,0.028236866953006003,-0.03599854775205557,0.035
2003-12,0.010117891956768339,-0.028032032117656404,-0.04327483492328162,0.03585316956137085,-0.0063339513806997105,0.029778873334625918,-0.03393819301118875,0.03309999999999999
2004-01,0.01582104935267584,0.003907814117605147,-0.016508100422003322,0.02153111828065333,0.006187970332232748,0.029778873334625918,0.0007124437565153182,0.03319999999999999
2004-02,0.017591773741017266,0.018716226573666478,0.003243095728098984,0.006583170908071621,0.011533566737713587,0.029778873334625918,0.015431819592738281,0.03270000000000001
2004-03,0.008125362174650319,-0.03839910247067769,-0.06876524687711669,0.028113941090870773,-0.01773126152056832,0.029778873334625918,-0.03630044205683905,0.027799999999999995
2004-04,0.01311364647484424,-0.01908662204775475,-0.022617916982083087,0.02274374601084469,-0.0014617866360372269,0.029778873334625918,-0.023525715497813862,0.035699999999999996
2004-05,0.03364427448612913,0.045640102626165975,0.041523500982844234,0.08673632499078023,0.0518860507714799,0.029778873334625918,0.044066796033428154,0.039400000000000004
2004-06,0.029400962442522653,0.03533822311659536,0.0367383342039669,0.05369443496562505,0.038792988682177496,0.029778873334625918,0.033005035940643315,0.036599999999999994
2004-07,0.025302358378890482,0.025747422762638594,-0.0009536534512707857,-0.0058085835207639346,0.01107188604237359,0.029778873334625918,0.024952876656242486,0.033
2004-08,0.024629615586407846,0.006042298856883634,-0.007140254878497215,0.007220706958838332,0.00768809163090815,0.029778873334625918,0.007733536378079922,0.028099999999999997
2004-09,0.029010805235649677,0.037504340553754324,0.0070897234888861104,0.027513366265107215,0.02527955888584933,0.029778873334625918,0.03775243823173568,0.0282
2004-10,0.025072116855294223,0.005288449533073141,-0.019149818895498077,0.009237231811658447,0.005111994826131934,0.029778873334625918,0.00607242571644219,0.0273
2004-11,0.022073212840456147,0.000997524551339812,-0.015422260030301544,0.03937389456610134,0.011755592981898938,0.029778873334625918,0.0004880042909765949,0.025599999999999998
2004-12,0.02566558884217143,0.01628310602687713,0.006725592866387215,0.015163132659015059,0.01595935509861271,0.029156452260721045,0.014388357670946787,0.0232
2005-01,0.0325397351802419,0.043718660999984484,0.03153018325720178,0.0012203712521284167,0.027252237672389143,0.029156452260721045,0.04234761846742742,0.022199999999999998
2005-02,0.03180289526472767,0.04632865987086512,0.02788184059272676,0.025235053214072177,0.03281211223559793,0.029156452260721045,0.04354367372541303,0.024399999999999998
2005-03,0.027368911809180708,0.03795708646909007,0.030604311179810193,0.02194646668639122,0.029469194036118047,0.029156452260721045,0.03366319753319981,0.019799999999999998
2005-04,0.02557667131338995,0.04025304864379349,0.02872831468304736,-0.02654556412694969,0.017003117628320276,0.029156452260721045,0.03790306607947977,0.0169
2005-05,0.017982145597568864,0.012835025518897073,-0.007194952144753036,-0.005071222960389744,0.0046377490028307895,0.029156452260721045,0.012549470353587019,0.011200000000000002
2005-06,0.01828523167671309,0.011396619701668173,0.004283610654334402,-0.006708474156831578,0.006814246968971022,0.029156452260721045,0.01219754626268017,0.011799999999999998
2005-07,0.022574265379191105,0.027700316159548523,0.02101573564733899,-0.08750721987062843,-0.004054225671137453,0.029156452260721045,0.027821835056311132,0.014000000000000005
2005-08,0.014169060820229472,0.007757916143870469,-0.015963428007184224,-0.11642511018280259,-0.02761539030647172,0.029156452260721045,0.008410170117248593,0.0041999999999999885
2005-09,0.013546484896228119,-0.0007574351141269192,-0.01073752895709308,-0.07682979981053188,-0.01869456974638094,0.029156452260721045,-0.0015845397749757976,0.008600000000000003
2005-10,0.017757312362228786,0.00510481505179189,0.0006405269244741894,0.01652859281820137,0.010007811789174058,0.029156452260721045,-0.002883326503808151,0.013300000000000006
2005-11,0.018395975575387948,0.009987054569126448,-0.011939945394513788,-0.01448562651790999,0.0004893645580226541,0.029156452260721045,0.008398624397096023,0.0077000000000000055
2005-12,0.011320013642276722,0.00484840271472186,0.0033963434204493026,-0.029386604231063145,-0.002455461113403815,0.028942546740601344,0.003707005651261806,0.005499999999999991
2006-01,-0.005927428021394988,-0.031454835188406235,-0.022912990878174316,-0.0652659239023426,-0.03139029449757953,0.028942546740601344,-0.033970437433416545,0.0033000000000000043
2006-02,-0.006577961913109741,-0.031750037927197605,-0.027761558328341346,-0.06322278601995777,-0.03232808604715162,0.028942546740601344,-0.024172661065054484,0.004699999999999996
2006-03,-0.003601367221760507,-0.02967524923204664,-0.030445296068188545,-0.06919715826352306,-0.03322976769637968,0.028942546740601344,-0.021937142264186738,0.004200000000000002
2006-04,-0.017442844969936262,-0.04285318301193669,-0.031575410715956286,-0.06354382515404398,-0.0388538159629683,0.028942546740601344,-0.033280054849119535,0.0075
2006-05,-0.03958377449330096,-0.043396802850134274,-0.03410096284854965,-0.017484721825135517,-0.0336415655042801,0.028942546740601344,-0.03444156093630703,-0.0003999999999999976
2006-06,-0.013796162358938005,-0.03494712999413345,-0.01568376226155401,0.018683946443534223,-0.011435777042772812,0.028942546740601344,-0.029862625945503977,0.003500000000000003
2006-07,-0.026642216250102713,-0.03846202650569031,-0.02989088334759583,-0.009488877487563371,-0.026121000897738056,0.028942546740601344,-0.031972846009458857,0.001899999999999999
2006-08,-0.02443690394778006,-0.044483391901895146,-0.0409473568275096,-0.04163514589704877,-0.0378756996435584,0.028942546740601344,-0.038245702128503166,-0.0029999999999999957
2006-09,-0.010054314117077301,-0.0482079082866073,-0.04058559555102204,-0.028205497224312516,-0.03176332879475479,0.028942546740601344,-0.05309924641519134,-0.002799999999999997
2006-10,-0.0038605311631308425,-0.047501863353766605,-0.0595631114061271,-0.13651133748251457,-0.06185921085138478,0.028942546740601344,-0.04180799647504777,-0.0030999999999999917
2006-11,-0.012873896073030335,-0.045557164755066284,-0.07766049070211314,-0.14366813504781065,-0.0699399216445051,0.028942546740601344,-0.03942294611601234,-0.0058
2006-12,-0.0046279880558756405,-0.03890933429639567,-0.06443892989638156,-0.12032947565312503,-0.05707643197544447,0.026969518620579048,-0.03385728066280178,-0.000899999999999998
2007-01,0.0034256251405311855,-0.011294901749527686,-0.029526791447762574,-0.11899998194543794,-0.03909901250054926,0.026969518620579048,-0.00989926929402666,-0.004499999999999997
2007-02,-0.00021449618580588609,-0.020245315252683874,-0.04102146705897154,-0.0711749750299711,-0.0331640633818581,0.026969518620579048,-0.018576804375034853,-6.938893903907228e-18
2007-03,-0.00016914545528602318,-0.0177107609712338,-0.040495395734676885,-0.02819492680627866,-0.021642557241868844,0.026969518620579048,-0.017322642524942825,-0.005099999999999993
2007-04,0.005782274057370879,-0.009095296782841714,-0.025280101898909873,-0.10208013235391149,-0.032668314244573046,0.026969518620579048,-0.008319089529917872,-0.006499999999999999
2007-05,0.022258366335741908,0.020187844899108087,0.005837853772240214,-0.06331234895005572,-0.003757070985741377,0.026969518620579048,0.023377343222683103,-0.00019999999999999185
2007-06,0.011866133557549194,-0.010966085152085959,-0.02856553049421254,-0.027768161753277596,-0.013858410960506724,0.026969518620579048,-0.007271169256713449,0.0023000000000000034
2007-07,0.015886703935057426,0.01811418682192368,-0.0020263701871418857,-0.016393702063261722,0.0038952046266443755,0.026969518620579048,0.01661516759274549,-0.0001999999999999988
2007-08,0.012798815664428129,0.016791142503316994,-0.004685185401430876,-0.015007712279715469,0.0024742651216496945,0.026969518620579048,0.01769538432281413,-0.0049999999999999975
2007-09,0.003933678052881195,-0.009518671188524378,-0.02553025269493008,0.017614554695544186,-0.0033751727837572692,0.026969518620579048,-0.01666487245347224,0.007499999999999993
2007-10,-0.007100804683224864,-0.03031673649783932,-0.047266164009681456,0.00553531052459166,-0.019787098666538494,0.026969518620579048,-0.0349136108234604,0.006400000000000003
2007-11,-0.010972082357147677,-0.02678333886933015,-0.040491505248514977,-0.023993986610197488,-0.025560228271297572,0.026969518620579048,-0.030548919151099467,-0.0011000000000000038
2007-12,-0.0006368231935777492,-0.011828325894069536,-0.02742553227017311,-0.024691644087635575,-0.016145581361363993,0.026623944214008783,-0.015314392439894528,0.008
2008-01,-0.013549050825666955,-0.02102436768816841,-0.028044761179585913,-0.05114560041365254,-0.028440945026768454,0.026623944214008783,-0.025339378981243752,0.011499999999999996
2008-02,-0.007775878226361114,-0.020732911904233754,-0.012209772733089003,-0.037701064903742115,-0.019604906941856497,0.026623944214008783,-0.023839110680089086,0.0197
2008-03,-0.019697086887337182,-0.01739357144556175,-0.016270319730295125,-0.06346447521513932,-0.02920636331958334,0.026623944214008783,-0.021363127102306326,0.014100000000000001
2008-04,-0.004015874949504238,-0.012018722692268693,-0.009113285926662676,-0.04839804181742838,-0.018386481346465998,0.026623944214008783,-0.018009936933362482,0.016099999999999996
2008-05,-0.001477478532388176,-0.013414680877970542,-0.011328130854945353,-0.03330561511042439,-0.014881476343932115,0.026623944214008783,-0.019164092749263482,0.018999999999999996
2008-06,-0.0034087981068701145,-0.010897653471985857,0.006527742252896544,-0.00825676669485029,-0.00400886900520243,0.026623944214008783,-0.016150401753507734,0.019500000000000003
2008-07,-0.008600170484943114,-0.01565796537263663,-0.00019772508524524174,-0.01175723859760382,-0.009053274885107201,0.026623944214008783,-0.018773091631472373,0.021900000000000003
2008-08,0.007284202546634776,-0.01396893325666669,0.0006769609250473764,0.03209492909750826,0.00652178982813093,0.026623944214008783,-0.019255357446647088,0.0227
2008-09,0.0170908769510432,-0.004271388693201996,0.026856610276432144,0.009691807615090753,0.012341976537341025,0.026623944214008783,-0.006575097284238875,0.020499999999999997
2008-10,0.03218764906369572,0.039853970978499534,0.04684131361748261,0.03396815847696761,0.03821277303416137,0.026623944214008783,0.03860189690000254,0.030499999999999996
2008-11,0.04147341845958707,0.06899056780853359,0.08585159030786686,-0.002730551071230148,0.04839625637618934,0.026623944214008783,0.06278964864946394,0.025700000000000004
2008-12,0.03750131010025586,0.038449123603528104,0.045753544934009155,-0.11302733889067318,0.002169159936779984,0.028617434027914942,0.04120556930733294,0.0225
2009-01,0.04447386690432424,0.07146349063581123,0.08340324868525267,0.07890542086978534,0.06956150677379337,0.028617434027914942,0.07243068955602772,0.0287
2009-02,0.03869376502803656,0.05961747086832327,0.07059018314870669,0.12608649003340613,0.07374697726961815,0.028617434027914942,0.062100136773966724,0.029
2009-03,0.044587368530721684,0.0725829392472376,0.07699982065938593,0.019301913838409027,0.053368010568938556,0.028617434027914942,0.07398162643943279,0.0247
2009-04,0.04360691566065138,0.0746926127504009,0.07591126547910575,0.03688022421760415,0.05777275452694054,0.028617434027914942,0.07772756478445006,0.030400000000000003
2009-05,0.037757674388746484,0.07214528159723646,0.09158333777643386,0.04687245304930926,0.06208968670293152,0.028617434027914942,0.07387143787870604,0.0347
2009-06,0.03559645361887926,0.0652293915002712,0.08524773077694005,0.09267604683980886,0.06968740568397484,0.028617434027914942,0.06749928259044492,0.0341
2009-07,0.04279953699801208,0.08221470423636919,0.10191990703078539,0.06101982623459194,0.07198849362493966,0.028617434027914942,0.08332275999122948,0.034
2009-08,0.02822358790886819,0.04886513775071975,0.0747941976166441,0.08956159724840815,0.06036113013116005,0.028617434027914942,0.050004388569471196,0.0328
2009-09,0.02058779895962507,0.04053869388643872,0.053200305936402105,0.06968731482584205,0.046003528402076985,0.028617434027914942,0.042392087387787,0.0319
2009-10,0.011496424670468585,0.024177264620637524,0.02238764297633061,0.057627126182064725,0.02892211461237536,0.028617434027914942,0.027743485743608673,0.0341
2009-11,-0.008741934359718994,0.010755437196975434,0.017323157954437517,0.07084757458000009,0.02254605884292351,0.028617434027914942,0.013677635330131274,0.0321
2009-12,0.006716981387867246,0.031724374909895305,0.0411585212767985,0.0541750976711418,0.033443743811425716,0.029306379573730074,0.02897593745163402,0.0373
2010-01,0.01523729091429089,0.015376507660786413,0.023392147044832817,-0.005363371007614196,0.012160643653073983,0.029306379573730074,0.01601609727618024,0.0363
2010-02,0.028929369056775803,0.023963606332747283,0.05882971259352809,-0.01973992757260747,0.02299569010261093,0.029306379573730074,0.02296488129474472,0.0361
2010-03,0.0249421472961334,0.019681502765637054,0.07052279262526766,0.007884171441111285,0.030757653532037348,0.029306379573730074,0.017526031410746254,0.0372
2010-04,0.016124895198446614,0.02057484629133046,0.046738428651319316,-0.0046880755033833245,0.019687523659428267,0.029306379573730074,0.018249458385076345,0.0357
2010-05,0.014638681997430058,0.020657991778209994,0.04900327831953739,-0.021485698284600185,0.01570356345264431,0.029306379573730074,0.018717490185814496,0.0319
2010-06,0.013225998653578964,0.005073996691668707,0.028966564965705655,-0.04414324055455349,0.0007808299390999595,0.029306379573730074,0.006535872585553434,0.0285
2010-07,0.015709183724520376,0.022914075155060446,-0.0028202618780513956,-0.07667427170927722,-0.01021781867693695,0.029306379573730074,0.02370577226622235,0.0282
2010-08,0.014211311723410109,0.02021032563710978,-0.011669267069141969,-0.04797617711815848,-0.006305951706695139,0.029306379573730074,0.01980826541007114,0.023500000000000004
2010-09,0.014990728588408957,0.020972355833005888,0.005023342482339682,-0.028231222298838007,0.0031888011512291306,0.029306379573730074,0.02445703949734649,0.0241
2010-10,0.014065055927136083,0.017808356816938396,-0.004906580805541399,0.009053888890061385,0.009005180207148616,0.029306379573730074,0.020246477011650128,0.0251
2010-11,0.021443927911334242,0.024499391586904694,0.002559644551586071,0.027682821436137345,0.019046446371490586,0.029306379573730074,0.026996686927557485,0.0269
2010-12,0.022856077127174218,0.04738567214412072,0.07237468939822901,0.006896371255495009,0.03737820248125474,0.029773467957678913,0.045192494201512785,0.0318
2011-01,0.0240251070692466,0.042188181115558804,0.06083419954180628,0.019923687177701946,0.0367427937260784,0.029773467957678913,0.039039571144242835,0.033
2011-02,0.020332925955000324,0.04205370030321662,0.055100712106687065,0.012533526123987917,0.03250521612222298,0.029773467957678913,0.03868669408740584,0.033
2011-03,0.018317099079296382,0.04469171010465675,0.037110084187797765,-0.027322306094568004,0.01819914681929572,0.029773467957678913,0.04083070238374801,0.0335
2011-04,0.017258441544125133,0.04137870178316578,0.05367875312659439,0.0003981973559304755,0.028178523452453946,0.029773467957678913,0.03624180780700998,0.0332
2011-05,0.019689384622431798,0.02178685512996268,0.01960958999835245,0.0043165293163455985,0.016350589766773133,0.029773467957678913,0.02295477855421434,0.0305
2011-06,0.02149074195869071,0.027788205804842248,0.05941013467736538,0.06110082238555939,0.04244747620661443,0.029773467957678913,0.018671747187190182,0.0318
2011-07,0.013169047673959267,0.00494861920330513,0.011308118393447874,0.03225806024878759,0.015420961379874965,0.029773467957678913,0.004166548753663564,0.0282
2011-08,-0.0007297659380313161,0.0012118836346637362,0.005195142004524952,0.09324555522439337,0.024730703731387686,0.029773467957678913,0.0018746974017706999,0.0211
2011-09,0.0036997737324938745,0.010381996436041685,0.013817284247766353,0.06985251236136902,0.024437891694417735,0.029773467957678913,0.008873013046928026,0.0192
2011-10,0.01872203104716488,0.0237997709595243,0.02208367941430333,0.01477909547956057,0.019846144225138272,0.029773467957678913,0.02789116716712662,0.0217
2011-11,0.015861080780914284,0.025106013020056644,0.026257516609314305,0.048582832872543905,0.028951860820707283,0.029773467957678913,0.02676214651173413,0.0208
2011-12,0.025315231602298302,0.01900809749627309,0.014527155523701206,-0.0230415494595868,0.00895223379067145,0.030696865519485514,0.018821617573722135,0.0189
2012-01,0.021755792084840856,0.014532519409112677,0.01245121597352748,-0.017915113761588004,0.007706103426473253,0.030696865519485514,0.013681674481147835,0.0183
2012-02,0.017406285589459627,0.015530195246019606,0.010755145969116107,0.00859354863316339,0.013071293859439682,0.030696865519485514,0.014594764219281504,0.019799999999999998
2012-03,0.026462284486915847,0.019345975533016403,0.02516741440220695,0.016098650074661026,0.021768581124200055,0.030696865519485514,0.02004977260548809,0.0223
2012-04,0.03145482570462913,0.015420173926958746,0.02375999234248846,0.02669717256746159,0.02433304113538448,0.030696865519485514,0.01610808502076937,0.0195
2012-05,0.03573297088247084,0.017882015297139123,0.04087891855345125,0.03814498306762551,0.03315972195017168,0.030696865519485514,0.018940622207305975,0.014700000000000001
2012-06,0.03674703691452245,0.012558606676945104,0.012258442686991397,0.03753108669891955,0.024773793244344623,0.030696865519485514,0.013903158501630214,0.0167
2012-07,0.03920530759704454,0.015788972252983497,0.0042591099293457875,0.04482306839325436,0.026019114543157047,0.030696865519485514,0.014897508604285858,0.0151
2012-08,0.04689726486853875,0.04167139557903064,0.022194818983235443,0.05514128524905128,0.041476191169964025,0.030696865519485514,0.04155044630998141,0.014500000000000002
2012-09,0.04186323616019229,0.03321572492059162,0.017921239038711425,0.03404185818729481,0.03176051457669754,0.030696865519485514,0.033945535466830344,0.015300000000000001
2012-10,0.03627579250309357,0.029425246250695935,0.030812118840194462,0.03151840062986227,0.03200788955596156,0.030696865519485514,0.02946633595177783,0.016
2012-11,0.041275643127363565,0.03547542163989153,0.0344818122985153,0.0371878690526094,0.03710518652959495,0.030696865519485514,0.036286395442836,0.015000000000000003
2012-12,0.0400547552581148,0.025773082633322054,0.02455760515792747,0.06453195520678887,0.0387293495640383,0.03283003545260714,0.029218251921471882,0.0166
2013-01,0.04300056581445899,0.028839166807980328,0.035651263118268745,0.0827127323724697,0.04755093202829444,0.03283003545260714,0.031108865146577156,0.0202
2013-02,0.04901674268119412,0.03614856061651265,0.0379791850537043,0.09178719974338546,0.05373292202369913,0.03283003545260714,0.04047938945441095,0.0189
2013-03,0.04745192929848538,0.037458625035009754,0.04803306220696183,0.06155523996026937,0.04862471412518159,0.03283003545260714,0.04225348341904919,0.0187
2013-04,0.050780008198931484,0.034712502664998555,0.024639626078092034,0.058942291436620206,0.04226860709466057,0.03283003545260714,0.03935260053237226,0.017
2013-05,0.05381357241380386,0.0377928380054067,0.029322705051220883,0.0762986352059721,0.04930693766910088,0.03283003545260714,0.04081425878041208,0.0216
2013-06,0.05957849688833114,0.05775384185423069,0.06072617397381429,0.07838398746787745,0.0641106250460634,0.03283003545260714,0.0700921904252536,0.0252
2013-07,0.06271758256971022,0.06362145545517411,0.050475066516858944,0.09283209078332827,0.06741154883126789,0.03283003545260714,0.07331813140610079,0.026000000000000002
2013-08,0.06157902038362611,0.06427217835377831,0.0685063751719234,0.06602932188071295,0.06509672394751019,0.03283003545260714,0.07579416078690261,0.0278
2013-09,0.06573392954757168,0.061218793449040035,0.047839496375524,0.06945813027761195,0.06106258741243692,0.03283003545260714,0.06828021539212238,0.0264
2013-10,0.06705294783682347,0.061551959727688586,0.040204356469691886,0.06773914864468034,0.059137103169721074,0.03283003545260714,0.07158869774885802,0.025699999999999997
2013-11,0.0689128633665069,0.06343137514895479,0.050475066516858944,0.09516977172422604,0.06949726918913667,0.03283003545260714,0.07416853316573312,0.0275
2013-12,0.06860505281313331,0.07350156093946646,0.0559534734794134,0.059545634396317576,0.06440143040708268,0.031125722613330416,0.07835017580748632,0.0304
2014-01,0.06542867726009385,0.05711867958428581,0.02216732448294666,0.025656375776760443,0.0425927642760217,0.031125722613330416,0.06321127491062752,0.026699999999999998
2014-02,0.06096411888035038,0.0540542724969415,0.018432973053499144,0.040361475881574106,0.04345321007809128,0.031125722613330416,0.06140195087961283,0.026600000000000002
2014-03,0.05802149522144645,0.05343443550565717,0.025627811872370596,0.06684741704253241,0.05098278991050166,0.031125722613330416,0.06089474068109352,0.0273
2014-04,0.05502551727815715,0.03385881993220122,0.006032660386965113,0.07192048165106549,0.04170936981209725,0.031125722613330416,0.03230062726029567,0.026699999999999998
2014-05,0.050991392143513434,0.034958568904283845,0.03638209757851343,0.04174601251845496,0.04101951778619142,0.031125722613330416,0.032524602682135556,0.0248
2014-06,0.04791049899410083,0.03450622696999677,0.035658117067852484,0.02418814238808454,0.03556574635500866,0.031125722613330416,0.031187123142031224,0.0253
2014-07,0.04269311153869726,0.018291291541633697,0.03689083469219225,0.01433424464737303,0.02805237060497406,0.031125722613330416,0.022009936650077312,0.0258
2014-08,0.04666117405173782,0.03052959523043963,0.04152828230713901,0.022732047470746565,0.03536277476501576,0.031125722613330416,0.02930845019728698,0.0235
2014-09,0.05073396954458317,0.027384779193524257,-0.0019443716819154404,0.019443296291920598,0.023904418337028145,0.031125722613330416,0.026402071427012282,0.0252
2014-10,0.04909173346818406,0.028193169364861038,-0.0018376803721547698,0.045088879513443376,0.030134025493583426,0.031125722613330416,0.02622642818598734,0.0235
2014-11,0.048901870485376885,0.02560848569571806,-0.015741850345744886,-0.04087207345709668,0.004474108094563344,0.031125722613330416,0.027720197849447282,0.0218
2014-12,0.04237709423241464,0.014673371260449977,0.0001909252540141124,0.017225672417967047,0.018616765791211444,0.030763721304436078,0.013597996969074379,0.0217
2015-01,0.0384747926359834,0.01297282942636838,0.012584146014892343,0.01645380834268779,0.020121394104982978,0.030763721304436078,0.013090658322494118,0.0168
2015-02,0.04466233238355721,0.018542753563857983,0.014600332382492276,0.0151537519347736,0.02323979256617027,0.030763721304436078,0.018667027127158307,0.02
2015-03,0.0491641928890611,0.02562761590635167,0.010584327980089278,-0.0026942456907901417,0.020670472771177974,0.030763721304436078,0.023398817946161856,0.0194
2015-04,0.046441361875854965,0.01965740072205971,0.01290984220845563,-0.011169210936568242,0.016959848467450515,0.030763721304436078,0.02062795316163628,0.020499999999999997
2015-05,0.046245258038515626,0.024360242076382693,0.01907630593903061,-0.010475252135222466,0.019801638479676614,0.030763721304436078,0.022682070848780586,0.0212
2015-06,0.04771301037755975,0.02204983555114201,0.021603490452314855,0.025220187471174327,0.029146630963047735,0.030763721304436078,0.02004870948290105,0.0235
2015-07,0.052008586622717595,0.040993797509597994,0.07100434094714016,-0.015832885329381496,0.037043459937518564,0.030763721304436078,0.04051490167872891,0.022000000000000002
2015-08,0.051826325280551075,0.04547309178677674,0.08014121423130384,-0.012443986217873074,0.04124916127018964,0.030763721304436078,0.047154838415114475,0.022099999999999998
2015-09,0.04759254254855132,0.024152408007101757,0.013550595049496015,-0.031372215703429684,0.013480832475429853,0.030763721304436078,0.026373442789373504,0.0206
2015-10,0.04500139655902127,0.022971337531755523,-0.0020132099752370033,-0.01203729093242795,0.013480558295777961,0.030763721304436078,0.020011860547898674,0.0216
2015-11,0.04709653617552187,0.024047255574037325,0.00679038552118361,-0.030479490221746102,0.011863671762249173,0.030763721304436078,0.022946190732236332,0.022099999999999998
2015-12,0.049099905219472315,0.03705127111799273,0.03473044568856281,0.03479753819758533,0.0389197900559033,0.031398700544874376,0.029703494077694244,0.021500000000000002
2016-01,0.049096165559371005,0.03744428071135026,0.027865941522773666,0.03882305218277755,0.03830735999406812,0.031398700544874376,0.02958082180710474,0.0182
2016-02,0.03998569849966499,0.021894356891944373,0.016468125334064415,0.023684369517127952,0.02550813756070043,0.031398700544874376,0.022110113810829158,0.015
2016-03,0.03413641270913924,0.01862203446006297,0.015715659856001804,0.022809453907035995,0.022820890233060002,0.031398700544874376,0.019767976117026666,0.0154
2016-04,0.03641596070674658,0.014768481209702315,0.014868203109192386,0.024603267330308258,0.022663978088987388,0.031398700544874376,0.01752179356808073,0.0171
2016-05,0.03523538069022094,0.016684759589405827,0.030322849193619574,0.0365534541939373,0.02969911091679591,0.031398700544874376,0.01909216596068152,0.0172
2016-06,0.031079169094678557,0.018485543700565307,0.017260638004371873,0.01129331749557038,0.019529667073796532,0.031398700544874376,0.019506142346883183,0.0125
2016-07,0.022786680381646572,0.01472280979596069,0.003918687065208592,0.023597972108920062,0.01625653733793398,0.031398700544874376,0.014567185695676988,0.012199999999999999
2016-08,0.02227398479785147,0.01306894008235875,0.0024052455744233425,0.006291690993002502,0.011009965361909017,0.031398700544874376,0.01346159031032964,0.013400000000000002
2016-09,0.023827257366411843,0.01597903111539385,0.011066760246892711,0.02330184158696623,0.018543722578916157,0.031398700544874376,0.015745962457463517,0.013600000000000001
2016-10,0.03152077474043189,0.009594455636852803,-0.0035931227305141685,-0.008724271907039706,0.007199458934932705,0.031398700544874376,0.011004025469755215,0.016
2016-11,0.03068767621302666,0.019777101801905332,0.02075143237878864,0.03222615486108261,0.02586059131370081,0.031398700544874376,0.01886368755144662,0.022500000000000003
2016-12,0.03487939623212846,0.015580163726955445,0.0011479885545058615,0.027255121017492334,0.019715667382770526,0.03170226117840401,0.018186353382343257,0.020900000000000002
2017-01,0.03359164637046947,0.01705026095312843,0.02199941840983792,0.0490672037636964,0.030427132374283055,0.03170226117840401,0.019404803414037896,0.019700000000000002
2017-02,0.03757712410244882,0.017411674267239063,-0.00030627733748118415,0.04017212878795737,0.023713662455041015,0.03170226117840401,0.02075947024643057,0.018799999999999997
2017-03,0.04125887534710705,0.029858932686047637,0.026929952826337148,0.044900985887106386,0.035737186686649554,0.03170226117840401,0.03230252822782436,0.0204
2017-04,0.0374084753346343,0.01746197240709301,-0.005090460596272788,0.04266497484752953,0.023111240498246012,0.03170226117840401,0.020135943179038333,0.0169
2017-05,0.03901179084953603,0.025760634205726482,0.011528104451336606,0.03081058417808821,0.026777778421171832,0.03170226117840401,0.02820634794526041,0.014899999999999998
2017-06,0.03947838153716708,0.022290776256257777,0.038350598566669225,0.037216616652199656,0.03433409325307343,0.03170226117840401,0.0245972133197529,0.015899999999999997
2017-07,0.04367589807213615,0.02391934723350038,0.014612610241700815,0.022574268870519075,0.026195531104464105,0.03170226117840401,0.025071172253898807,0.014599999999999998
2017-08,0.03946595285029454,0.022716560651139202,0.007697888035985891,-0.004846334687446316,0.01625851671249333,0.03170226117840401,0.02456476169216028,0.0104
2017-09,0.03784982642547973,0.021693727003074873,0.025779898546738202,-0.013374075661626877,0.017987344078416484,0.03170226117840401,0.022948569102606703,0.0125
2017-10,0.036531390499398214,0.015633893407614015,0.005682698617202312,-0.018119693522851046,0.009932072250340873,0.03170226117840401,0.01691569031601468,0.012999999999999998
2017-11,0.03527451880876579,0.014580176176009216,-0.0017595794111631496,-0.03370554383498879,0.0035973929346557656,0.03170226117840401,0.013298790361767837,0.014599999999999998
2017-12,0.02889124113518019,0.011841907765674333,-0.0019278073579012671,-0.024691718066258146,0.003528405869173778,0.030323429933658136,0.01043719642223837,0.0132
2018-01,0.02742973632176318,0.012128999787812428,-0.0019278073579012671,-0.01226158550736129,0.006342335811078263,0.030323429933658136,0.008470014406476795,0.014000000000000002
2018-02,0.03091105113193237,0.017782391433044248,0.01798697913004397,0.03285405850574797,0.024883620050192137,0.030323429933658136,0.02004431353364644,0.0155
2018-03,0.030010499169842577,0.01938104227235468,0.01520161774552673,0.02805655073191049,0.02316242747990862,0.030323429933658136,0.01691240242846866,0.013000000000000001
2018-04,0.03157808923426926,0.02029446852501489,0.018486425889990415,0.017564827755190766,0.02198095285111633,0.030323429933658136,0.018361741589591387,0.0127
2018-05,0.031657454186357056,0.01977411207202763,0.017714527182340352,0.048267891551919004,0.02935349624816101,0.030323429933658136,0.017432368885558516,0.0115
2018-06,0.033856899012288874,0.020269605439185743,0.021063739972816485,0.023135200876332685,0.024581361325155943,0.030323429933658136,0.022095846114661585,0.011699999999999999
2018-07,0.03454583698091831,0.02485708051955366,0.0302501874348969,0.015926523493009263,0.026394907107094537,0.030323429933658136,0.026289734856487973,0.0104
2018-08,0.03889720724860032,0.029180881695388926,0.03735111767143154,-0.01972679945295156,0.021425601790617303,0.030323429933658136,0.02449190727967267,0.009399999999999999
2018-09,0.0421013432964991,0.03100050796548795,0.02598758482462137,-0.0041673183737851865,0.023730529428205808,0.030323429933658136,0.026802240899081124,0.012499999999999997
2018-10,0.037674927992963,0.028579586993873064,0.03652028650132874,0.04848530553601396,0.037815026756044694,0.030323429933658136,0.025601914061424043,0.0087
2018-11,0.03735035351660399,0.02867594118743898,0.0325365615215819,0.021126782866372016,0.029922409772999224,0.030323429933658136,0.02679899462551783,0.008499999999999997
2018-12,0.030526637160023636,0.016660965610299065,0.02076892178350822,0.03622293111437598,0.026044863917051724,0.028848117392933817,0.018042539606577895,0.0040999999999999995
2019-01,0.030492383561521327,0.017000098917984697,0.03965974943226424,0.0012417920970995838,0.022098506002217463,0.028848117392933817,0.018666639874367317,0.0011000000000000003
2019-02,0.03104125265478686,0.01221286400069655,0.018141342235464243,0.012188840722750869,0.018396074903424632,0.028848117392933817,0.014822406271271928,0.0057
2019-03,0.02977816477661702,0.011548717626355235,0.00034494590223288675,-0.028105157485889473,0.0033916677048289167,0.028848117392933817,0.014152882551792525,0.001299999999999999
2019-04,0.03048677975023177,0.010131349399184938,0.010362375198856705,-0.05881121018273841,-0.0019576764586162476,0.028848117392933817,0.013965179207097935,-0.00010000000000000286
2019-05,0.027240276197503972,0.01390092686068688,0.027391496525256177,-0.040059820122686926,0.007118219865190026,0.028848117392933817,0.016529151453110826,-0.003799999999999998
2019-06,0.02286288238898212,0.003529035423780743,-7.574390291816082e-05,-0.05554418700748566,-0.00730700327441024,0.028848117392933817,0.0046959179160751124,-0.0016000000000000007
2019-07,0.01657448463749989,0.0007666788156316292,-0.016115176390449806,-0.028042814851198486,-0.0067042069471291935,0.028848117392933817,0.0023902672052338583,-0.0026000000000000016
2019-08,0.0082019750896709,0.004027796672294402,-0.022995562868962777,0.017284623426708973,0.001629708079927874,0.028848117392933817,0.0001508997614756815,-0.004200000000000002
2019-09,0.006974230196689812,-0.00047918234247632056,-0.04342847555179991,-0.0072749014826861,-0.011052082295068131,0.028848117392933817,-0.0014831181067094415,-0.004800000000000002
2019-10,0.010845324317264968,0.0003160348647759875,-0.04576636551092636,-0.009190404292750469,-0.010948852655408969,0.028848117392933817,-0.002893847521420398,-0.0011000000000000038
2019-11,0.014707336801672584,-0.003727381723455546,-0.042693960405942206,-0.04749209687269855,-0.01980152555010593,0.028848117392933817,-0.003981759887504103,0.0034000000000000002
2019-12,0.029961188361597994,0.007173503176935847,-0.017159677959287883,-0.03769771405344157,-0.004430675118548904,0.029961188361597994,0.005984776775165855,0.002399999999999996
2020-01,0.029961188361597994,0.010000001815786929,-0.016661518981364382,-0.02133675386765324,0.0004907293320918242,0.029961188361597994,0.006956882367155223,-0.0004999999999999987
2020-02,0.029961188361597994,0.006595077371139306,-0.04321008193814158,-0.025664099836642633,-0.00807947901051173,0.029961188361597994,0.006346639083704407,-0.0031000000000000003
2020-03,0.029961188361597994,0.010076167651545098,-0.017636144709532783,-0.021554866475460586,0.0002115862070374312,0.029961188361597994,0.009298726952198754,-0.0074
2020-04,0.029961188361597994,0.004504156452428197,-0.025278247429696823,-0.10000146365934348,-0.02270359156875353,0.029961188361597994,0.008261688981305408,0.0064
2020-05,0.029961188361597994,0.003537407299788703,-0.025018558963153463,0.1657139498376052,0.04354849663395961,0.029961188361597994,0.004052170583818462,0.005300000000000001
2020-06,0.029961188361597994,0.006593781263277881,-0.02398338981407406,0.06034602267724549,0.018229400622011824,0.029961188361597994,0.0048753671841228734,0.0054
2020-07,0.029961188361597994,0.001207084708539129,-0.03178938054950776,-0.010598778364516483,-0.0028049714609717797,0.029961188361597994,-0.0017841435030562895,0.0043
2020-08,0.029961188361597994,0.00344752754646344,-0.019983112672306617,-0.23320906213226528,-0.054945864724127616,0.029961188361597994,0.0032085142750025515,0.006
2020-09,0.029961188361597994,0.009641907328805112,-0.019990134932054978,-0.1698531065770192,-0.03756003645466777,0.029961188361597994,0.006626833926279909,0.0057
2020-10,0.029961188361597994,0.011322310491031223,-0.029138565943477194,-0.08425810940779793,-0.018028294124661476,0.029961188361597994,0.008493165493629364,0.007600000000000001
2020-11,0.029961188361597994,0.011334600296518185,-0.024837001857826533,-0.025439110679448686,-0.0022450809697897598,0.029961188361597994,0.006738256209963317,0.0072
2020-12,0.03198501648153524,0.01840111292494912,-0.012331149716885748,-0.01986559086968997,0.004547347204977162,0.03198501648153524,0.01703680315860842,0.008100000000000001
2021-01,0.03198501648153524,0.018764812224995972,-0.013308124595839499,0.020021941690266963,0.014365911450239669,0.03198501648153524,0.018087488425336543,0.0111
2021-02,0.03198501648153524,0.015105529586291437,-0.013706376947738982,0.01599217255649351,0.012344085419145301,0.03198501648153524,0.016618063447597982,0.0144
2021-03,0.03198501648153524,0.012032620799060915,-0.017013405912016933,0.025707062063788064,0.013177823358091822,0.03198501648153524,0.014332322772190698,0.0174
2021-04,0.03198501648153524,0.0134315954828631,-0.004222940376414684,0.014401676812518777,0.013898837100125608,0.03198501648153524,0.01752246362182194,0.0165
2021-05,0.03198501648153524,0.007475839721952264,-0.004864354447883149,0.011533953942015205,0.01153261392440489,0.03198501648153524,0.010348628484331067,0.0158
2021-06,0.03198501648153524,0.00602842452987266,0.007463226209045642,-0.027460171160597686,0.004504124014963964,0.03198501648153524,0.009532388753507372,0.014499999999999999
2021-07,0.03198501648153524,0.025907703303563165,0.025667787146551428,-0.0027229387190066123,0.020209392053160805,0.03198501648153524,0.02687334289685546,0.0124
2021-08,0.03198501648153524,0.033694856464944314,0.0445178216947535,-0.01307407318313708,0.024280905364523993,0.03198501648153524,0.036236713140369914,0.013000000000000001
2021-09,0.03198501648153524,0.03385638949383113,0.047332539781272505,0.0074520471052692445,0.030156498215477025,0.03198501648153524,0.037275284278327846,0.0152
2021-10,0.03198501648153524,0.03383109924493988,0.0445178216947535,-0.0067295386304424346,0.025901099697696543,0.03198501648153524,0.037123782696457296,0.0155
2021-11,0.03198501648153524,0.028340705618259295,0.02891542962613092,0.014815656452460298,0.026014202044596438,0.03198501648153524,0.03242293169865449,0.0143
2021-12,0.03030962621034173,0.01836561741739578,0.015021926397777215,0.010903724497488644,0.01865022363075084,0.03030962621034173,0.02385250699772011,0.014
2022-01,0.03030962621034173,0.017966217591981467,0.015021926397777215,0.013099731573357084,0.019099375443364375,0.03030962621034173,0.01910788504236036,0.0179
2022-02,0.03030962621034173,-0.004822348146555037,-0.017807798944006612,0.015803276089759753,0.005870688802384959,0.03030962621034173,0.0009639802566947464,0.0183
2022-03,0.03030962621034173,-0.004537008523247521,0.00972408622782487,0.004272538112526245,0.00994231050686133,0.03030962621034173,-0.0017566228273596114,0.0232
2022-04,0.03030962621034173,0.00045369522131540583,0.019956359595213368,0.029667279808658048,0.02009674020888214,0.03030962621034173,0.0032611421319779857,0.028900000000000002
2022-05,0.03030962621034173,0.02003588101361543,0.057479697273907795,0.02850739127296869,0.03408314894270841,0.03030962621034173,0.01929088163125404,0.024900000000000002
2022-06,0.03030962621034173,0.020205837625952995,0.053454354549091296,0.09149139725414264,0.04886530390988217,0.03030962621034173,0.01781264646370615,0.022600000000000002
2022-07,0.03030962621034173,0.023049224040756287,0.030499911388787236,0.059412203592636596,0.035817741308130466,0.03030962621034173,0.020857245236851583,0.017099999999999997
2022-08,0.03030962621034173,0.02132323131106134,0.032980263769664356,0.07111826510223601,0.03893284659832586,0.03030962621034173,0.018982739770853786,0.0087
2022-09,0.03030962621034173,0.03391690598208927,0.030499911388787236,0.08932573105527514,0.04601304365912334,0.03030962621034173,0.03230044913069956,0.0155
2022-10,0.03030962621034173,0.034537002821002284,0.030499911388787236,0.08255945582625909,0.044476499061597584,0.03030962621034173,0.0341625912710256,0.013399999999999995
2022-11,0.03030962621034173,0.03450227246209088,0.03835403623452921,0.08161192728727637,0.04619446554855955,0.03030962621034173,0.03367771525225819,0.0020000000000000018
2022-12,0.02739454382653191,0.006264041930697403,0.018513306416636142,0.08422245171323592,0.03409858597177534,0.02739454382653191,0.012580316071889447,-0.0007999999999999952
2023-01,0.02739454382653191,0.00038272749747406945,0.006834590093766815,0.06204504832008734,0.024164227434465033,0.02739454382653191,0.0049711977156712515,-0.0067999999999999935
2023-02,0.02739454382653191,0.014478008720636454,0.026535800437558908,0.07903399569714048,0.03686058717046693,0.02739454382653191,0.021126352203925676,-0.0016000000000000042
2023-03,0.02739454382653191,0.030949591424390802,0.04741739470379058,0.07566321451985736,0.045356186118642665,0.02739454382653191,0.03163841923014722,-0.008400000000000005
2023-04,0.02739454382653191,0.02240375678071965,0.03301770638274359,0.053828812412409485,0.03416120485060116,0.02739454382653191,0.024749726662447822,-0.007599999999999996
2023-05,0.02739454382653191,0.023419314449721892,0.04218459720332577,0.07577183241568167,0.04219257197381531,0.02739454382653191,0.02364337238594047,-0.0068000000000000005
2023-06,0.02739454382653191,0.022270633839228997,0.031812467928857883,0.053495504155540545,0.033743287437539835,0.02739454382653191,0.022898128961211198,-0.009899999999999999
2023-07,0.02739454382653191,0.021375508074454635,0.03859195141033384,0.063087976572169,0.037612494970872344,0.02739454382653191,0.019939913712332585,-0.014300000000000007
2023-08,0.02739454382653191,0.01868693742813935,0.03571566407738057,0.05832746026761499,0.03503115139991671,0.02739454382653191,0.022495044165457934,-0.013100000000000007
2023-09,0.02739454382653191,0.017508557540262745,0.03262047166082648,0.031899258437248196,0.027355707866217334,0.02739454382653191,0.018468616704649256,-0.005700000000000004
2023-10,0.02739454382653191,0.020905552628487353,0.03571566407738057,0.04777125450538572,0.03294675375944639,0.02739454382653191,0.022871899945573072,-0.007599999999999996
2023-11,0.02739454382653191,0.020301798355100913,0.03277097078658197,0.05905601093957499,0.03488083097694745,0.02739454382653191,0.020804967200064098,-0.009099999999999997
2023-12,0.015993922927866566,0.020503295883751646,0.028453835000467696,0.04988421183299539,0.028708816411270325,0.025218241230806834,0.021723374646763664,-0.012799999999999999
2024-01,0.01881301436227769,0.02427683159829625,0.037365274856681084,0.06496297351210137,0.0363545235823391,0.025218241230806834,0.023513619497852273,-0.016499999999999987
2024-02,0.019627651514945544,0.021955157476009072,0.025050581365441596,0.03331837864252518,0.024987942249730347,0.025218241230806834,0.02319795069544486,-0.007899999999999997
2024-03,0.016686247952277543,0.019410556434134425,0.02627862491957587,0.05144879841180427,0.028456056929448026,0.025218241230806834,0.020889449948045143,-0.009599999999999997
2024-04,0.014187323851084167,0.01568794389277712,0.020867989702276227,0.049563679178886585,0.025076734156256025,0.025218241230806834,0.01772893544329082,-0.009499999999999988
2024-05,0.013632280727407391,0.01447278208664542,0.017539295892465855,0.022379404310104954,0.017005940754155905,0.025218241230806834,0.011450813212667183,-0.0076999999999999985
2024-06,0.013003430213211514,0.014589620102993233,0.010953096861439152,0.024855196917229254,0.01585033602371829,0.025218241230806834,0.014348520117005579,-0.005599999999999994
2024-07,0.009024225476331724,0.01594813619605647,0.019227574074396465,0.01915540122627658,0.01583883424326531,0.025218241230806834,0.018273822600153602,-0.013100000000000007
2024-08,0.003801151952834758,0.019504913350117038,0.031024430558469845,0.06532332786020797,0.029913455930407402,0.025218241230806834,0.01915510452356748,-0.018499999999999996
2024-09,0.0022011881521210343,0.014982227891255495,0.027095966152013293,-4.207837462374964e-05,0.011059325955191518,0.025218241230806834,0.016107436031242116,-0.009899999999999999
2024-10,-0.0005522562965041208,0.017042099558545507,0.020509767120986587,-0.0011963069755777309,0.00895082585186256,0.025218241230806834,0.018584183088554744,-0.003999999999999997
2024-11,0.0034823133351542454,0.012278432279840108,0.018198856452462848,0.004383707861072551,0.009585827482132436,0.025218241230806834,0.014678291127105995,-0.006200000000000004
2024-12,0.0054505196806394415,0.009086967278686821,0.014879155395417128,-0.0008544095368056386,0.007140558204484438,0.024058999472731744,0.010559687119896891,0.0013999999999999985
2025-01,0.003796834673816408,0.004369764977000385,0.012747246521881726,0.015657789303857448,0.009142908869138992,0.024058999472731744,0.0053628614994254715,0.0013999999999999985
2025-02,-0.0022190060633435794,0.006844127532035882,0.020533253700965065,-0.003838455961193893,0.005329979802115869,0.024058999472731744,0.008540820857732546,0.002800000000000004
2025-03,0.0005480699017416796,0.011063888502065076,0.027242792914268038,0.07612735995893158,0.028745527819251594,0.024058999472731744,0.010625083599872067,0.0015000000000000013
2025-04,8.811127130241639e-05,0.011491998724880733,0.017277204652271137,-0.024042722894523538,0.001203647938482687,0.024058999472731744,0.012503512282040876,-0.0002999999999999947
2025-05,-0.0020383954930270516,0.01462858153993413,0.026147696233761664,-0.021886974010394588,0.004212727067568538,0.024058999472731744,0.014597788380838016,-0.0015000000000000013
2025-06,-0.0032848414055800246,0.01651668885464992,0.021770788637177588,0.014980977234206676,0.01249590333011354,0.024058999472731744,0.016066553130851483,0.0015999999999999973
2025-07,0.0003144441789202958,0.011674069366999643,0.007099099711416438,-0.006098674788978808,0.0032472346170893925,0.024058999472731744,0.01447961803876072,0.0029
2025-08,0.0002448902870083418,0.011823837006905858,0.007174810322973403,0.0057241713291723145,0.006241927236514979,0.024058999472731744,0.012730228014800832,-0.0032999999999999974
2025-09,-0.002193554822131339,0.005949309484041384,0.012325130760008806,-0.004330088748920317,0.002937699168249633,0.024058999472731744,0.007994495104508878,0.0020000000000000018
2025-10,-0.009223762055641498,0.00733654692541669,0.013187625878937643,0.02687928432665163,0.009544923768841116,0.024058999472731744,0.007422894506846251,-0.0032999999999999974
2025-11,-0.009007206137842425,0.00859287018724342,0.030828809772514714,0.024275736491973864,0.013672552578472393,0.024058999472731744,0.0065574958344945195,0.0041999999999999885
2025-12,-0.015110721300687073,0.0071157144553405695,0.018047683785527045,-0.004527038764992771,0.0013814095437969425,0.023513203200089483,0.008290506037964152,0.000999999999999994
2026-01,-0.021587992104520587,0.0032752618081004917,0.01870582372798307,-0.03693671861476481,-0.00913590629580046,0.023513203200089483,0.0030126670399838427,0.006599999999999995
2026-02,-0.020469162066063654,0.006157080726966533,0.017022775328751384,-0.0037758667666898116,-0.0002662931942588871,0.023513203200089483,0.004267574433229542,0.006099999999999994
2026-03,-0.012981848159998755,0.00491339656230589,0.016498997684732543,0.011695286075664899,0.005031458040676144,0.023513203200089483,0.007373513081628863,0.008199999999999999
2026-04,-0.002306806049187208,0.0031152847845378434,0.011789507164572584,0.00521632065902973,0.004453576639738237,0.023513203200089483,0.0027597575727011056,0.009200000000000007
2026-05,0.0023365651310866577,0.0062387073321214445,0.015389811986228533,-0.05879579823625898,-0.008707678446705586,0.023513203200089483,0.00646248737318607,0.007300000000000008
2026-06,0.011104612078568419,0.010869597166894791,0.015846985264592762,-0.04716210673986371,-0.002335228057451934,0.023513203200089483,0.010751102412594938,0.009600000000000004
2026-07,0.013281007415857336,0.008321860878051328,-0.005957560978405772,-0.08941100355211311,-0.018441424059152556,0.023513203200089483,0.008542657407653826,0.007900000000000004
2026-08,0.00890673884445732,0.0006243028831081621,-0.012389483239419505,-0.0632084033910253,-0.01651671122571983,0.023513203200089483,0.0039017652944734593,0.012700000000000003
