family,target,model,r2_os,stat,p_value,n,benchmark,holm_reject_5pct,holm_adj_p
K,lrv_mkt,har,0.20004510057093172,4.15412316160388,3.265372703786795e-05,440,random walk,True,0.0005551133596437552
K,lrv_mkt,garch,0.19321089972280903,5.014138444072582,5.327162093671234e-07,440,random walk,True,1.0121607977975344e-05
K,lrv_mkt,enet,0.19463335638225265,3.4491728309547423,0.0005623066749487204,440,random walk,True,0.008434600124230807
K,lrv_mkt,rf,0.11195252968812774,1.5632239223820548,0.11799993521855323,440,random walk,False,0.5899996760927662
K,lrv_mkt,gbm,0.1410498832248357,2.16741903308934,0.030202917287139197,440,random walk,False,0.2718262555842528
K,lrv_mkt,mlp,0.16826827705649927,2.703815607825018,0.0068548316294236855,440,random walk,False,0.07540314792366054
K,lrv_mkt,ensemble,0.18829376559343614,3.1901671207941327,0.0014219054243260754,440,random walk,True,0.01848477051623898
K,lrv_ust,har,0.27758667359306444,6.35187919411091,2.1270030181597122e-10,440,random walk,True,4.254006036319424e-09
K,lrv_ust,garch,0.2065247206237627,4.429414939304746,9.44890711629398e-06,440,random walk,True,0.00017008032809329166
K,lrv_ust,enet,0.15765590268366259,3.482755376189489,0.0004962816251352642,440,random walk,True,0.007940506002164227
K,lrv_ust,rf,0.14225349569902623,2.4969138336317656,0.012527939424590517,440,random walk,False,0.12527939424590517
K,lrv_ust,gbm,0.17433849509594512,3.0614154911954743,0.00220293168220298,440,random walk,True,0.02643518018643576
K,lrv_ust,mlp,0.0038075289110024446,0.038613915259866155,0.9691982077943706,440,random walk,False,0.9691982077943706
K,lrv_ust,ensemble,0.18472310981321183,3.41980284022773,0.0006266653654756205,440,random walk,True,0.008773315116658686
K,sbc3,har,0.10741818717321128,1.5368223276468231,0.12433682420342684,438,random walk,False,0.5899996760927662
K,sbc3,enet,-0.20695175546491296,-1.7368865597744652,0.08240719621489645,438,random walk,False,0.5245172620925578
K,sbc3,rf,-0.1643569200138406,-1.300629397505258,0.19338533948477243,438,random walk,False,0.5899996760927662
K,sbc3,gbm,-0.24864947737616672,-1.780886237044029,0.07493103744179397,438,random walk,False,0.5245172620925578
K,sbc3,mlp,-0.2598165252529072,-1.8680569563743374,0.06175413239119343,438,random walk,False,0.4940330591295474
K,sbc3,ensemble,-0.14841720637930078,-1.1992274657475184,0.23043951028461684,438,random walk,False,0.5899996760927662
R,ret1_MKT,enet,4.5564584162161026e-05,0.7073166648008414,0.2396848558155964,440,historical mean,False,1.0
R,ret1_MKT,rf,-0.02496826720579981,-0.07064313485858283,0.5281591102526632,440,historical mean,False,1.0
R,ret1_MKT,gbm,-0.08680166436773051,0.0021601178916733073,0.499138238312539,440,historical mean,False,1.0
R,ret1_MKT,mlp,-0.063022488975216,-0.5480410802371013,0.7081681521161296,440,historical mean,False,1.0
R,ret1_MKT,regime_rf,-0.026206974310810205,-0.20375960355993888,0.5807293188966121,440,historical mean,False,1.0
R,ret1_MKT,ensemble,-0.024860942132146402,-0.24091627237366056,0.5951899949959218,440,historical mean,False,1.0
R,ret1_UST10,enet,0.010520841003063719,1.689247816497717,0.045585974530093165,440,historical mean,False,1.0
R,ret1_UST10,rf,-0.014640664725714458,0.8895167717704598,0.18686270679361683,440,historical mean,False,1.0
R,ret1_UST10,gbm,-0.06341647633636782,0.7818309901775355,0.21715695288398518,440,historical mean,False,1.0
R,ret1_UST10,mlp,-0.07004917430987301,0.5172789391010716,0.3024807269197518,440,historical mean,False,1.0
R,ret1_UST10,regime_rf,-0.01294615229817353,1.0280443539084718,0.15196448216344804,440,historical mean,False,1.0
R,ret1_UST10,ensemble,-0.00987201483528577,0.9458287637316706,0.17211796605611385,440,historical mean,False,1.0
R,ret1_GOLD,enet,0.01663714488372725,3.487659431852693,0.00024363415780670472,440,historical mean,True,0.009014463838848075
R,ret1_GOLD,rf,0.017075750190680528,2.6239877917220844,0.004345345008661461,440,historical mean,False,0.1564324203118126
R,ret1_GOLD,gbm,-0.06632165105570231,1.2717693390135252,0.10172754295666886,440,historical mean,False,1.0
R,ret1_GOLD,mlp,-0.07033493031899707,0.5810083744508542,0.28061740472287333,440,historical mean,False,1.0
R,ret1_GOLD,regime_rf,0.013951195993479715,2.4718756115280622,0.006720313668673761,440,historical mean,False,0.23521097840358163
R,ret1_GOLD,ensemble,0.005850798229456222,1.7274345030359992,0.0420448292805875,440,historical mean,False,1.0
R,ret12_MKT,enet,-0.00012657581321118272,-0.1588154157754439,0.5630928485347668,429,historical mean,False,1.0
R,ret12_MKT,rf,-0.1407543116092267,-1.1144111491481414,0.8674485787641126,429,historical mean,False,1.0
R,ret12_MKT,gbm,-0.27719971911742647,-0.0990855546203147,0.5394648293073299,429,historical mean,False,1.0
R,ret12_MKT,mlp,-0.7885750175514532,-2.1868594127126832,0.9856236056744881,429,historical mean,False,1.0
R,ret12_MKT,regime_rf,-0.1593723737105761,-1.315604714220694,0.9058466247649325,429,historical mean,False,1.0
R,ret12_MKT,ensemble,-0.200542758986181,-1.4060855840798798,0.920150643719178,429,historical mean,False,1.0
R,ret12_UST10,enet,0.05270206726259141,1.8231267989752749,0.0341420942819467,429,historical mean,False,1.0
R,ret12_UST10,rf,-0.01142232822177447,1.8822236660733584,0.029902826840657926,429,historical mean,False,0.9568904589010536
R,ret12_UST10,gbm,-0.11005051414970835,1.3394039628092145,0.09021960001955309,429,historical mean,False,1.0
R,ret12_UST10,mlp,-0.3633498428322073,0.3206712048409302,0.37422978549129626,429,historical mean,False,1.0
R,ret12_UST10,regime_rf,-0.03511415058195633,1.747019266066489,0.04031699811642664,429,historical mean,False,1.0
R,ret12_UST10,ensemble,-0.015617703983066278,1.43625196307942,0.07546532882090562,429,historical mean,False,1.0
R,ret12_UST10,yield_anchor,0.06296633377928618,1.9561502992082127,0.0252237256620097,429,historical mean,False,0.8323829468463201
R,ret12_GOLD,enet,-0.00012695912270421772,-1.0588493718778256,0.8551658077595701,429,historical mean,False,1.0
R,ret12_GOLD,rf,-0.09537570826224373,1.035190950144984,0.15028987215728995,429,historical mean,False,1.0
R,ret12_GOLD,gbm,-0.12628182022175327,2.0413963835067994,0.020605721820118106,429,historical mean,False,0.7005945418840156
R,ret12_GOLD,mlp,-0.6087954006467575,-0.8101007850042149,0.7910588734216881,429,historical mean,False,1.0
R,ret12_GOLD,regime_rf,-0.07917670804545174,1.1335081959788575,0.12850045065697646,429,historical mean,False,1.0
R,ret12_GOLD,ensemble,-0.055940788799574204,0.9452163290483779,0.17227422231106193,429,historical mean,False,1.0
