date,H4a Trend + cash,C1 cash-matched static,C2 vol-matched static,Static 1/3
1991-07,0.006448715645119712,0.01707162005148794,0.019018711205870363,0.024990314191895346
1991-08,0.013971906063242518,-0.0004610609648150609,-0.0012710940732356135,-0.0037561155866561264
1991-09,0.015673505073545466,0.006597496926420121,0.006917400427527583,0.007899155882054514
1991-10,0.017438166097499704,0.017149155985688593,0.0192206336611317,0.025573729428011237
1991-11,0.0055822236776344285,0.004690646547845915,0.0048181013515649525,0.005210639609691502
1991-12,0.02509970419215631,0.01705836564195488,0.01917924388293044,0.025683738705158003
1992-01,-0.005478372942349049,-0.007131289578220392,-0.008816779256411491,-0.013988093747444159
1992-02,0.011482069991783195,0.007489785158839103,0.00824038259461584,0.010543070523431357
1992-03,-0.0028249272648388063,-0.006765666288037813,-0.008391860772303378,-0.013379839645875054
1992-04,0.020587438878760973,0.01014560393390799,0.01125705803056976,0.014666185962959023
1992-05,0.03686272709881383,0.02167130656139199,0.024689909801355138,0.03394737130078188
1992-06,0.004666263926274381,0.005828460894006334,0.006249005312529741,0.007536279323240556
1992-07,0.002826293099601823,0.009412898913264531,0.010422873462775248,0.01352057430128363
1992-08,-0.014254265811192794,-0.013865386274634735,-0.016499094485152733,-0.024576072380820716
1992-09,0.001243778615658021,0.0024263318882936508,0.00239975316167574,0.002320364694953826
1992-10,0.0027064802160924836,0.001495290710939407,0.001366555434155027,0.00097172210682637
1992-11,-0.0067323190464059325,-0.008921666161473963,-0.010716765091301251,-0.016222168936666993
1992-12,0.011860893566977523,0.007718988679466471,0.00850671188092025,0.010924069286379904
1993-01,0.01432953564823677,0.005504103204656212,0.006016666634538658,0.007587464326811669
1993-02,0.038965094792369724,0.02402063631091022,0.027511284653467513,0.038216888861563665
1993-03,0.012526470769791227,0.008673174507284652,0.009660772539453799,0.012687766935641318
1993-04,0.021142900801047363,0.02061209872494883,0.02352526120359584,0.03245936358059282
1993-05,0.01674145929038469,0.025323165625538914,0.02902355205444813,0.04037470178357987
1993-06,0.006225061036812396,0.0050465405704933075,0.005455686862207234,0.006713456308874439
1993-07,0.026935564469830555,0.017264399376167337,0.01964235492994104,0.026935564469830555
1993-08,0.02221941851610739,0.014443943807739197,0.01635574429533002,0.02221941851610739
1993-09,-0.017470762860032945,-0.009559976134234618,-0.011505146907153693,-0.017470762860032945
1993-10,0.054453120010652646,0.0388076226828191,0.044663688043474786,0.06262377977273458
1993-11,-0.006910723391673192,-0.0029044060497699278,-0.0037700590013925845,-0.006426763774199986
1993-12,0.07878229136586092,0.04863648125395704,0.05604890186795438,0.07878229136586092
1994-01,0.01197244158014607,0.008243306619980498,0.009160758595064551,0.01197244158014607
1994-02,-0.034771933001988685,-0.020239603310245026,-0.02381261791469,-0.034771933001988685
1994-03,-0.043721561776091836,-0.025422744374410052,-0.02992158372382033,-0.043721561776091836
1994-04,0.0026452480302693797,-0.0007631145796563419,-0.0013172470443983757,-0.003018577457061052
1994-05,0.019785785992018492,0.012231714241237836,0.013676636887009028,0.01810833158792534
1994-06,-0.014871819418973,-0.009597082409686496,-0.011628551816094042,-0.017859480110584452
1994-07,0.01680669531054594,0.015077928579144504,0.017041502479623518,0.023062737459922475
1994-08,0.015298582897535894,0.007108651014592232,0.007653961101460186,0.009325945922305087
1994-09,-0.0047412745291067785,-0.0012972176597225902,-0.002096740269169159,-0.00454902791268554
1994-10,0.00346033743392194,0.001784440048044989,0.0014619962717626533,0.00047305576306049994
1994-11,-0.030769120409775478,-0.017986584315081225,-0.021455709161980082,-0.03209516555491263
1994-12,0.0035758742655481574,-0.0006370026803929144,-0.001443664805260506,-0.0039192401892291845
1995-01,0.0042,-0.008278994363003944,-0.010274885632991799,-0.016395512847498548
1995-02,0.004,0.019721031857129895,0.02223540554379447,0.029945921252362513
1995-03,0.0046,0.007931066187598264,0.008463985091792135,0.010098495228380756
1995-04,0.0044,0.012519511947896658,0.013818638398366707,0.017803121705313705
1995-05,0.02411432055758195,0.021026340116250066,0.02352698853970896,0.031194953039134225
1995-06,0.00707390876936362,0.0020006582447857873,0.0015689017622023754,0.00024482735761052743
1995-07,-0.0010699772454247235,0.00892337139196501,0.009630873371218887,0.011800557165172473
1995-08,0.009059259902047418,0.0023628735559935786,0.0019888518780492187,0.0008414917419297224
1995-09,0.007299464459661045,0.008251565322114681,0.008883867240300618,0.010823391636155314
1995-10,0.008291626246381066,0.004345735120496271,0.004289068170193364,0.004115282351555359
1995-11,0.011201556575426536,0.010280808764173767,0.011253579992115828,0.014237050841090256
1995-12,0.018453662986833222,0.013370891360374471,0.014725981639374811,0.01888068521487813
1996-01,0.03167653196533985,0.026275532453791422,0.02979096378688724,0.04057241300787933
1996-02,-0.007717445771009701,-0.0008911525449727875,-0.0016559298941820615,-0.004007895852039774
1996-03,-0.013276162340382824,-0.006207268758649705,-0.00782449336655709,-0.01278505362783903
1996-04,0.0019441335206419772,0.0008284226839067607,0.0002254556245183829,-0.0016240301778135996
1996-05,0.002535929136320871,0.0018270671848166632,0.0014476049485477162,0.0002840528587738187
1996-06,-0.0032678636201268732,-0.0026417046572662396,-0.0037040899436740853,-0.0069622075111869545
1996-07,-0.013304748052295447,-0.009035132432860157,-0.011199856534838149,-0.01783807738942733
1996-08,0.017054640045944394,0.01125612530767952,0.012400350276146102,0.015908666771937092
1996-09,0.012091500611781157,0.009831246159885747,0.010699826920626722,0.013363275599020584
1996-10,0.011994928037413956,0.012432654678033627,0.013749641364077235,0.017788773139634072
1996-11,0.025694861660079057,0.019617675339963624,0.02210004949609271,0.029713356950752574
1996-12,0.003085960807253583,-0.00739068603416984,-0.009308780290558464,-0.015191869781076995
1997-01,-0.002734330242913634,-0.009745062526863843,-0.012023406885131297,-0.019010178994609033
1997-02,0.006795164560910935,0.00018217549663931384,-0.00041151328645137755,-0.002231690726206814
1997-03,-0.011401920275460204,-0.008099129716073883,-0.010082622212165857,-0.0161658773176565
1997-04,0.004256079304066357,0.001992457806685128,0.001623285634256286,0.0004909965876322922
1997-05,0.02916178237129551,0.018700584038057258,0.020908256036021318,0.02767903651992533
1997-06,0.015554026507740671,0.008366590040780348,0.009112640216380684,0.011399949026774244
1997-07,0.022369113347935718,0.004303585329290932,0.004304167073692174,0.004305965243778902
1997-08,-0.031462326983639,-0.01829460453952095,-0.021877064025454886,-0.032864236107722045
1997-09,0.022567311690752778,0.013887867555259439,0.015404705688494637,0.020055077261214336
1997-10,-0.0630552417211806,-0.03615147221645713,-0.0426064677832078,-0.062403489293396064
1997-11,0.003432585583669206,-0.011947126537820024,-0.014484221445214425,-0.02226907484937156
1997-12,0.0075699179121912,-0.008695110232203061,-0.01085396717214287,-0.01747512583127098
1998-01,0.010003463496374832,-0.010516956080285246,-0.012886685235872995,-0.020156089702465536
1998-02,0.001877093092873648,0.03142849196747661,0.035831597924300816,0.04933454624053634
1998-03,0.002909371066193259,-0.00196599853169193,-0.002905267784145187,-0.005787405427443756
1998-04,0.004191239736201893,5.8838720176505286e-05,-0.0006191832153610954,-0.002700268527471848
1998-05,0.007262295228286505,-0.023111393032273463,-0.02744857333539842,-0.04075073258336004
1998-06,0.007311433128093889,-0.011669687763249585,-0.01419039239050637,-0.021929665007538474
1998-07,0.002663567837091952,-0.004452958442493491,-0.005804024294655373,-0.009945622056428675
1998-08,0.01598318262639139,-0.022682083808309186,-0.026998733009232452,-0.040238196277111844
1998-09,0.020633744347015946,0.03864146936892688,0.04408899362617831,0.06078974881797673
1998-10,-0.001889633540473401,0.0408351619764986,0.04685578188959955,0.0653182963688804
1998-11,0.0007406897399270243,0.008973383868300305,0.009911851557793852,0.01278829594933493
1998-12,0.006211076674156274,-0.002286106399428866,-0.0032599034042770534,-0.006246823566129996
1999-01,0.003361895832708566,-0.001562716716789498,-0.002372149538128467,-0.004853848074127917
1999-02,-0.012416208924797074,-0.009439895956934317,-0.011509893108502397,-0.017858449679107328
1999-03,0.0053513033898749075,0.019800288620476933,0.022278869718583658,0.02987876692777049
1999-04,0.0011324431905941378,0.0332458477297694,0.037971781153459935,0.052465060717822636
1999-05,-0.021661003533123866,-0.017306021457450277,-0.02061919581724067,-0.030781860961075328
1999-06,0.03442248654960033,0.008327269253379184,0.009021046322916611,0.011145407402297566
1999-07,-0.0035197177653199293,-0.006734824901023872,-0.008420209086502125,-0.013589397012643743
1999-08,-0.0037048837598260558,-0.0013975882274065564,-0.002244261490375631,-0.004839587348948432
1999-09,-0.003771752149620261,0.006167289860373147,0.006529783703135787,0.007641174994353195
1999-10,0.00786153623091422,0.03897303009059663,0.04458374442589976,0.061791597788440004
1999-11,0.006204771694538169,0.003351530173475672,0.003312081195379991,0.0031915794741155337
1999-12,0.03384299691884445,0.010922430874316338,0.011965828820583587,0.01516587375474897
2000-01,-0.018685959823826405,-0.012911860842879229,-0.015633447656705712,-0.023980725185227734
2000-02,0.0018178668478260873,0.017362767869862943,0.019451719073956802,0.025857164934420605
2000-03,0.006731691898186657,0.0014882080596181936,0.0009749381618152505,-0.0005988279606478888
2000-04,-0.016901346489194977,-0.01648001352126504,-0.0198521899430068,-0.030194457743288775
2000-05,0.004681246397450243,-0.017536923880098806,-0.02114058379071726,-0.032199453642946685
2000-06,0.004,0.037172958286334386,0.042478941080128826,0.058749770536445124
2000-07,-0.0019620046620046514,-0.00042667123896843407,-0.0012619796123966539,-0.003830656366444849
2000-08,0.0020059468624263207,0.007749051156751878,0.008189202485433951,0.009538383285782437
2000-09,-0.024205555414423298,-0.012457612386890617,-0.015266291194553954,-0.02388031380623233
2000-10,0.005258509353630635,-0.010496035067008067,-0.013071634899364007,-0.020972110370105317
2000-11,0.012322948778306642,0.0034630288537431473,0.003202347166127163,0.002398467099686448
2000-12,0.014094196005934189,0.021547575058584238,0.024194805214481904,0.03231389378244515
2001-01,0.0032282362679179745,0.004172218883540847,0.003975831104279264,0.0033735434143863058
2001-02,0.010970318545349082,-0.0023955107187214318,-0.0033865627506115405,-0.006425982435900481
2001-03,0.0039053113635927443,-0.022804214655339206,-0.0271236211309614,-0.040370177932127785
2001-04,-0.006696767125085063,0.007482781096242077,0.008054709537141682,0.009806602426573795
2001-05,0.001591791634638253,0.01057782511455855,0.011757933974972608,0.015377046431646405
2001-06,0.0036275956612719794,0.003984190423687591,0.0041736436147457295,0.004754715825822463
2001-07,0.012510650356682532,-0.0013630108506168235,-0.0020609593161220563,-0.004201519944708187
2001-08,0.009191132715768265,0.006986944844795015,0.007609055726459001,0.009517579317170545
2001-09,0.00978812681330346,-0.014006539090000256,-0.01669492725867432,-0.024939784207853487
2001-10,0.010746756658209181,0.018601934152522884,0.0212249609609917,0.029268223315542338
2001-11,-0.019506283623072204,0.0064491881972970075,0.007208958616284078,0.009538712687499855
2001-12,-0.005633436770119007,0.0017931387993337434,0.0018398809589498643,0.0019829781156969362
2002-01,0.0023394439843680793,0.009140413653994527,0.010378634132012053,0.01417615645154466
2002-02,0.02282221778725227,0.011324526998050746,0.012928731079122357,0.01784971153529169
2002-03,-0.014145928661914194,0.0011013097935840205,0.001069928635932236,0.000974367041623077
2002-04,0.01283753011780507,0.014088730622398928,0.016102553119168167,0.022278827606241794
2002-05,0.021215203116723712,0.013504577113693133,0.015441425724655929,0.021382428228731418
2002-06,-0.0033843977279481067,-0.0015411692538049805,-0.001994756418506301,-0.0033843977279481067
2002-07,0.0024551994327599424,-0.010159199907132465,-0.012024436267028453,-0.017745197963360007
2002-08,0.008453875903740235,0.005726458796646161,0.006419402813709185,0.008546093113413606
2002-09,0.025332936408340858,0.0009551868106305659,0.0008837131481659498,0.0006639666248943047
2002-10,0.0060659904846837994,0.004404060817224704,0.004884601109897213,0.006358355177144192
2002-11,0.0043697247126612115,0.003120730101617953,0.0034278838192438733,0.0043697247126612115
2002-12,0.025419783301589116,0.009694275977716287,0.011069247675723821,0.015286449968255782
2003-01,0.021887357503852626,0.016992336340720803,0.019550976798799493,0.027398756075323244
2003-02,0.011206648686009686,0.004315777946895907,0.004862528147749604,0.0065387574558717215
2003-03,-0.018629264098303247,-0.011945331243618896,-0.01401606073355771,-0.020367591486443695
2003-04,-0.012961184852100243,0.001707266531530054,0.0018203741234651938,0.0021672086394937938
2003-05,0.04433012998117656,0.04167911018977521,0.048202510599319785,0.06820931747584254
2003-06,-0.0034549809204891886,0.005907379364370596,0.006696599961086914,0.009118988812699465
2003-07,-0.017654928204226476,-0.010226548849098816,-0.011974640478699896,-0.017336222021925016
2003-08,0.03222534654487672,0.019800158287987483,0.02285598596626708,0.03222534654487672
2003-09,0.03574983042663608,0.03070704510288752,0.03549270958514515,0.05016603157943056
2003-10,0.02125265284233107,0.0077003454201644474,0.008823503351735427,0.012271491123917759
2003-11,0.01075051625923352,0.007212801822730463,0.00825441438737239,0.011448566888598372
2003-12,0.03496082769751103,0.02159632355683095,0.024923115996845054,0.035126190046144305
2004-01,0.020827473170474915,0.015351902349176516,0.01769733719996403,0.024893251506601054
2004-02,0.010969709160201298,0.00698255352473382,0.008004313047355813,0.011133747277751857
2004-03,0.0012707502773310053,0.0011245520165993025,0.001160492218273525,0.0012707502773310053
2004-04,-0.038062633010265655,-0.022744771393716924,-0.02651121360081592,-0.038062633010265655
2004-05,-0.015133796600245133,-0.010258256758242164,-0.011995309465251923,-0.01732284539485726
2004-06,0.0089558008481554,0.006999891464016267,0.007991657866653075,0.011033291092541468
2004-07,0.009028284098856728,0.008360728715340777,0.009538233213396906,0.013149558213651338
2004-08,0.022578247787419327,0.014212629482028198,0.016311078028116845,0.022746734434650695
2004-09,0.022459421827448853,0.014040448644501642,0.016110544668690482,0.022459421827448853
2004-10,0.026972667934642043,0.016776408614441254,0.019283707238169436,0.026972667934642043
2004-11,0.034113619905809064,0.021254692464228047,0.024416027584607373,0.034113619905809064
2004-12,0.016738070248498965,0.010766023191779888,0.012233836780111905,0.016738070248498965
2005-01,-0.010451441635903776,-0.005700643844041383,-0.006868517151290843,-0.010451441635903776
2005-02,0.00748872044958979,0.005167715924656812,0.00573842468147501,0.00748872044958979
2005-03,-0.0003434967021865734,-0.0012153782899242654,-0.0017458647130984034,-0.0033730480788625823
2005-04,-0.004829479380489457,0.0029423212238158837,0.0030770582890502114,0.003490272854162096
2005-05,0.0013444027443848766,0.001855126770005576,0.0017679008484369054,0.0015002769048892133
2005-06,0.023936336056979816,0.015408131876049008,0.017505075974296944,0.023936336056979816
2005-07,-0.0007430131756403555,0.0004939408116189156,0.000190013770568294,-0.0007430131756403555
2005-08,0.020467972000072956,0.01358265575768912,0.015275626472621996,0.020467972000072956
2005-09,0.02044766425446371,0.013529743563923356,0.015230589415938795,0.02044766425446371
2005-10,-0.013810216615152427,-0.007305493801699823,-0.00890525073157562,-0.013810216615152427
2005-11,0.017194006587413983,0.013164395143135546,0.014774351870023416,0.0197119115750148
2005-12,0.03442476288461161,0.022217426304138938,0.025260393635806035,0.034589492581997276
2006-01,0.045410811556414646,0.028891018242445447,0.03295317494103698,0.045410811556414646
2006-02,0.004283281965209512,0.003775349835699625,0.0038373532174357165,0.004030747771035438
2006-03,0.010264381912752354,0.0028150935046910215,0.002673535397277694,0.0022393861102406464
2006-04,0.05647498097430108,0.032449318863118554,0.03706427044596657,0.05121791375644086
2006-05,0.018592370392934425,0.012149792899655702,0.013407764795484809,0.0172695659330396
2006-06,-0.037711458418702305,-0.021684804528834294,-0.025793536086446606,-0.03839464804222462
2006-07,0.027565140504727168,0.020835654117408942,0.023528671614517077,0.03178766279003822
2006-08,0.01045259284488142,0.011936458686497441,0.013174101817991913,0.01696994658731189
2006-09,-0.016076094930442406,-0.0065645314889230325,-0.008270521851993496,-0.013502663550740365
2006-10,0.016084644031949317,0.011788912528253443,0.01301886880270653,0.016791000188131518
2006-11,0.04162384119787842,0.029206892574121204,0.033206983147342786,0.04547456798297886
2006-12,0.010241501201413128,0.00787481597796892,0.008496564389636271,0.010406557572322233
2007-01,0.009185452061124451,0.005407733846794811,0.0055688040571523585,0.006062562300252822
2007-02,0.023486183964784985,0.020082579968324167,0.022687263486364826,0.030675596448715828
2007-03,0.013335806960432336,0.008241505930225324,0.008872659993357403,0.010807709913046505
2007-04,0.030971101980891924,0.02059822281962417,0.02318931393592876,0.03113579302419574
2007-05,0.0002457926165907485,0.0017606886832616398,0.0013876936166646696,0.0002457926165907485
2007-06,0.007937605786051394,0.002539080390185152,0.002305458208275981,0.0015890935298085648
2007-07,0.017682393136583777,0.012585956099359108,0.013959500414713038,0.018172160118463274
2007-08,-0.004040143083965245,-0.0013404199768510317,-0.0022259383425500966,-0.00494453469217297
2007-09,0.04472934316622593,0.04229023639455468,0.048543273642072435,0.0677205561998623
2007-10,0.05168563393092606,0.03286874008640542,0.03761784386315519,0.05218789138261847
2007-11,0.01686511466697149,0.011549993852856242,0.012855996878136447,0.01686511466697149
2007-12,-0.0036510926881123556,-0.0011490165192234523,-0.0017643883838953278,-0.0036510926881123556
2008-01,0.012044386135029601,0.008123503161385225,0.009087509894323617,0.012044386135029601
2008-02,0.026857128160925125,0.01678266550264569,0.019259709133541813,0.026857128160925125
2008-03,0.0019604723431910762,0.0018537457844387368,0.001879507150144763,0.0019604723431910762
2008-04,-0.0032487400843653875,-0.0012587789275879837,-0.0017480841956239322,-0.0032487400843653875
2008-05,-0.003262876529111773,-0.0012676493825787645,-0.0017582865307706845,-0.003262876529111773
2008-06,-0.023501832348648583,-0.01356877744235924,-0.01601121510885956,-0.023501832348648583
2008-07,0.020399157703800637,0.0025085100890387666,0.002669202861964755,0.003160910880826407
2008-08,-0.029928535668666767,-0.03104388990028632,-0.03621789058453828,-0.052086141988729504
2008-09,-0.002604970476526574,-0.03675894274303368,-0.0428769273379447,-0.061636231915817935
2008-10,-0.012234264503610216,-0.059641733852755494,-0.06931238610359025,-0.0989749618399662
2008-11,0.012992737718121669,-0.004503674185036904,-0.00527525293408347,-0.007647626622302741
2008-12,0.020381024720727357,0.04216015446937936,0.04890482846197869,0.06959087055076749
2009-01,-4.2826875138586096e-05,-0.015083873388099368,-0.017492188332023147,-0.024873062757082617
2009-02,-0.003928087719913325,0.008001147314643558,0.009264986537916077,0.013140913946463724
2009-03,0.0026213753180894237,0.02376122847817649,0.02753037095393712,0.03909018694594898
2009-04,-0.012358048303066384,0.013541272484618058,0.015691598411361148,0.022283566205096406
2009-05,-0.007733982307849297,0.04146144963254806,0.04809364177486277,0.06843349767808508
2009-06,0.004933194921540782,0.006973375134015122,0.008073229993568725,0.011440292400227446
2009-07,-0.0029450884888278547,0.024142989953910364,0.02798966325386447,0.039788049840866015
2009-08,0.0038915579477475553,0.009199338186529448,0.010654225636423343,0.015115061350488151
2009-09,0.019854698961373207,0.02993770755835814,0.034711860864621934,0.04935488759215978
2009-10,0.017331039716973796,0.01069264000008879,0.012405403293280952,0.017662049801999407
2009-11,0.042230645731567186,0.02558443723608423,0.029677991268098294,0.042230645731567186
2009-12,-0.006017155137608585,-0.003606670257847045,-0.004199136224381165,-0.006017155137608585
2010-01,-0.0260021761090359,-0.011339858641819796,-0.01315418018676357,-0.018719084160264566
2010-02,0.0018910665085559004,0.0020868277014704658,0.002421485439132165,0.0034455235024084957
2010-03,0.031026784544697344,0.015623202264130302,0.018106449889966274,0.025722418189158953
2010-04,0.013359859808438167,0.011253865798295019,0.013038173490469379,0.01850817301285865
2010-05,-0.024431880990222456,-0.0077200447008907635,-0.008970586972639517,-0.012806168850303043
2010-06,0.017467477336202422,0.010721055872431792,0.012419742614637375,0.01762887615593655
2010-07,0.022754612668350535,0.01382375391628392,0.01601955067667578,0.022754612668350535
2010-08,0.018294534988177246,0.011124564521259409,0.012887732772096734,0.018294534988177246
2010-09,0.05683864514311236,0.034473341622641776,0.039972465034164024,0.05683864514311236
2010-10,0.02875935348868676,0.017460711683138497,0.02024053286117098,0.02875935348868676
2010-11,-0.0012977695909248425,-0.0007514672441573413,-0.0008863431323758265,-0.0012977695909248425
2010-12,0.014721787993890994,0.00895854521967049,0.010375643039860858,0.014721787993890994
2011-01,-0.012478631408472409,-0.007523104649635639,-0.008741882999619314,-0.012478631408472409
2011-02,0.004419046803138186,0.00271657592585203,0.0031352819978593236,0.004419046803138186
2011-03,0.018159471146147885,0.011041212256445932,0.012791507001266156,0.018159471146147885
2011-04,0.03463334876706209,0.020979550521219786,0.024336474859330284,0.03463334876706209
2011-05,0.007332800021859623,0.004437056398271515,0.005148431455356894,0.007332800021859623
2011-06,-0.007042937914016556,-0.004267548435142335,-0.004950050366850568,-0.007042937914016556
2011-07,0.025079152563669105,0.01519410820920196,0.017624699108612422,0.025079152563669105
2011-08,0.03540163670324397,0.021485316807969293,0.024906898238699564,0.03540163670324397
2011-09,-0.04033595279979884,-0.024440720788590317,-0.028349523682220802,-0.04033595279979884
2011-10,-0.02713523214443914,0.011949128435483878,0.013859486236064684,0.01971638462794753
2011-11,0.01786631835311046,-0.00240233917418065,-0.0027869737338988153,-0.0039671846989143425
2011-12,-0.012710063403893421,-0.009820072328596347,-0.01139108758899417,-0.01620946384340099
2012-01,0.005149058873805194,0.02303097718004697,0.026715493094113914,0.03801484994008801
2012-02,0.014363881318511,0.019345563232331903,0.02243951377105397,0.03192721008365559
2012-03,-0.02003212659781954,-0.016504013233578176,-0.01914266531940073,-0.02723275584367407
2012-04,0.003618162826005534,0.0045321719301941055,0.005259044921875852,0.007485463135650929
2012-05,-0.0005982201537613972,-0.023387114964232986,-0.027144334838233284,-0.03866747168465856
2012-06,8.788487183043718e-05,0.009065955033533607,0.010517913434621438,0.014971625481931419
2012-07,0.004312313182927657,0.012218350025054364,0.014172595127585603,0.020165594076879803
2012-08,0.006145331673535939,0.006056138086854783,0.007008967002795681,0.009929935357771248
2012-09,-0.0024373229442071955,0.022099186610826462,0.02561884322495908,0.036414172937403864
2012-10,0.003972024444184272,0.0028378737058275803,0.003277544793727041,0.004628799592416133
2012-11,0.0036440346887583034,0.0025493904914547696,0.0029411180393015793,0.004142348448621653
2012-12,0.004658684616155474,-0.0012057598855376801,-0.0014146380555757358,-0.002055247202712371
2013-01,0.008721966752770854,0.0055802469626419935,0.00647296319160503,0.009210944642364927
2013-02,-0.005124082529939337,-0.0003047684422164872,-0.0003537133401133131,-0.0005041500034313278
2013-03,-0.0005688857366637645,-0.004297223148146204,-0.004984649532618306,-0.007092942988270882
2013-04,0.013869066675364937,-0.004913870121753513,-0.0056999457506835835,-0.008110797663182737
2013-05,-0.033819993259636666,-0.030557146270953305,-0.035445390196723756,-0.05043736157310068
2013-06,-0.020908751990637877,-0.028695622452831946,-0.03328257526246741,-0.04734870057520494
2013-07,0.011552551796128623,-0.0025574945774159055,-0.002964242591475301,-0.004208427333837046
2013-08,-0.000740956272448677,0.007206048049748143,0.008358884023651033,0.011894706478683738
2013-09,0.022599510752329483,0.016147240755842392,0.01873033389422513,0.026652552851947356
2013-10,0.011618599647956189,0.003916450686193916,0.004542416623684997,0.0064612960704546266
2013-11,-0.007374333036783198,-0.01346882569342208,-0.015623419620287063,-0.022231401589746767
2013-12,-0.000671614224789281,-0.013476353302686617,-0.015631156284962557,-0.02223810096204642
2014-01,-0.014800444740938404,0.0016410476626077704,0.0019040476451514228,0.002711499550785922
2014-02,-0.0003233184463391528,0.020784691578441653,0.024109680933696812,0.034307324115938946
2014-03,0.0052,0.008155844468226082,0.009462114406277816,0.01347099005355108
2014-04,0.004729664743972241,-0.0013761283060857458,-0.0015956473893262543,-0.0022678462495973576
2014-05,0.0058301926437086685,0.005925868736742612,0.006873825429713712,0.009781142095961834
2014-06,0.00042946699806683234,-0.0017750073525580304,-0.0020589466561157766,-0.002929756220031392
2014-07,0.01015239830710059,0.011302096255432345,0.013110155447961222,0.018655261162888247
2014-08,0.0024189894355203584,0.0017644516046631284,0.002047567146446149,0.002917310799279445
2014-09,-0.03195595621261956,-0.02811091706776744,-0.032607944183878246,-0.04640025998716844
2014-10,0.017532976536943305,0.008167914753997538,0.009476615048287949,0.013492389784440933
2014-11,-0.003390856435811756,-0.009830432487905508,-0.011402985643641807,-0.016225872866476983
2014-12,-0.009443187444407409,-0.0012606159084632795,-0.0014615597601394439,-0.0020765886824612263
2015-01,0.01513727349433796,0.01853104182685578,0.021495398295424274,0.03058680242921936
2015-02,-0.005485042255565412,-0.00282769067800601,-0.003279313104830909,-0.00466320394425698
2015-03,-0.0009237012896613576,-0.008166072689928958,-0.009472299201453106,-0.013478241978153498
2015-04,-0.0030682868516653957,0.014318114079141553,0.01660863276798978,0.023633291131879203
2015-05,-0.007008442050631063,-0.004056089573120829,-0.004703852030477463,-0.006695200834254407
2015-06,-0.0064885957038526764,-0.015624727980316628,-0.018124254191104566,-0.025790705983666937
2015-07,0.005083673609114046,-0.013118820070530814,-0.015217454371663023,-0.021656366654746625
2015-08,0.0003140406696533378,-0.023446939644488348,-0.027196785776641023,-0.03869564257104747
2015-09,0.005077773271117865,-0.0019239092792992128,-0.0022326888133007462,-0.0031815069402502277
2015-10,-0.002390658571312045,0.019388135526780894,0.022489576046506483,0.03200136485130558
2015-11,-0.0008777170972710841,-0.01746805693762982,-0.0202609380219215,-0.028825798143277563
2015-12,-0.0010867617421584843,0.0012818071857133018,0.0014721418615278217,0.0020526601520433493
2016-01,0.010576655520320619,-0.0076868155556405506,-0.008932513810008286,-0.01275306422282965
2016-02,2.987753500990003e-05,0.024355396222522897,0.02821919225664881,0.04006861837330159
2016-03,-0.0007571941738149108,0.028737237110303588,0.03330243688555901,0.04730378344371715
2016-04,-0.002280911450225229,0.0018477666452725967,0.0021295352353637455,0.0029878825447539506
2016-05,0.0053395531650972765,-0.0003445343735865203,-0.0004157111482617086,-0.0006341167235881275
2016-06,0.015255438913117102,0.010204949176660106,0.011805421322282085,0.01671393658093502
2016-07,0.017331190765343858,0.022432084155305537,0.025988923499560217,0.036893407239703566
2016-08,-0.002455189462762954,-0.002323544528574389,-0.0027255445231592033,-0.003955647081340281
2016-09,0.005259070039002848,0.0034665849933946664,0.0039891386306213925,0.005591774886165045
2016-10,-0.0266309254561582,-0.01605497905583366,-0.01865540068860366,-0.0266309254561582
2016-11,-0.02359809467899086,-0.014258159312470793,-0.016554440310487913,-0.02359809467899086
2016-12,-0.029730586186477878,-0.01789530771212036,-0.02080548209670743,-0.029730586186477878
2017-01,0.029823788318578272,0.018658625135623056,0.021579786285451506,0.03053767720746716
2017-02,0.019435344022847245,0.013855327015463357,0.01600915685053004,0.022616821506050867
2017-03,0.008780818535634147,0.005062340236420321,0.005825185161079248,0.008166488475445696
2017-04,0.0008990486108701179,0.00910617331048846,0.010482729774566593,0.014704247773384544
2017-05,-0.006325461039627381,-0.001604087260788409,-0.001956343293798415,-0.0030371163663850697
2017-06,0.006470622952738891,0.005069546853089121,0.005784536894852698,0.00797736126388561
2017-07,0.011395784920608647,0.0037743589986810526,0.004266501903568087,0.005776450329916041
2017-08,0.002859613736734559,0.012847961921027882,0.014759166759947246,0.020620524275758847
2017-09,0.00019869263666378613,0.0016039302897835448,0.0017169991912627288,0.0020636696945052226
2017-10,0.00596620009331467,-0.0021237279037443013,-0.0026074317150259,-0.004090918010390569
2017-11,0.0038841422567568763,0.002493102978135369,0.0027640213589713186,0.003594690635789796
2017-12,0.006807055767585234,0.004579515390409883,0.005168063654277814,0.006972995265844399
2018-01,0.023199687024113756,0.01448944301118539,0.016631219259590577,0.023199687024113756
2018-02,-0.009946145296987995,-0.007867190173657602,-0.009300630128440384,-0.013695148892814094
2018-03,-0.011914506712697318,-0.004238533165141642,-0.005108546193150663,-0.007777877847677272
2018-04,0.009538399934185088,0.002884530794223848,0.003121993949572969,0.0038493938089202784
2018-05,-0.006194355602904972,-0.0009086167963466621,-0.0012778123540436342,-0.002409916868907338
2018-06,-0.014451247836971428,-0.008358518560367165,-0.009919590451366254,-0.014707304171662263
2018-07,-0.006479431653498251,-0.005039368529696486,-0.006100742288664666,-0.009354640662457482
2018-08,-0.006992619694141621,-0.007607753286416985,-0.00908048123309422,-0.013597619005127601
2018-09,-0.00123876866297601,-0.004226323113250056,-0.005141686067886896,-0.007947865227769113
2018-10,0.0015684911390715216,-0.016181906613799372,-0.019074466756486233,-0.02794659378835613
2018-11,0.0018,0.011768316178115397,0.013362165751046588,0.018249017424369938
2018-12,0.0019,0.00677012190952011,0.00754920703113548,0.009937406634846026
2019-01,0.0021,0.022452670688116586,0.025708676214435577,0.035694965613061125
2019-02,-0.0011149352788769327,0.010899929668508685,0.012357180731687215,0.016826991205315524
2019-03,0.01138299651411329,0.005860032050290006,0.00649420852238547,0.008440358043374252
2019-04,-0.0008439068030751013,0.0008079678540568753,0.0006012885638533329,-3.257189547189508e-05
2019-05,0.013063587301002757,-0.0006871191062634753,-0.0011329277484647773,-0.0025001145718654945
2019-06,0.005969726564001266,0.02598772386050745,0.029857230599679856,0.04172417353930704
2019-07,0.008202817614874743,0.006208305552345298,0.0068993347374944475,0.009021704781002532
2019-08,0.03719148670569502,0.010694053417635078,0.012148838513807119,0.016610590285044666
2019-09,-0.002012119130265226,0.0018077622957803456,0.0018093971301912488,0.00181507725125692
2019-10,-0.0028730389085255127,0.004523825304160665,0.005007549043692011,0.006491103932542566
2019-11,-0.0081690132562038,-0.004281542292474263,-0.005158530668887841,-0.007848381218698193
2019-12,0.008538241946797477,0.005724183362947865,0.0064161233893730504,0.008538241946797477
2020-01,0.022411686580634447,0.014090958203940556,0.01613696907291991,0.022411686580634447
2020-02,-0.0023103582327386424,-0.000928566440191457,-0.0012685467195004678,-0.0023103582327386424
2020-03,0.01304784387390123,-0.02997761560973448,-0.03496517986988425,-0.050261870584486494
2020-04,0.021153915754860225,0.035231344340713754,0.04086579023550542,0.0581435455016229
2020-05,0.006407390142183711,0.004555646089136257,0.005271106100173566,0.007468736959700186
2020-06,0.0029947484666517205,0.01716082040508577,0.019890040148793368,0.028260388543835686
2020-07,0.02587936074653453,0.02039001571350481,0.02363522651101195,0.03358711142346664
2020-08,0.01676753338673746,0.023161302867249326,0.026851794359918142,0.03816686600495336
2020-09,-0.02372931973835709,-0.01414167448430025,-0.016418124676799963,-0.023396889355375282
2020-10,-0.009921341017404382,-0.0058446185277822435,-0.006794526871544267,-0.009705983431552233
2020-11,-0.004423287939227386,0.02466034425380677,0.028589476023183312,0.04064025079960117
2020-12,0.013160337567329735,0.008183127965493652,0.009475450266338378,0.013437706434520342
2021-01,9.501914014929251e-05,5.8545172661326096e-05,6.763050301450687e-05,9.501914014929251e-05
2021-02,-0.0074657627880363175,-0.004523115795246091,-0.005246672020893412,-0.0074657627880363175
2021-03,-0.01298355497579588,-0.01302405435209437,-0.015107355498095706,-0.021496439337019602
2021-04,0.022588775769688693,0.015633188379460695,0.018134477433754886,0.025806563559698445
2021-05,0.02287111756340157,0.01542278657886666,0.017891143056411023,0.02546205570006746
2021-06,-0.005618268297923172,-0.0007234999219781446,-0.000838252713735532,-0.0011926635472690901
2021-07,-0.014040263496124998,-0.004320283878625473,-0.005011345973966823,-0.007130698115005002
2021-08,0.0028291586837274796,-0.0014752025688533736,-0.0017108737060418078,-0.0024331132675324226
2021-09,-0.013102214839424142,-0.012930731480132445,-0.014999204168838338,-0.021342984517673195
2021-10,0.012857817408045393,0.007715368319128648,0.008949573799862746,0.01273400554665405
2021-11,-0.018941802145725002,-0.0038717107831153555,-0.004491341378958106,-0.006392173744150219
2021-12,0.007553800851680711,-0.0004114469112443759,-0.0004934236491337464,-0.0007451192124439857
2022-01,-0.016571607062118854,-0.011792497354259423,-0.013678922919038878,-0.01946443846171199
2022-02,-0.0003221028369996271,0.007294684237275006,0.008461575505008846,0.01204028975045653
2022-03,0.016022988505747106,0.011889445442300117,0.013791950220758357,0.019627749609687644
2022-04,-0.019465193499781108,-0.02107876551200742,-0.02444979793183107,-0.03478696351632605
2022-05,-0.015272818829975941,-0.00887988425606661,-0.010348443239046275,-0.014852517093558764
2022-06,0.00011547494583574166,-0.01773131640309513,-0.020663795883152054,-0.02965756177660196
2022-07,-0.01883801487933223,0.0011721568239535809,0.0012309345800738459,0.0014098610779877904
2022-08,0.0014194955240901784,-0.005077702466616125,-0.006193921961611481,-0.009617291886817122
2022-09,0.0019,-0.04040656297987443,-0.04717434843236744,-0.06793125616668891
2022-10,0.0023,-0.006974310648621458,-0.008453068072531484,-0.013006468357442222
2022-11,0.0029,0.04544938807663598,0.052257048257995244,0.07313274491307017
2022-12,0.0033,0.009407018924264992,0.010382610239428006,0.013372520430061598
2023-01,0.0034999999999999996,0.034318236811853475,0.03924869151515695,0.05436941773133497
2023-02,-0.02821847558833858,-0.021944011247045717,-0.025995985279010092,-0.038419360630965495
2023-03,0.0027764068306118973,0.016730896608616173,0.018831920760058983,0.02527114089163336
2023-04,0.0034999999999999996,0.012500943395772762,0.013941327058424855,0.01835974096748075
2023-05,0.0005666666666666658,-0.01350866518262525,-0.016245513976907874,-0.024639218312210304
2023-06,-0.005535328492089464,0.0015456231553585304,0.001152346466768945,-5.512773166671014e-05
2023-07,0.016162862269964225,0.008862553937838977,0.009560514840621207,0.01170126131542355
2023-08,-0.024148041411158176,-0.015057459730977484,-0.018186216602515154,-0.02778217634295907
2023-09,0.002020688733518132,-0.012195902907156267,-0.01483456466270215,-0.022931114785583327
2023-10,-0.014035283197880678,-0.011194867414422003,-0.013737595261986778,-0.021536030081321197
2023-11,0.014434105286968682,0.02840951361535534,0.03225027609611302,0.04402864722442279
2023-12,0.009912905520849528,0.0315000360248072,0.03585387115115614,0.04920299426922355
2024-01,0.004443987907255867,-0.007684492515730062,-0.009665567287128196,-0.015743044545700493
2024-02,0.0009970630218084048,5.980345970505823e-05,-0.0006029973470006027,-0.00263663302014261
2024-03,0.02510765896428575,0.019539756114928378,0.021977806112434127,0.029455407726982834
2024-04,0.029835305962666696,0.009825833454354485,0.010645856890143695,0.013160891528328621
2024-05,0.005768909849612342,0.014035307827191644,0.01557669278565663,0.020304067202124663
2024-06,-0.00474597626482706,0.0012862894750264114,0.000836191604648816,-0.0005449227360841263
2024-07,0.01298245065243252,0.01546271832737974,0.017216628533062828,0.0225961153339718
2024-08,0.013199638038576256,0.019195069207826033,0.021498261946227268,0.028562710040421657
2024-09,0.042272868539662604,0.027488410513295963,0.031246920805372714,0.04277583564513465
2024-10,-0.012815550798554674,-0.0062320788956347,-0.00785113392967313,-0.012815550798554674
2024-11,0.0046934686019571206,0.004420320052998149,0.0044875059244999455,0.0046934686019571206
2024-12,-0.024162880101965604,-0.013180594262605065,-0.015880978154319023,-0.024162880101965604
2025-01,0.009766691000747398,0.011752543487608772,0.01304067077790697,0.016991210103244572
2025-02,0.021315389729406036,0.02002997802353453,0.022706875066080993,0.030917775166834305
2025-03,0.007933715518906197,0.006334560807354722,0.006804677888442478,0.008247628457072113
2025-04,0.03790954868063911,0.025327467200336105,0.028819207746971293,0.039528160768973475
2025-05,0.022559102925250898,0.015260585418930273,0.017095596927918136,0.022721062774301574
2025-06,0.024486620659176027,0.016172168872716147,0.0182162068965978,0.024486620659176027
2025-07,0.003848971768783662,0.0036733725559102187,0.0037169089769698606,0.003848971768783662
2025-08,0.020519543963700766,0.016267022933618088,0.018261359542061165,0.024377843966900525
2025-09,0.03434230946604752,0.023291672311939134,0.026489297146865765,0.036295467637636324
2025-10,0.03617425108964676,0.024140155225192177,0.027410046407695256,0.03743873236602922
2025-11,0.0025115584787397498,0.0028018971137281686,0.0027703211547641586,0.0026736702894880953
2025-12,0.02032157873058913,0.013651879338567695,0.015291863641412851,0.02032157873058913
2026-01,0.05541297694452284,0.03475304480848235,0.03983335697872522,0.05541297694452284
2026-02,0.043033898431884945,0.027167020739734104,0.03106746584147753,0.043033898431884945
2026-03,-0.04670181166644004,-0.027157350735242936,-0.031963790943447215,-0.04670181166644004
2026-04,0.009841818854777869,0.00573670397438286,0.00619273630074786,0.007580711903131157
2026-05,-0.006194841375685455,-0.0032199911183603243,-0.004231093710084454,-0.007332243001487525
2026-06,-0.037837081030919914,-0.021457107597392926,-0.025353519991099853,-0.03730358583520937
2026-07,0.007525433939184309,0.0010242966193841736,0.0006620152142427385,-0.0004459205106552111
2026-08,0.03955720337793301,0.025320642233792455,0.028907341046872252,0.03990764277923016
