date,EQ,UST10,GOLD,CASH
1991-07,0.6666666666666666,0.16666666666666669,0.16666666666666669,0.0
1991-08,0.652321617661991,0.17383919116900448,0.17383919116900448,0.0
1991-09,0.11744846260264377,0.44127576869867813,0.44127576869867813,0.0
1991-10,0.6666666666666666,0.16666666666666669,0.16666666666666669,0.0
1991-11,0.6666666666666666,0.16666666666666669,0.16666666666666669,0.0
1991-12,0.39648054122200116,0.3017597293889994,0.3017597293889994,0.0
1992-01,0.545679852083925,0.2271600739580375,0.2271600739580375,0.0
1992-02,0.6666666666666666,0.16666666666666669,0.16666666666666669,0.0
1992-03,0.6666666666666666,0.16666666666666669,0.16666666666666669,0.0
1992-04,0.6666666666666666,0.16666666666666669,0.16666666666666669,0.0
1992-05,0.2470157280266388,0.37649213598668063,0.37649213598668063,0.0
1992-06,0.460936266158597,0.2695318669207015,0.2695318669207015,0.0
1992-07,0.6666666666666666,0.16666666666666669,0.16666666666666669,0.0
1992-08,0.4345499523298206,0.2827250238350897,0.2827250238350897,0.0
1992-09,0.2113193480348887,0.39434032598255564,0.39434032598255564,0.0
1992-10,0.5119368472613882,0.2440315763693059,0.2440315763693059,0.0
1992-11,0.34339501447672915,0.3283024927616354,0.3283024927616354,0.0
1992-12,0.28040766542545104,0.3597961672872745,0.3597961672872745,0.0
1993-01,0.14810929084000257,0.4259453545799987,0.4259453545799987,0.0
1993-02,0.6666666666666666,0.16666666666666669,0.16666666666666669,0.0
1993-03,0.585817644583209,0.20709117770839552,0.20709117770839552,0.0
1993-04,0.16481577013464876,0.4175921149326756,0.4175921149326756,0.0
1993-05,0.3212888775754114,0.33935556121229427,0.33935556121229427,0.0
1993-06,0.4348268059718359,0.28258659701408206,0.28258659701408206,0.0
1993-07,0.5992094023348334,0.20039529883258328,0.20039529883258328,0.0
1993-08,0.6292867579302557,0.18535662103487216,0.18535662103487216,0.0
1993-09,0.47002977589553735,0.2649851120522313,0.2649851120522313,0.0
1993-10,0.6039946329153947,0.19800268354230266,0.19800268354230266,0.0
1993-11,0.18835629429969056,0.4058218528501547,0.4058218528501547,0.0
1993-12,0.17348994725762618,0.41325502637118694,0.41325502637118694,0.0
1994-01,0.15626728283024016,0.4218663585848799,0.4218663585848799,0.0
1994-02,0.08014198981141599,0.459929005094292,0.459929005094292,0.0
1994-03,0.1163590961202876,0.4418204519398562,0.4418204519398562,0.0
1994-04,0.11474267269215292,0.44262866365392356,0.44262866365392356,0.0
1994-05,0.2604543584244585,0.36977282078777074,0.36977282078777074,0.0
1994-06,0.20255769555420103,0.3987211522228995,0.3987211522228995,0.0
1994-07,0.3708769853340314,0.31456150733298427,0.31456150733298427,0.0
1994-08,0.4761833290423165,0.26190833547884174,0.26190833547884174,0.0
1994-09,0.5230711657022494,0.23846441714887529,0.23846441714887529,0.0
1994-10,0.6666666666666666,0.16666666666666669,0.16666666666666669,0.0
1994-11,0.6666666666666666,0.16666666666666669,0.16666666666666669,0.0
1994-12,0.28775003486661066,0.35612498256669467,0.35612498256669467,0.0
1995-01,0.26928311978126124,0.36535844010936935,0.36535844010936935,0.0
1995-02,0.2083634963402791,0.39581825182986047,0.39581825182986047,0.0
1995-03,0.3318554076935707,0.33407229615321465,0.33407229615321465,0.0
1995-04,0.4756629807612745,0.2621685096193628,0.2621685096193628,0.0
1995-05,0.6666666666666666,0.16666666666666669,0.16666666666666669,0.0
1995-06,0.3724917667263857,0.3137541166368072,0.3137541166368072,0.0
1995-07,0.6666666666666666,0.16666666666666669,0.16666666666666669,0.0
1995-08,0.47324940480494687,0.26337529759752654,0.26337529759752654,0.0
1995-09,0.6666666666666666,0.16666666666666669,0.16666666666666669,0.0
1995-10,0.6666666666666666,0.16666666666666669,0.16666666666666669,0.0
1995-11,0.6666666666666666,0.16666666666666669,0.16666666666666669,0.0
1995-12,0.6666666666666666,0.16666666666666669,0.16666666666666669,0.0
1996-01,0.6666666666666666,0.16666666666666669,0.16666666666666669,0.0
1996-02,0.45305472130678054,0.2734726393466097,0.2734726393466097,0.0
1996-03,0.6666666666666666,0.16666666666666669,0.16666666666666669,0.0
1996-04,0.1357142479560149,0.43214287602199253,0.43214287602199253,0.0
1996-05,0.6666666666666666,0.16666666666666669,0.16666666666666669,0.0
1996-06,0.6666666666666666,0.16666666666666669,0.16666666666666669,0.0
1996-07,0.6666666666666666,0.16666666666666669,0.16666666666666669,0.0
1996-08,0.3553909033177362,0.32230454834113187,0.32230454834113187,0.0
1996-09,0.6666666666666666,0.16666666666666669,0.16666666666666669,0.0
1996-10,0.6666666666666666,0.16666666666666669,0.16666666666666669,0.0
1996-11,0.6666666666666666,0.16666666666666669,0.16666666666666669,0.0
1996-12,0.6666666666666666,0.16666666666666669,0.16666666666666669,0.0
1997-01,0.3014151320496271,0.34929243397518644,0.34929243397518644,0.0
1997-02,0.6666666666666666,0.16666666666666669,0.16666666666666669,0.0
1997-03,0.6666666666666666,0.16666666666666669,0.16666666666666669,0.0
1997-04,0.6615654323852835,0.16921728380735823,0.16921728380735823,0.0
1997-05,0.3772958973214082,0.3113520513392959,0.3113520513392959,0.0
1997-06,0.6666666666666666,0.16666666666666669,0.16666666666666669,0.0
1997-07,0.3216007353711131,0.33919963231444344,0.33919963231444344,0.0
1997-08,0.6552044509263759,0.17239777453681204,0.17239777453681204,0.0
1997-09,0.16861886222315361,0.4156905688884232,0.4156905688884232,0.0
1997-10,0.10968348145396531,0.44515825927301733,0.44515825927301733,0.0
1997-11,0.024882153908099194,0.4875589230459504,0.4875589230459504,0.0
1997-12,0.1028867300365822,0.4485566349817089,0.4485566349817089,0.0
1998-01,0.14082603870510876,0.4295869806474456,0.4295869806474456,0.0
1998-02,0.04702141213847332,0.47648929393076334,0.47648929393076334,0.0
1998-03,0.08059500373014693,0.45970249813492653,0.45970249813492653,0.0
1998-04,0.3344661222192833,0.33276693889035835,0.33276693889035835,0.0
1998-05,0.6150473579158081,0.19247632104209594,0.19247632104209594,0.0
1998-06,0.23456175180363315,0.3827191240981834,0.3827191240981834,0.0
1998-07,0.07911148640231218,0.46044425679884393,0.46044425679884393,0.0
1998-08,0.2563459632245218,0.3718270183877391,0.3718270183877391,0.0
1998-09,0.13049867883280564,0.4347506605835972,0.4347506605835972,0.0
1998-10,0.09750212963183294,0.45124893518408354,0.45124893518408354,0.0
1998-11,0.09631644943638984,0.4518417752818051,0.4518417752818051,0.0
1998-12,0.20601515392449773,0.3969924230377511,0.3969924230377511,0.0
1999-01,0.31689434222165636,0.3415528288891718,0.3415528288891718,0.0
1999-02,0.183124064361065,0.4084379678194675,0.4084379678194675,0.0
1999-03,0.6152095730018591,0.19239521349907046,0.19239521349907046,0.0
1999-04,0.40934609975000197,0.295326950124999,0.295326950124999,0.0
1999-05,0.1966808319986536,0.4016595840006732,0.4016595840006732,0.0
1999-06,0.37751467881029976,0.3112426605948501,0.3112426605948501,0.0
1999-07,0.6666666666666666,0.16666666666666669,0.16666666666666669,0.0
1999-08,0.4077453044954252,0.29612734775228744,0.29612734775228744,0.0
1999-09,0.3329148653098651,0.3335425673450675,0.3335425673450675,0.0
1999-10,0.4645663628798368,0.26771681856008156,0.26771681856008156,0.0
1999-11,0.32978673883651677,0.3351066305817416,0.3351066305817416,0.0
1999-12,0.6666666666666666,0.16666666666666669,0.16666666666666669,0.0
2000-01,0.5365422505477971,0.23172887472610143,0.23172887472610143,0.0
2000-02,0.1667924602150423,0.4166037698924788,0.4166037698924788,0.0
2000-03,0.33869305458479315,0.3306534727076034,0.3306534727076034,0.0
2000-04,0.3498726024892654,0.32506369875536734,0.32506369875536734,0.0
2000-05,0.10645606483459026,0.4467719675827049,0.4467719675827049,0.0
2000-06,0.2124874640270418,0.3937562679864791,0.3937562679864791,0.0
2000-07,0.37362805439575136,0.31318597280212435,0.31318597280212435,0.0
2000-08,0.6167346571659592,0.1916326714170204,0.1916326714170204,0.0
2000-09,0.6666666666666666,0.16666666666666669,0.16666666666666669,0.0
2000-10,0.25225795508111687,0.3738710224594416,0.3738710224594416,0.0
2000-11,0.42723652729451833,0.28638173635274083,0.28638173635274083,0.0
2000-12,0.33288895790021533,0.33355552104989233,0.33355552104989233,0.0
2001-01,0.46672392020179104,0.2666380398991045,0.2666380398991045,0.0
2001-02,0.29624653062217604,0.351876734688912,0.351876734688912,0.0
2001-03,0.6666666666666666,0.16666666666666669,0.16666666666666669,0.0
2001-04,0.3524109811594462,0.3237945094202769,0.3237945094202769,0.0
2001-05,0.2141871616144154,0.3929064191927923,0.3929064191927923,0.0
2001-06,0.5365735400717959,0.23171322996410204,0.23171322996410204,0.0
2001-07,0.616529298992148,0.19173535050392598,0.19173535050392598,0.0
2001-08,0.6666666666666666,0.16666666666666669,0.16666666666666669,0.0
2001-09,0.4795093253766039,0.2602453373116981,0.2602453373116981,0.0
2001-10,0.07702590730021827,0.46148704634989085,0.46148704634989085,0.0
2001-11,0.3122872686529402,0.3438563656735299,0.3438563656735299,0.0
2001-12,0.5888878104520755,0.20555609477396225,0.20555609477396225,0.0
2002-01,0.6666666666666666,0.16666666666666669,0.16666666666666669,0.0
2002-02,0.6666666666666666,0.16666666666666669,0.16666666666666669,0.0
2002-03,0.6666666666666666,0.16666666666666669,0.16666666666666669,0.0
2002-04,0.6116305605618925,0.19418471971905377,0.19418471971905377,0.0
2002-05,0.6666666666666666,0.16666666666666669,0.16666666666666669,0.0
2002-06,0.6666666666666666,0.16666666666666669,0.16666666666666669,0.0
2002-07,0.39410652532472995,0.302946737337635,0.302946737337635,0.0
2002-08,0.21117840529492155,0.39441079735253926,0.39441079735253926,0.0
2002-09,0.3052273268953222,0.34738633655233886,0.34738633655233886,0.0
2002-10,0.4837699545188709,0.2581150227405645,0.2581150227405645,0.0
2002-11,0.47972143693244734,0.2601392815337763,0.2601392815337763,0.0
2002-12,0.416196820137816,0.291901589931092,0.291901589931092,0.0
2003-01,0.6666666666666666,0.16666666666666669,0.16666666666666669,0.0
2003-02,0.6666666666666666,0.16666666666666669,0.16666666666666669,0.0
2003-03,0.6539918219368587,0.17300408903157066,0.17300408903157066,0.0
2003-04,0.319609606206002,0.340195196896999,0.340195196896999,0.0
2003-05,0.4858437252730421,0.25707813736347895,0.25707813736347895,0.0
2003-06,0.6666666666666666,0.16666666666666669,0.16666666666666669,0.0
2003-07,0.6666666666666666,0.16666666666666669,0.16666666666666669,0.0
2003-08,0.6266080793936055,0.18669596030319724,0.18669596030319724,0.0
2003-09,0.6666666666666666,0.16666666666666669,0.16666666666666669,0.0
2003-10,0.6501321032347529,0.17493394838262355,0.17493394838262355,0.0
2003-11,0.4642773045032468,0.2678613477483766,0.2678613477483766,0.0
2003-12,0.5449613654514288,0.2275193172742856,0.2275193172742856,0.0
2004-01,0.6666666666666666,0.16666666666666669,0.16666666666666669,0.0
2004-02,0.3791446846731961,0.31042765766340197,0.31042765766340197,0.0
2004-03,0.5262387463975721,0.23688062680121397,0.23688062680121397,0.0
2004-04,0.5200775946811231,0.23996120265943843,0.23996120265943843,0.0
2004-05,0.44258876647218276,0.2787056167639086,0.2787056167639086,0.0
2004-06,0.1705248236555588,0.4147375881722206,0.4147375881722206,0.0
2004-07,0.38990849829749497,0.3050457508512525,0.3050457508512525,0.0
2004-08,0.6666666666666666,0.16666666666666669,0.16666666666666669,0.0
2004-09,0.6666666666666666,0.16666666666666669,0.16666666666666669,0.0
2004-10,0.6666666666666666,0.16666666666666669,0.16666666666666669,0.0
2004-11,0.6666666666666666,0.16666666666666669,0.16666666666666669,0.0
2004-12,0.6282878180998083,0.18585609095009586,0.18585609095009586,0.0
2005-01,0.6666666666666666,0.16666666666666669,0.16666666666666669,0.0
2005-02,0.6666666666666666,0.16666666666666669,0.16666666666666669,0.0
2005-03,0.6666666666666666,0.16666666666666669,0.16666666666666669,0.0
2005-04,0.6666666666666666,0.16666666666666669,0.16666666666666669,0.0
2005-05,0.5649557193486667,0.21752214032566664,0.21752214032566664,0.0
2005-06,0.6666666666666666,0.16666666666666669,0.16666666666666669,0.0
2005-07,0.6666666666666666,0.16666666666666669,0.16666666666666669,0.0
2005-08,0.6666666666666666,0.16666666666666669,0.16666666666666669,0.0
2005-09,0.6666666666666666,0.16666666666666669,0.16666666666666669,0.0
2005-10,0.6666666666666666,0.16666666666666669,0.16666666666666669,0.0
2005-11,0.45906279546743867,0.27046860226628067,0.27046860226628067,0.0
2005-12,0.6666666666666666,0.16666666666666669,0.16666666666666669,0.0
2006-01,0.6666666666666666,0.16666666666666669,0.16666666666666669,0.0
2006-02,0.6050945712190754,0.1974527143904623,0.1974527143904623,0.0
2006-03,0.6666666666666666,0.16666666666666669,0.16666666666666669,0.0
2006-04,0.6666666666666666,0.16666666666666669,0.16666666666666669,0.0
2006-05,0.6666666666666666,0.16666666666666669,0.16666666666666669,0.0
2006-06,0.23930178510316527,0.3803491074484174,0.3803491074484174,0.0
2006-07,0.1738833160269289,0.41305834198653557,0.41305834198653557,0.0
2006-08,0.5359933770289199,0.23200331148554004,0.23200331148554004,0.0
2006-09,0.6666666666666666,0.16666666666666669,0.16666666666666669,0.0
2006-10,0.6627710531324988,0.16861447343375058,0.16861447343375058,0.0
2006-11,0.6666666666666666,0.16666666666666669,0.16666666666666669,0.0
2006-12,0.5806978687988932,0.2096510656005534,0.2096510656005534,0.0
2007-01,0.6666666666666666,0.16666666666666669,0.16666666666666669,0.0
2007-02,0.4887515047120508,0.2556242476439746,0.2556242476439746,0.0
2007-03,0.3960120279525642,0.3019939860237179,0.3019939860237179,0.0
2007-04,0.18622942139116358,0.4068852893044182,0.4068852893044182,0.0
2007-05,0.5270537945142426,0.2364731027428787,0.2364731027428787,0.0
2007-06,0.6666666666666666,0.16666666666666669,0.16666666666666669,0.0
2007-07,0.6120072473721448,0.19399637631392758,0.19399637631392758,0.0
2007-08,0.25787803006506393,0.37106098496746803,0.37106098496746803,0.0
2007-09,0.058178922030018995,0.4709105389849905,0.4709105389849905,0.0
2007-10,0.2807391339278541,0.35963043303607295,0.35963043303607295,0.0
2007-11,0.17409442909090242,0.4129527854545488,0.4129527854545488,0.0
2007-12,0.12421175391215579,0.4378941230439221,0.4378941230439221,0.0
2008-01,0.2467117080644671,0.37664414596776646,0.37664414596776646,0.0
2008-02,0.05423672128293658,0.4728816393585317,0.4728816393585317,0.0
2008-03,0.15859522094821718,0.4207023895258914,0.4207023895258914,0.0
2008-04,0.10810586151934153,0.44594706924032923,0.44594706924032923,0.0
2008-05,0.2586250226689787,0.37068748866551066,0.37068748866551066,0.0
2008-06,0.5183130548400458,0.24084347257997712,0.24084347257997712,0.0
2008-07,0.31738934895492726,0.34130532552253634,0.34130532552253634,0.0
2008-08,0.18768974298027602,0.406155128509862,0.406155128509862,0.0
2008-09,0.30779693115620316,0.3461015344218984,0.3461015344218984,0.0
2008-10,0.049463887520006626,0.4752680562399967,0.4752680562399967,0.0
2008-11,0.012496706320104554,0.4937516468399477,0.4937516468399477,0.0
2008-12,0.048726822712938975,0.47563658864353053,0.47563658864353053,0.0
2009-01,0.09588509135942681,0.4520574543202866,0.4520574543202866,0.0
2009-02,0.13352236650747787,0.4332388167462611,0.4332388167462611,0.0
2009-03,0.25072321718526647,0.37463839140736677,0.37463839140736677,0.0
2009-04,0.10716731525982236,0.4464163423700888,0.4464163423700888,0.0
2009-05,0.10851779756757099,0.4457411012162145,0.4457411012162145,0.0
2009-06,0.14481163085067597,0.42759418457466203,0.42759418457466203,0.0
2009-07,0.21400837120642488,0.39299581439678755,0.39299581439678755,0.0
2009-08,0.1723576054053331,0.41382119729733347,0.41382119729733347,0.0
2009-09,0.2802338161262703,0.35988309193686485,0.35988309193686485,0.0
2009-10,0.32251486199243323,0.3387425690037834,0.3387425690037834,0.0
2009-11,0.27348385535794834,0.3632580723210258,0.3632580723210258,0.0
2009-12,0.2321155673238907,0.38394221633805464,0.38394221633805464,0.0
2010-01,0.6184034681634442,0.19079826591827792,0.19079826591827792,0.0
2010-02,0.34443475434576143,0.3277826228271193,0.3277826228271193,0.0
2010-03,0.36940113385780354,0.3152994330710982,0.3152994330710982,0.0
2010-04,0.6488731962697016,0.17556340186514918,0.17556340186514918,0.0
2010-05,0.6666666666666666,0.16666666666666669,0.16666666666666669,0.0
2010-06,0.10828488243464668,0.44585755878267663,0.44585755878267663,0.0
2010-07,0.19735279369395267,0.4013236031530237,0.4013236031530237,0.0
2010-08,0.3974617539265005,0.30126912303674974,0.30126912303674974,0.0
2010-09,0.5588737280246382,0.2205631359876809,0.2205631359876809,0.0
2010-10,0.45646377181627623,0.27176811409186186,0.27176811409186186,0.0
2010-11,0.6274959107291298,0.1862520446354351,0.1862520446354351,0.0
2010-12,0.3638781775846716,0.3180609112076642,0.3180609112076642,0.0
2011-01,0.6666666666666666,0.16666666666666669,0.16666666666666669,0.0
2011-02,0.6666666666666666,0.16666666666666669,0.16666666666666669,0.0
2011-03,0.5935187737114108,0.2032406131442946,0.2032406131442946,0.0
2011-04,0.28446023061648745,0.3577698846917563,0.3577698846917563,0.0
2011-05,0.6640436447656268,0.16797817761718659,0.16797817761718659,0.0
2011-06,0.39594713843463447,0.30202643078268276,0.30202643078268276,0.0
2011-07,0.4576226144950915,0.2711886927524543,0.2711886927524543,0.0
2011-08,0.4510981924431841,0.274450903778408,0.274450903778408,0.0
2011-09,0.1022525257398785,0.44887373713006073,0.44887373713006073,0.0
2011-10,0.09719349057658404,0.451403254711708,0.451403254711708,0.0
2011-11,0.08656521654001596,0.45671739172999204,0.45671739172999204,0.0
2011-12,0.1862282981251973,0.40688585093740137,0.40688585093740137,0.0
2012-01,0.29734541866965775,0.3513272906651711,0.3513272906651711,0.0
2012-02,0.4143197653171351,0.29284011734143245,0.29284011734143245,0.0
2012-03,0.6666666666666666,0.16666666666666669,0.16666666666666669,0.0
2012-04,0.6666666666666666,0.16666666666666669,0.16666666666666669,0.0
2012-05,0.6666666666666666,0.16666666666666669,0.16666666666666669,0.0
2012-06,0.31202241158846633,0.34398879420576683,0.34398879420576683,0.0
2012-07,0.35568624304376206,0.32215687847811897,0.32215687847811897,0.0
2012-08,0.4701881817517441,0.2649059091241279,0.2649059091241279,0.0
2012-09,0.6666666666666666,0.16666666666666669,0.16666666666666669,0.0
2012-10,0.6666666666666666,0.16666666666666669,0.16666666666666669,0.0
2012-11,0.6666666666666666,0.16666666666666669,0.16666666666666669,0.0
2012-12,0.6666666666666666,0.16666666666666669,0.16666666666666669,0.0
2013-01,0.6666666666666666,0.16666666666666669,0.16666666666666669,0.0
2013-02,0.6666666666666666,0.16666666666666669,0.16666666666666669,0.0
2013-03,0.6666666666666666,0.16666666666666669,0.16666666666666669,0.0
2013-04,0.6666666666666666,0.16666666666666669,0.16666666666666669,0.0
2013-05,0.6666666666666666,0.16666666666666669,0.16666666666666669,0.0
2013-06,0.6666666666666666,0.16666666666666669,0.16666666666666669,0.0
2013-07,0.3890823618458531,0.30545881907707345,0.30545881907707345,0.0
2013-08,0.5852883529588243,0.20735582352058785,0.20735582352058785,0.0
2013-09,0.6666666666666666,0.16666666666666669,0.16666666666666669,0.0
2013-10,0.6532294729471765,0.17338526352641176,0.17338526352641176,0.0
2013-11,0.6666666666666666,0.16666666666666669,0.16666666666666669,0.0
2013-12,0.6666666666666666,0.16666666666666669,0.16666666666666669,0.0
2014-01,0.6666666666666666,0.16666666666666669,0.16666666666666669,0.0
2014-02,0.6666666666666666,0.16666666666666669,0.16666666666666669,0.0
2014-03,0.6666666666666666,0.16666666666666669,0.16666666666666669,0.0
2014-04,0.6666666666666666,0.16666666666666669,0.16666666666666669,0.0
2014-05,0.6666666666666666,0.16666666666666669,0.16666666666666669,0.0
2014-06,0.6666666666666666,0.16666666666666669,0.16666666666666669,0.0
2014-07,0.6666666666666666,0.16666666666666669,0.16666666666666669,0.0
2014-08,0.6666666666666666,0.16666666666666669,0.16666666666666669,0.0
2014-09,0.6666666666666666,0.16666666666666669,0.16666666666666669,0.0
2014-10,0.6666666666666666,0.16666666666666669,0.16666666666666669,0.0
2014-11,0.6666666666666666,0.16666666666666669,0.16666666666666669,0.0
2014-12,0.6666666666666666,0.16666666666666669,0.16666666666666669,0.0
2015-01,0.5850563390662888,0.20747183046685558,0.20747183046685558,0.0
2015-02,0.6666666666666666,0.16666666666666669,0.16666666666666669,0.0
2015-03,0.6666666666666666,0.16666666666666669,0.16666666666666669,0.0
2015-04,0.6666666666666666,0.16666666666666669,0.16666666666666669,0.0
2015-05,0.6309795311504989,0.18451023442475056,0.18451023442475056,0.0
2015-06,0.6666666666666666,0.16666666666666669,0.16666666666666669,0.0
2015-07,0.6245528215416691,0.18772358922916543,0.18772358922916543,0.0
2015-08,0.22529709105839163,0.3873514544708042,0.3873514544708042,0.0
2015-09,0.1480725577107344,0.42596372114463277,0.42596372114463277,0.0
2015-10,0.19958594074778852,0.40020702962610577,0.40020702962610577,0.0
2015-11,0.46959125798189233,0.2652043710090538,0.2652043710090538,0.0
2015-12,0.5177401423381888,0.24112992883090562,0.24112992883090562,0.0
2016-01,0.6353142123797421,0.18234289381012897,0.18234289381012897,0.0
2016-02,0.24197823443489264,0.3790108827825537,0.3790108827825537,0.0
2016-03,0.43803015559421665,0.2809849222028917,0.2809849222028917,0.0
2016-04,0.3277296684541875,0.33613516577290625,0.33613516577290625,0.0
2016-05,0.5920541302183844,0.2039729348908078,0.2039729348908078,0.0
2016-06,0.6666666666666666,0.16666666666666669,0.16666666666666669,0.0
2016-07,0.26793094573762855,0.3660345271311857,0.3660345271311857,0.0
2016-08,0.6666666666666666,0.16666666666666669,0.16666666666666669,0.0
2016-09,0.6666666666666666,0.16666666666666669,0.16666666666666669,0.0
2016-10,0.6666666666666666,0.16666666666666669,0.16666666666666669,0.0
2016-11,0.6666666666666666,0.16666666666666669,0.16666666666666669,0.0
2016-12,0.5441345561081828,0.22793272194590858,0.22793272194590858,0.0
2017-01,0.6666666666666666,0.16666666666666669,0.16666666666666669,0.0
2017-02,0.6666666666666666,0.16666666666666669,0.16666666666666669,0.0
2017-03,0.6666666666666666,0.16666666666666669,0.16666666666666669,0.0
2017-04,0.6666666666666666,0.16666666666666669,0.16666666666666669,0.0
2017-05,0.6666666666666666,0.16666666666666669,0.16666666666666669,0.0
2017-06,0.6666666666666666,0.16666666666666669,0.16666666666666669,0.0
2017-07,0.6666666666666666,0.16666666666666669,0.16666666666666669,0.0
2017-08,0.6666666666666666,0.16666666666666669,0.16666666666666669,0.0
2017-09,0.6666666666666666,0.16666666666666669,0.16666666666666669,0.0
2017-10,0.6666666666666666,0.16666666666666669,0.16666666666666669,0.0
2017-11,0.6666666666666666,0.16666666666666669,0.16666666666666669,0.0
2017-12,0.6666666666666666,0.16666666666666669,0.16666666666666669,0.0
2018-01,0.6666666666666666,0.16666666666666669,0.16666666666666669,0.0
2018-02,0.6666666666666666,0.16666666666666669,0.16666666666666669,0.0
2018-03,0.38671485369436265,0.3066425731528187,0.3066425731528187,0.0
2018-04,0.531824777273237,0.23408761136338152,0.23408761136338152,0.0
2018-05,0.6666666666666666,0.16666666666666669,0.16666666666666669,0.0
2018-06,0.6666666666666666,0.16666666666666669,0.16666666666666669,0.0
2018-07,0.6666666666666666,0.16666666666666669,0.16666666666666669,0.0
2018-08,0.6666666666666666,0.16666666666666669,0.16666666666666669,0.0
2018-09,0.6666666666666666,0.16666666666666669,0.16666666666666669,0.0
2018-10,0.6666666666666666,0.16666666666666669,0.16666666666666669,0.0
2018-11,0.4348704660120026,0.2825647669939987,0.2825647669939987,0.0
2018-12,0.4726161387238006,0.2636919306380997,0.2636919306380997,0.0
2019-01,0.36671626504130556,0.3166418674793472,0.3166418674793472,0.0
2019-02,0.5155806869919399,0.24220965650403004,0.24220965650403004,0.0
2019-03,0.6666666666666666,0.16666666666666669,0.16666666666666669,0.0
2019-04,0.6666666666666666,0.16666666666666669,0.16666666666666669,0.0
2019-05,0.6666666666666666,0.16666666666666669,0.16666666666666669,0.0
2019-06,0.6666666666666666,0.16666666666666669,0.16666666666666669,0.0
2019-07,0.6666666666666666,0.16666666666666669,0.16666666666666669,0.0
2019-08,0.6666666666666666,0.16666666666666669,0.16666666666666669,0.0
2019-09,0.3984411623092108,0.3007794188453946,0.3007794188453946,0.0
2019-10,0.6666666666666666,0.16666666666666669,0.16666666666666669,0.0
2019-11,0.6666666666666666,0.16666666666666669,0.16666666666666669,0.0
2019-12,0.6666666666666666,0.16666666666666669,0.16666666666666669,0.0
2020-01,0.6666666666666666,0.16666666666666669,0.16666666666666669,0.0
2020-02,0.6666666666666666,0.16666666666666669,0.16666666666666669,0.0
2020-03,0.3114829401146275,0.34425852994268624,0.34425852994268624,0.0
2020-04,0.027782931871633314,0.48610853406418336,0.48610853406418336,0.0
2020-05,0.14315411796486155,0.4284229410175692,0.4284229410175692,0.0
2020-06,0.18545713097071226,0.40727143451464387,0.40727143451464387,0.0
2020-07,0.16232798345696256,0.41883600827151873,0.41883600827151873,0.0
2020-08,0.3833837186673687,0.3083081406663156,0.3083081406663156,0.0
2020-09,0.6666666666666666,0.16666666666666669,0.16666666666666669,0.0
2020-10,0.6047135540663536,0.19764322296682318,0.19764322296682318,0.0
2020-11,0.6065833127491891,0.19670834362540546,0.19670834362540546,0.0
2020-12,0.28769748079344204,0.356151259603279,0.356151259603279,0.0
2021-01,0.6666666666666666,0.16666666666666669,0.16666666666666669,0.0
2021-02,0.46236453757542456,0.2688177312122877,0.2688177312122877,0.0
2021-03,0.3835327307985461,0.30823363460072695,0.30823363460072695,0.0
2021-04,0.47173452332666105,0.2641327383366695,0.2641327383366695,0.0
2021-05,0.6666666666666666,0.16666666666666669,0.16666666666666669,0.0
2021-06,0.6581833457832448,0.1709083271083776,0.1709083271083776,0.0
2021-07,0.6666666666666666,0.16666666666666669,0.16666666666666669,0.0
2021-08,0.6136211839683704,0.1931894080158148,0.1931894080158148,0.0
2021-09,0.6666666666666666,0.16666666666666669,0.16666666666666669,0.0
2021-10,0.3979059669769514,0.3010470165115243,0.3010470165115243,0.0
2021-11,0.6666666666666666,0.16666666666666669,0.16666666666666669,0.0
2021-12,0.6666666666666666,0.16666666666666669,0.16666666666666669,0.0
2022-01,0.6666666666666666,0.16666666666666669,0.16666666666666669,0.0
2022-02,0.4002913203586919,0.299854339820654,0.299854339820654,0.0
2022-03,0.39093112565073845,0.3045344371746308,0.3045344371746308,0.0
2022-04,0.20387207422448522,0.39806396288775736,0.39806396288775736,0.0
2022-05,0.5514679879386826,0.22426600603065872,0.22426600603065872,0.0
2022-06,0.24304409423872378,0.3784779528806381,0.3784779528806381,0.0
2022-07,0.27457255972911887,0.36271372013544056,0.36271372013544056,0.0
2022-08,0.5449616201788599,0.22751918991057007,0.22751918991057007,0.0
2022-09,0.6666666666666666,0.16666666666666669,0.16666666666666669,0.0
2022-10,0.2760814601606775,0.3619592699196612,0.3619592699196612,0.0
2022-11,0.3001496429005514,0.34992517854972427,0.34992517854972427,0.0
2022-12,0.14093540826711487,0.4295322958664426,0.4295322958664426,0.0
2023-01,0.45279757974262874,0.27360121012868566,0.27360121012868566,0.0
2023-02,0.5365211806397278,0.23173940968013612,0.23173940968013612,0.0
2023-03,0.6666666666666666,0.16666666666666669,0.16666666666666669,0.0
2023-04,0.4109214632260112,0.2945392683869944,0.2945392683869944,0.0
2023-05,0.6666666666666666,0.16666666666666669,0.16666666666666669,0.0
2023-06,0.5606756677395957,0.21966216613020217,0.21966216613020217,0.0
2023-07,0.5991230367546971,0.20043848162265143,0.20043848162265143,0.0
2023-08,0.4457887784792518,0.2771056107603741,0.2771056107603741,0.0
2023-09,0.4882359607514434,0.2558820196242783,0.2558820196242783,0.0
2023-10,0.6666666666666666,0.16666666666666669,0.16666666666666669,0.0
2023-11,0.5807693301493999,0.20961533492530005,0.20961533492530005,0.0
2023-12,0.41345393346091974,0.29327303326954013,0.29327303326954013,0.0
2024-01,0.5802649778283454,0.2098675110858273,0.2098675110858273,0.0
2024-02,0.6006446215838038,0.19967768920809809,0.19967768920809809,0.0
2024-03,0.6666666666666666,0.16666666666666669,0.16666666666666669,0.0
2024-04,0.6666666666666666,0.16666666666666669,0.16666666666666669,0.0
2024-05,0.44025880908946563,0.27987059545526716,0.27987059545526716,0.0
2024-06,0.6666666666666666,0.16666666666666669,0.16666666666666669,0.0
2024-07,0.6666666666666666,0.16666666666666669,0.16666666666666669,0.0
2024-08,0.5225976930085143,0.23870115349574283,0.23870115349574283,0.0
2024-09,0.42008040114582373,0.28995979942708816,0.28995979942708816,0.0
2024-10,0.46979005780849176,0.26510497109575415,0.26510497109575415,0.0
2024-11,0.6641118864473555,0.16794405677632224,0.16794405677632224,0.0
2024-12,0.6666666666666666,0.16666666666666669,0.16666666666666669,0.0
2025-01,0.6666666666666666,0.16666666666666669,0.16666666666666669,0.0
2025-02,0.6666666666666666,0.16666666666666669,0.16666666666666669,0.0
2025-03,0.6666666666666666,0.16666666666666669,0.16666666666666669,0.0
2025-04,0.6666666666666666,0.16666666666666669,0.16666666666666669,0.0
2025-05,0.08291890640678054,0.4585405467966097,0.4585405467966097,0.0
2025-06,0.6666666666666666,0.16666666666666669,0.16666666666666669,0.0
2025-07,0.6666666666666666,0.16666666666666669,0.16666666666666669,0.0
2025-08,0.6666666666666666,0.16666666666666669,0.16666666666666669,0.0
2025-09,0.6666666666666666,0.16666666666666669,0.16666666666666669,0.0
2025-10,0.6666666666666666,0.16666666666666669,0.16666666666666669,0.0
2025-11,0.6666666666666666,0.16666666666666669,0.16666666666666669,0.0
2025-12,0.5741193505540952,0.21294032472295238,0.21294032472295238,0.0
2026-01,0.6666666666666666,0.16666666666666669,0.16666666666666669,0.0
2026-02,0.6666666666666666,0.16666666666666669,0.16666666666666669,0.0
2026-03,0.41788516146518884,0.2910574192674056,0.2910574192674056,0.0
2026-04,0.24788105292707951,0.37605947353646024,0.37605947353646024,0.0
2026-05,0.3403320720896887,0.32983396395515563,0.32983396395515563,0.0
2026-06,0.6666666666666666,0.16666666666666669,0.16666666666666669,0.0
2026-07,0.5780152354134459,0.21099238229327705,0.21099238229327705,0.0
2026-08,0.6666666666666666,0.16666666666666669,0.16666666666666669,0.0
