regime,asset,hypothesis,rank full,Sharpe full,rank 1972-89,Sharpe 1972-89,rank 1990-latest,Sharpe 1990-latest,full-sample verdict
Goldilocks,BusEq,expected winner,9/14,0.57,10/14,0.57,9/14,0.56,not supported
Goldilocks,Shops,expected winner,5/14,0.87,7/14,0.79,2/14,0.93,supported
Goldilocks,Durbl,expected winner,12/14,0.40,5/14,1.03,13/14,0.18,not supported
Goldilocks,GOLD,expected loser,14/14,-0.32,14/14,-0.75,14/14,0.05,supported
Goldilocks,Enrgy,expected loser,10/14,0.49,12/14,0.40,10/14,0.54,supported
Reflation,Enrgy,expected winner,4/14,0.47,3/14,0.10,5/14,0.58,supported
Reflation,Chems,expected winner,11/14,0.12,7/14,-0.28,10/14,0.32,not supported
Reflation,Money,expected winner,9/14,0.25,8/14,-0.34,6/14,0.51,not supported
Reflation,UST10,expected loser,8/14,0.26,6/14,-0.04,8/14,0.41,not supported
Stagflation,Enrgy,expected winner,4/14,0.42,2/14,0.66,7/14,0.30,supported
Stagflation,GOLD,expected winner,2/14,0.47,1/14,0.81,9/14,0.13,supported
Stagflation,NoDur,expected winner,5/14,0.42,6/14,0.05,3/14,0.74,supported
Stagflation,UST10,expected loser,3/14,0.46,12/14,-0.26,1/14,1.02,not supported
Stagflation,BusEq,expected loser,13/14,-0.20,14/14,-0.37,12/14,-0.12,supported
Disinflationary slowdown,UST10,expected winner,14/14,0.25,3/14,0.89,14/14,-0.24,not supported
Disinflationary slowdown,NoDur,expected winner,5/14,0.94,2/14,1.02,5/14,0.92,supported
Disinflationary slowdown,Hlth,expected winner,10/14,0.58,13/14,0.51,10/14,0.63,not supported
Disinflationary slowdown,Utils,expected winner,12/14,0.51,1/14,1.21,13/14,0.19,not supported
Disinflationary slowdown,Durbl,expected loser,1/14,1.23,5/14,0.88,1/14,1.38,not supported
Disinflationary slowdown,Enrgy,expected loser,13/14,0.48,9/14,0.67,12/14,0.38,supported
Disinflationary slowdown,Money,expected loser,8/14,0.69,12/14,0.51,9/14,0.77,not supported
