regime,asset,months,down_months,sharpe,se,corr_mkt,down_mkt_ret,mkt_down_ret
Goldilocks (G+ I-),NoDur,187,57,1.0682455901424852,0.3174673493266981,0.7606873996969066,-0.013257220001790722,-0.02345775383278879
Goldilocks (G+ I-),Durbl,187,57,0.39856876906113337,0.2631884136514181,0.7105153179746647,-0.03204010308115302,-0.02345775383278879
Goldilocks (G+ I-),Manuf,187,57,0.7447430695279887,0.2862990231954571,0.9047057836451953,-0.024803912538717963,-0.02345775383278879
Goldilocks (G+ I-),Enrgy,187,57,0.4919039623862844,0.26820673095738057,0.5249717870288493,-0.013351439534574287,-0.02345775383278879
Goldilocks (G+ I-),Chems,187,57,0.7822772723689994,0.2894928848902649,0.8403554767477681,-0.019705606267967732,-0.02345775383278879
Goldilocks (G+ I-),BusEq,187,57,0.5677360691275463,0.2729708360862721,0.8689572430093374,-0.03456961602052245,-0.02345775383278879
Goldilocks (G+ I-),Telcm,187,57,0.9981812907787316,0.31006464166100034,0.638644441408149,-0.009885717388157068,-0.02345775383278879
Goldilocks (G+ I-),Utils,187,57,0.7243189750066885,0.28461276690851,0.5305900452355949,-0.006109465949392315,-0.02345775383278879
Goldilocks (G+ I-),Shops,187,57,0.8680130613258988,0.2972303527712553,0.8242503523377283,-0.022398767740427962,-0.02345775383278879
Goldilocks (G+ I-),Hlth,187,57,0.8744312522900345,0.2978333533421724,0.74255198637778,-0.022017757363834514,-0.02345775383278879
Goldilocks (G+ I-),Money,187,57,0.9334937161774391,0.30353058950283573,0.8879563365773294,-0.023160212546130977,-0.02345775383278879
Goldilocks (G+ I-),Other,187,57,0.4903318077761222,0.2681143471668295,0.9227180974252646,-0.03073609414384365,-0.02345775383278879
Goldilocks (G+ I-),UST10,187,57,0.14777307997144865,0.25469937505288237,0.032709567322990074,0.0020797846076741943,-0.02345775383278879
Goldilocks (G+ I-),GOLD,187,57,-0.3150313701766008,0.2595292796189475,-0.02322419581672972,-0.0026461869196282707,-0.02345775383278879
Goldilocks (G+ I-),MKT,187,57,0.868037817026063,0.29723267242124485,1.0,-0.02345775383278879,-0.02345775383278879
Reflation (G+ I+),NoDur,181,67,0.18456854043668175,0.2596682251723597,0.7676272499295161,-0.02004100441465349,-0.027687404057931297
Reflation (G+ I+),Durbl,181,67,-0.06350687948331081,0.2577441313611356,0.7497106888397319,-0.040758021788847784,-0.027687404057931297
Reflation (G+ I+),Manuf,181,67,0.2822731047534889,0.2625635270038929,0.8859475444064897,-0.02634755777542062,-0.027687404057931297
Reflation (G+ I+),Enrgy,181,67,0.47426212306744414,0.27157762306474226,0.5206585787628246,-0.009822242267246333,-0.027687404057931297
Reflation (G+ I+),Chems,181,67,0.1153206544191661,0.25833928951741847,0.723854029597241,-0.02034330023474992,-0.027687404057931297
Reflation (G+ I+),BusEq,181,67,0.4879608906741422,0.27238089783994396,0.8647380485173637,-0.03095850154725502,-0.027687404057931297
Reflation (G+ I+),Telcm,181,67,0.3079178950273905,0.2635172274707285,0.7364045299642248,-0.017636361161752285,-0.027687404057931297
Reflation (G+ I+),Utils,181,67,0.4849233596673151,0.27220101432891797,0.5019274454149492,-0.005578999852762195,-0.027687404057931297
Reflation (G+ I+),Shops,181,67,-0.07078857915725897,0.2578070088245979,0.8500731268742084,-0.032589571584364416,-0.027687404057931297
Reflation (G+ I+),Hlth,181,67,0.4228781232868973,0.2687494617024329,0.7483117901783587,-0.021359094942664688,-0.027687404057931297
Reflation (G+ I+),Money,181,67,0.25108370882008463,0.2615113127604764,0.8299752791717069,-0.02862876254760811,-0.027687404057931297
Reflation (G+ I+),Other,181,67,-0.026284061427213783,0.257529112352174,0.9162097971431211,-0.032949281470085766,-0.027687404057931297
Reflation (G+ I+),UST10,181,67,0.26113242483776067,0.2618373336266577,-0.0004116226347747654,0.0011738431261732736,-0.027687404057931297
Reflation (G+ I+),GOLD,181,67,0.5918968155024027,0.27912700371978943,-0.09259278922783742,0.01906107598415165,-0.027687404057931297
Reflation (G+ I+),MKT,181,67,0.32838622225401176,0.26433514080020654,0.9999999999999998,-0.027687404057931297,-0.027687404057931297
Stagflation (G- I+),NoDur,138,56,0.41728614480900605,0.30745291096853267,0.8340314540028951,-0.019759849124075437,-0.0390117512780978
Stagflation (G- I+),Durbl,138,56,-0.38571181022882883,0.3056549347783344,0.8339680860076423,-0.05826969487970853,-0.0390117512780978
Stagflation (G- I+),Manuf,138,56,0.12818916836501593,0.29609285139500136,0.9339833910988744,-0.04068508274582242,-0.0390117512780978
Stagflation (G- I+),Enrgy,138,56,0.41780114827270864,0.3074833187061072,0.6511232502255035,-0.02217099581054773,-0.0390117512780978
Stagflation (G- I+),Chems,138,56,0.2654531121411823,0.3000337194633615,0.8512357033416211,-0.02624662924194271,-0.0390117512780978
Stagflation (G- I+),BusEq,138,56,-0.20404217247098155,0.2979373444598186,0.897497051128454,-0.05628382624059071,-0.0390117512780978
Stagflation (G- I+),Telcm,138,56,-0.08710905135811625,0.2954427765404584,0.7712178170743195,-0.030657452896118022,-0.0390117512780978
Stagflation (G- I+),Utils,138,56,0.47470040718147444,0.3110529436675886,0.6521770395190349,-0.013013324567485648,-0.0390117512780978
Stagflation (G- I+),Shops,138,56,0.33491595626933796,0.30304029705949104,0.900425909735152,-0.033919336480289664,-0.0390117512780978
Stagflation (G- I+),Hlth,138,56,0.33700565984929143,0.30314100713597153,0.7672989199537071,-0.021653102805116627,-0.0390117512780978
Stagflation (G- I+),Money,138,56,0.06616727990813286,0.29520649434137375,0.902919907310175,-0.04564765866233616,-0.0390117512780978
Stagflation (G- I+),Other,138,56,0.18465680417016506,0.2973870363045685,0.9640202315709331,-0.042555064752696624,-0.0390117512780978
Stagflation (G- I+),UST10,138,56,0.4626447974989709,0.3102621758569933,-0.000337514066999938,0.009907483703909,-0.0390117512780978
Stagflation (G- I+),GOLD,138,56,0.47206144328979593,0.3108782794264777,0.07499798422839574,0.012123957593978265,-0.0390117512780978
Stagflation (G- I+),MKT,138,56,0.06347889870147237,0.29518082671477036,1.0,-0.0390117512780978,-0.0390117512780978
Disinflationary slowdown (G- I-),NoDur,149,48,0.944663700498505,0.3412800326508358,0.7461414090288299,-0.010710334764211316,-0.02474755181776631
Disinflationary slowdown (G- I-),Durbl,149,48,1.2291326218490655,0.3759962338502066,0.7009077735562492,-0.022796829965754495,-0.02474755181776631
Disinflationary slowdown (G- I-),Manuf,149,48,0.9704278461591134,0.344178637357788,0.9170634718513857,-0.02853942389759824,-0.02474755181776631
Disinflationary slowdown (G- I-),Enrgy,149,48,0.47783739202179104,0.2995519186076278,0.5276242101415546,-0.025459606254874242,-0.02474755181776631
Disinflationary slowdown (G- I-),Chems,149,48,0.8069442321205696,0.32673855035079935,0.8346871026429863,-0.021462226157307463,-0.02474755181776631
Disinflationary slowdown (G- I-),BusEq,149,48,1.0501708918511259,0.35347890791283515,0.8847610767635226,-0.033517283231222876,-0.02474755181776631
Disinflationary slowdown (G- I-),Telcm,149,48,0.6554711975275042,0.3127905891314297,0.7540844877730903,-0.021940984070597875,-0.02474755181776631
Disinflationary slowdown (G- I-),Utils,149,48,0.5128850318326871,0.30187675087677773,0.5546414770224402,-0.01453409856721589,-0.02474755181776631
Disinflationary slowdown (G- I-),Shops,149,48,1.1348274718266007,0.363862577725374,0.8579575723811448,-0.018119862894609932,-0.02474755181776631
Disinflationary slowdown (G- I-),Hlth,149,48,0.5756391883522071,0.3063989027242247,0.692027330088015,-0.013593237353922599,-0.02474755181776631
Disinflationary slowdown (G- I-),Money,149,48,0.6943709699348708,0.31615248066251006,0.8878322987790453,-0.03176559466042394,-0.02474755181776631
Disinflationary slowdown (G- I-),Other,149,48,0.7859294723848087,0.3246692773994842,0.9423617358031545,-0.032509058640971276,-0.02474755181776631
Disinflationary slowdown (G- I-),UST10,149,48,0.25182186640600696,0.28825423987872567,0.12337600858119137,0.0034624473848082573,-0.02474755181776631
Disinflationary slowdown (G- I-),GOLD,149,48,0.5262130306030777,0.3027990331993074,-0.009350277705612486,0.007609172291478734,-0.02474755181776631
Disinflationary slowdown (G- I-),MKT,149,48,1.1138007099222393,0.3612368028154388,1.0,-0.02474755181776631,-0.02474755181776631
