,Goldilocks,Goldilocks,Reflation,Reflation,Stagflation,Stagflation,Disinflationary slowdown,Disinflationary slowdown
,1972-1989,1990-latest,1972-1989,1990-latest,1972-1989,1990-latest,1972-1989,1990-latest
NoDur,1.2274503198363254,0.4973580901829159,0.0521723261333762,0.37579289523458126,-0.01277032180149916,0.8031114649906028,0.8838237746925411,0.733561674419356
Durbl,0.8715877696017951,0.16357200773927624,-0.5017916564614809,0.1782809510696798,-0.2815060870790196,-0.39315576271076097,0.7050649002875993,1.256171294891007
Manuf,0.6212506451488021,0.5211539905498522,-0.15651466751031978,0.5818709280550229,0.01743576986716183,0.22223246656780468,0.5201550105113056,0.8885496759024837
Enrgy,0.33134373381515214,0.5271042104369444,0.08077705466671425,0.5018355854590792,0.5791452502346844,0.3649429807119821,0.5860167118948467,0.2403408160290148
Chems,0.6294404170925464,0.4433497210038458,-0.12166649386825473,0.48494758398574384,0.12515365271906945,0.3951240695771862,0.5299371579730592,0.6322838664593128
BusEq,0.4228627379324295,0.45653104592046667,-0.31413773248988086,0.9298505075861517,-0.28714544059341657,-0.1667114023885786,0.4309710250072211,1.1339800540399125
Telcm,1.3355498381975561,0.521099753359353,0.5246577660751057,0.36096796978588097,0.029233739203950636,-0.21587176240922068,0.7136789222805777,0.41661877915551654
Utils,0.9276973824683582,0.49337661151941536,-0.34771038771524776,0.5837747294502287,-0.05823375550332366,0.9622275268199338,1.0700538921891025,0.029982892033924936
Shops,0.6066714715445362,0.5396887903858343,-0.17238134133530827,0.31788118592202563,-0.10649877287868174,0.5111007841977081,0.8737641085028074,1.1368581018210546
Hlth,0.5978350844045851,0.8260015082953552,0.12706724265076536,0.7397324444107078,0.01729598592100478,0.5523615265842496,0.40226941963212304,0.26792045110229024
Money,0.9272245892190325,0.6234187039250468,-0.177437069510954,0.5837733667172872,-0.04754604678248406,0.08798059508806716,0.4912224347283156,0.6403179390087655
Other,0.4284349041720225,0.3530946063820727,-0.2170276906998511,0.35124316753357593,0.2831741631501687,0.08996206290336484,0.6166255690485446,0.6273680434617828
