,1972-79,1980s,1990s,2000s,2010s,2020-26
NoDur,-0.14362393491982808,0.01975542881388414,-0.08976521136086542,-0.013890095131750935,-0.08196707850998332,0.1243124475676574
Durbl,-0.1618572144119026,0.09130335196408827,-0.012654018589226655,-0.1764622221739937,-0.08383410272736265,0.10542074448742497
Manuf,-0.12337393849172146,0.13397726346135097,-0.016862761527054806,-0.11639751063378792,-0.04826763989067294,0.0412933066005774
Enrgy,-0.15796335601883907,0.21441393623439792,0.01483479417169847,-0.07168776072815886,-0.029023489860137752,-0.010971997683607555
Chems,-0.10251890014292318,0.06483469598838254,-0.012349578891251742,-0.10423541548080073,-0.004186540604297096,0.1341940717526125
BusEq,-0.14672162068751718,0.1530596964005096,-0.09645513141288807,-0.07720841024831432,-0.04295892908550993,0.08428679214864186
Telcm,-0.13553044267355202,-0.07775534697429612,-0.04596075073305923,-0.12158672391896648,-0.09301553233712298,0.18903788545811448
Utils,-0.1374754471733514,0.05578121427675676,-0.09236741655603206,-0.10034993007576899,0.0014660533812849105,0.16760551791329847
Shops,-0.1410338612369761,-0.015021266863369988,-0.10739720682676401,-0.21730564499418964,-0.08698748480567207,0.061865182345484514
Hlth,-0.013836559035564305,-0.0337769833149987,0.053763994201477094,-0.015198991683418518,-0.048882523591134736,0.07834208192201174
Money,-0.10436454124549722,0.01681537752767689,0.040381029398689844,-0.15991569211178222,-0.22903096220875796,-0.09842772778553889
Other,-0.10681593400984409,0.16700691638615928,-0.026099034947998426,-0.14375253196977816,-0.105894744582212,0.06703083150069647
MKT,-0.13799258038791137,0.11430549316144681,-0.046885886099993015,-0.10332917530644263,-0.10194864204505741,0.06877566303638206
