,CAGR,Vol,Sharpe,MaxDD,Beta,Down capture,Corr UST10,Corr GOLD
NoDur,0.1541546881916851,0.17481967532613985,0.4793193002339085,-0.519348895970059,0.9516639282577216,0.8529360332948626,0.31447133490567136,-0.08105271224704673
Durbl,0.09547640426114423,0.2007746295818297,0.17938853500405716,-0.5660589295097087,1.0418039677992716,1.1055503095163153,0.19060668372530282,-0.03339025804371921
Manuf,0.10370071932026659,0.19303506673572052,0.21892970964166705,-0.4378220129368624,1.1024303482986355,1.1614730878186967,0.18436458742480868,0.012169542625285402
Enrgy,0.14652459799845619,0.20704652532360646,0.400607758641712,-0.48978624144388305,0.8877949750621298,0.7028643374252441,0.043404122653928234,0.0678000582041086
Chems,0.11515276878623748,0.18650364785730783,0.27431694606989127,-0.3662705442268993,1.0344158705732744,1.0386807959990207,0.2011265636040535,-0.02366902579813267
BusEq,0.06762233967085773,0.20883049160077707,0.05560065018334658,-0.5204588996623114,1.0986264607412173,1.189382016577484,0.15813321855218246,0.024429476316244984
Telcm,0.16935499234161489,0.14159291533978174,0.6471604395844242,-0.2310173529673596,0.5970112557957415,0.3925786031546183,0.3636368478919288,-0.12309308774197426
Utils,0.12600863996095835,0.14553379219904436,0.3706661087389618,-0.42580691679348637,0.6251095178445943,0.504948763683419,0.44323486349898306,-0.05594809484345336
Shops,0.11039401330740106,0.2139483649399198,0.2454642113362922,-0.5754056926448524,1.1390964798234469,1.224460532298115,0.27078401434692556,-0.09377252361163521
Hlth,0.11586153642704722,0.19633926719425548,0.2721196760142587,-0.47082846824002245,0.9594965571110352,0.885496450180114,0.2910907020721425,-0.042465230801636084
Money,0.11214887821805086,0.1862865277431641,0.2594569447339273,-0.5484142456444898,1.0253037424114702,1.0561675934669326,0.3588564826243714,-0.05558557469377153
Other,0.10908770322094874,0.2105394751695063,0.241284917990323,-0.5801993668485046,1.196197785251292,1.29157486097996,0.19424171115582153,0.03337056460822164
MKT,0.11731482630939105,0.16763380416772028,0.2974075294841741,-0.46507549984195606,0.9999999999999997,1.0,0.26023391397321927,-0.011452653404714144
UST10,0.08692694976344284,0.09317658677583807,0.1309124786882419,-0.15661499424689707,0.14464688663320804,0.015443274236609635,0.9999999999999999,-0.11059667959440068
GOLD,0.13336680229883946,0.24144073114619055,0.31951864370953525,-0.5570370370370371,-0.016495103868379237,-0.25226263535479015,-0.11059667959440068,1.0
