,Food,Mines,Oil,Clths,Durbl,Chems,Cnsum,Cnstr,Steel,FabPr,Machn,Cars,Trans,Utils,Rtail,Finan,Other,UST10,GOLD,MKT
1973-74 oil shock / stagflation,-0.5117382982344985,-0.04797908505341908,-0.29112361229812966,-0.5900751836367262,-0.5879556254274192,-0.22012892864762412,-0.47006267960605996,-0.48644759457635733,-0.027535071028053526,-0.4107023076813867,-0.490781254680251,-0.5209680384871465,-0.48067178114125686,-0.41682603777522487,-0.5822982444903848,-0.5450112546665261,-0.44289001505531433,0.016430382703866542,1.3750000000000004,-0.46507549984195606
1980-82 Volcker tightening,0.46878946205175676,-0.1959066790304026,-0.04552329773104613,0.4230917132553669,0.3517119159424065,-0.06914174909863369,0.30669678670548617,-0.08655920800193928,-0.13302107738653102,0.00611912809789783,0.013697082458426157,0.03570149457779559,0.1060329007677876,0.25156129256441306,0.5232155978720445,0.18403794293088094,0.2979354524621698,0.1458476324156368,-0.2549450549450547,0.15111143425518092
1987 crash,-0.26464464734499993,-0.2521218062799999,-0.3042562339300001,-0.42313787934399993,-0.3408040560000001,-0.32139175709800005,-0.2795824407759999,-0.33852719074999993,-0.2589789322,-0.339903270592,-0.34459134261400004,-0.360671244032,-0.3603781159560001,-0.11398379116500001,-0.39150232642399996,-0.28616686800800006,-0.28364954875000004,0.02308228616801533,0.015184381778741818,-0.298527354747
1990 Gulf war recession,-0.05223687062137583,-0.15889247515469684,0.009885688324087427,-0.36423368603624395,-0.2311797189733299,-0.17413843725046418,-0.062399057092800025,-0.2455621677928449,-0.21093659958316568,-0.24758936746852,-0.2578052039458396,-0.27122158938319996,-0.2190160285336189,0.01486304515174397,-0.26161511136240156,-0.3025527643998783,-0.1740879096634953,0.014089066672541506,0.08238636363636354,-0.16540372459105124
1998 LTCM,-0.20187716572000003,-0.079476223954,-0.04993228584400011,-0.2853176866000001,-0.169840117984,-0.18742470560199986,-0.005106473662000122,-0.1949731473180002,-0.15955679071999995,-0.2677178666079999,-0.046914246015999916,-0.18439201996,-0.18985628986000003,0.04323435858800018,-0.15492343306400003,-0.2100129500440001,-0.10532079850600007,0.09413122274250041,-0.010273972602739767,-0.11826553654000005
2000-02 dot-com bust,0.10675041002492103,0.03925621113718725,-0.24732160112229995,0.11096806913270485,-0.0945007953577115,-0.15819523926364065,-0.17336342903167745,-0.12369475133078955,-0.7543003283549816,0.012469171904743837,-0.7902964112302721,-0.21605570524177287,-0.042805101565955406,-0.21430985161622407,-0.07032751849224539,-0.15382299336587169,-0.5969767560283785,0.3066576937390191,0.16223995336466657,-0.44994684480196634
2007-09 GFC,-0.27619666627744255,-0.5838916244792092,-0.4070838958283469,-0.5687488923069988,-0.6399029832533996,-0.5598910403991882,-0.30212599883893676,-0.49648468026357073,-0.7279822106997176,-0.5128660678744124,-0.5555845539001778,-0.6360084413140104,-0.5174426368621461,-0.37626122164731,-0.32020554190455597,-0.6974962878900627,-0.4996696087783715,0.1787573289433202,0.24900662251655636,-0.5031170717166413
2020 Covid crash,-0.18220808,-0.21839379999999997,-0.44879176,-0.26712143999999993,-0.27389748,-0.26915160000000005,-0.09724670999999996,-0.2595470200000001,-0.30082383999999995,-0.22720755999999998,-0.17756958999999994,-0.27828565000000005,-0.31853851,-0.21649355000000003,-0.1057884,-0.2874658,-0.1713848,0.08042828519996537,0.019859064702114182,-0.20216025000000004
2022 inflation shock,0.04528444131672549,-0.1752303194167355,0.7158079991882798,-0.3887275318505058,-0.4294005845075286,-0.12183853914840981,-0.004426035499372594,-0.26162003199891304,0.016414264659994515,-0.20326975949623383,-0.2838355461420855,-0.27990186307185494,-0.13946261203792665,-0.025504255284425792,-0.24066821171588038,-0.08997435523976094,-0.2565156320279668,-0.1834138309239275,-0.07039106145251406,-0.18772402772595098
2025 tariff shock,0.04314787615500015,0.018356097200000088,-0.08037523910500022,-0.27870279585,-0.15592782226000002,-0.16487314163199995,0.03746128640000013,-0.11759257737599993,-0.042841061439999883,-0.09810157724000002,-0.12697037770999997,-0.22772061705200008,-0.05412216611200016,0.014384533536,-0.11839518799999993,-0.09554472114000012,-0.07599332473699993,0.0442366254194817,0.1874538745387455,-0.08482986509500001
