date,60/40,Static 1/3,Uncond. ERC,Uncond. Tilt,Regime ERC,Regime Tilt,Oracle Tilt
1990-01,-0.05400014752882776,-0.03245344902746933,-0.0465521068574648,-0.052129404630568116,-0.04863032309648844,-0.055666775402294186,-0.057330926540019686
1990-02,0.010817811105778202,0.01187145563104563,0.015607128713164872,0.014001898276651945,0.01663521988612809,0.013419350367359023,0.01642231791795076
1990-03,0.01397283821746269,-0.011658661756829149,0.011775806952981468,0.009665307494805842,0.013658143611041075,0.015372712199016656,0.0022439612959896447
1990-04,-0.02322209949524489,-0.031046262905504256,-0.031158427930227158,-0.029613825975966932,-0.03021716462217851,-0.03795118517435419,-0.03614714253932455
1990-05,0.06925600375134076,0.03806368388718635,0.0632366034714329,0.06787371056039938,0.06503059153332845,0.057654367680210886,0.07131828733580121
1990-06,0.004597866680497339,-0.010785337257639898,-0.00708428352596242,-0.006982405434585492,-0.005337415345592346,-0.015879870960973073,-0.0045741059015196785
1990-07,-0.0026556927322046293,0.010218960927527772,0.005552303837230831,0.010064213425235164,0.0042895194645683875,0.001040590024876483,0.0035536562509427493
1990-08,-0.06700037038579637,-0.010693074400887419,-0.06163716443925839,-0.05990376909928493,-0.06490288784316306,-0.07057113609542466,-0.05188970586380096
1990-09,-0.02909002406759588,-0.020180187150794088,-0.04311203439291574,-0.04010161478872795,-0.046736773184961895,-0.03802061402698078,-0.03920082130003042
1990-10,-5.747100528006725e-05,-0.004835827421979618,-0.01731555334485113,-0.011136343387779824,-0.017436386552845545,-0.02929841290807726,-0.025282193367852045
1990-11,0.054814774916568054,0.03501545119064795,0.052322251525321065,0.04654441242841005,0.054046055551483216,0.042464997385229956,0.04022432684388837
1990-12,0.02594957598740643,0.012144922149026753,0.025078183075562983,0.022343366507947944,0.02635691824103646,0.02348184094348669,0.02030612437440488
1991-01,0.03529903323351736,0.02690545888887812,0.04216138451408504,0.03417410575718262,0.04291708434429024,0.033249549204729126,0.03269412733008995
1991-02,0.048952137344870306,0.010646201254081434,0.05050624549441609,0.056974025063707925,0.05278749756405889,0.047897274741488076,0.040263055510628164
1991-03,0.020440388752270288,0.010917703383649549,0.017698752352913804,0.023180701727368528,0.01756371608181441,0.016523031671737055,0.023959228077859194
1991-04,0.004984258454442777,-0.0008611717209620725,0.002082573145010864,0.0016381931967955042,0.002935581263407712,0.0036130534620462877,0.001585713687085373
1991-05,0.02637270767037285,0.014155501424677775,0.03371687001961629,0.031034095977535706,0.035626856266023986,0.026423762139074596,0.04129913070667092
1991-06,-0.029261048584660953,-0.007521851384974626,-0.02069507973455618,-0.024389967725186694,-0.021144105798828302,-0.03270091393284785,-0.03248623061857199
1991-07,0.03218366937959459,0.019826062294776604,0.031043231367564653,0.03894497666869334,0.03206235487818047,0.04237014658145936,0.04250170162041848
1991-08,0.029753735376271937,0.009283799891314365,0.017319624886227424,0.020942757971626633,0.016328978285198303,0.026437706979720824,0.026818493639520456
1991-09,0.005510184353567149,-0.00010845889326101894,-0.0014520731221223137,-0.006042123505145346,-0.002821193071031349,-0.005866459206151759,-0.006330981635282342
1991-10,0.01273495222880517,0.017307428985523562,0.010463488491209394,0.0114669597237421,0.010913326088979242,0.009278504004914935,0.008601199744928404
1991-11,-0.017873376801518903,-0.007620214031007193,-0.022356283685810937,-0.02163034406455564,-0.023573122276885267,-0.0242840064691992,-0.02646405529048931
1991-12,0.08900454076629892,0.05730223151748883,0.07846913105197037,0.08754165582203223,0.07864930980980617,0.09811488879077732,0.09059816726673046
1992-01,-0.016004619696987275,-0.020313287191968482,-0.0026693960032684078,-0.011887187173690798,-0.0007142738522283473,-0.013327113776686359,-0.00819423292541863
1992-02,0.011701128855296348,0.007484860954589303,0.017030856061977004,0.010945217124022862,0.017677049844933707,0.012588405366898146,0.01473300791847707
1992-03,-0.01888660390903296,-0.021309603132740457,-0.02147911586386763,-0.021551878466535612,-0.02193593861329709,-0.019280732857436738,-0.019883701983882767
1992-04,0.009044426179573538,0.00033963424651546284,0.012133680441075432,0.012766065727838968,0.01234680888469842,0.014004996827388032,0.012121201933386467
1992-05,0.01380882277839039,0.008565663767736717,0.010186877778759472,0.010163529641968188,0.008875816329197489,0.010986308901513062,0.010105250478023853
1992-06,-0.00428805973061601,0.0037280769802781025,-0.007144516513425426,-0.014355925697258874,-0.00895566868353191,-0.008881341046303417,-0.011472751881686038
1992-07,0.03892548087073153,0.03734877948427338,0.038243359719328816,0.043071955686730494,0.03825653722441714,0.0406648693007327,0.04119589881389914
1992-08,-0.0076068670512582995,-0.012249580904621523,-0.018912345295945602,-0.013536121637598198,-0.020040554141031165,-0.017014359761833103,-0.01848400232865927
1992-09,0.01816348658485694,0.014658095212073714,0.013057370206378151,0.010438560035329735,0.012555500206591356,0.011504558888714125,0.009104395132521741
1992-10,-0.0026415000248400586,-0.005253954568447495,-0.0018596113500247437,-0.0008524207978679192,-0.002808781612914143,-0.0029626076978292743,-0.004163402980170714
1992-11,0.024224516081615778,0.004183721440617295,0.020272448062731232,0.02049250215512364,0.021366357832549684,0.016152034025022067,0.005060047601053749
1992-12,0.020320668146126465,0.013901727277463237,0.017447590746149523,0.015332974043645614,0.018272400326376597,0.016762588343282654,0.011343842440161914
1993-01,0.018196900065622336,0.007252400429763652,0.013581704669701405,0.005454026636969267,0.015307991265599133,0.005727242341207935,0.009693755471118982
1993-02,0.014795678140922777,0.011750547266275856,0.011754230074720852,0.009213129265140164,0.012086193854014736,0.0058382738453521404,0.006922685866593142
1993-03,0.01741988830843492,0.011242948558621535,0.021429934157752233,0.02007372804192703,0.022252465613394536,0.02057839502901141,0.014548406224881434
1993-04,-0.015447413477103591,0.003927946972286812,-0.007569193966704251,-0.01814415930291007,-0.005665574590129556,0.0009093069369031211,0.0022705632333734323
1993-05,0.01743586456237225,0.03369581824030449,0.027988351652694764,0.025229148764647852,0.02889078164046416,0.03812465943254852,0.03774539761712788
1993-06,0.016085808789335077,0.017013746256489288,0.006428089087123661,0.00234776080438278,0.007859415873795397,0.006826266997067299,0.007996131710372254
1993-07,0.00042980400866074014,0.018445894094133455,0.007456632062573951,0.0025800692113373525,0.00946224986743402,0.017534762585525384,0.00189045282759974
1993-08,0.03728867630242182,0.013377590620902461,0.0255501414641684,0.02887414942285054,0.027675582186544558,0.02239086577271239,0.029176175435297318
1993-09,0.004174766373631061,-0.017895757101601503,-0.013917904033016954,-0.011225333297266785,-0.015854665001506486,-0.01073004598550719,-0.009953010262622316
1993-10,0.010726667675801724,0.014624205740431556,0.02505717189624657,0.023059538697916618,0.02712205872018243,0.02183344489880529,0.025089580432615177
1993-11,-0.019836947427441385,-0.004676956826067216,-0.006782536991988162,-0.011364673908111574,-0.005062298535988262,-0.01239118443998995,-0.009713721115184157
1993-12,0.013219998488979376,0.015884042398763572,0.02157006402777096,0.018726674912200376,0.022287001644272282,0.018783548303714946,0.01872613068896106
1994-01,0.024556303288594296,0.018742225829587338,0.023248430116272395,0.018625459331146385,0.022938164643995444,0.018171036571389167,0.020869203357226855
1994-02,-0.02536236113819397,-0.021545901820355737,-0.02032895704350826,-0.021743150248184018,-0.02001528612387312,-0.022417272907036146,-0.02026383025475718
1994-03,-0.042775256539945065,-0.0263721960676525,-0.03412494998931073,-0.036536277581230216,-0.033202188877176325,-0.03915404017267391,-0.03917770867249816
1994-04,-0.00021887206678509037,-0.007865076633157995,-0.0021044496614307253,0.005336404595303061,-0.0017626985916385429,0.0060049248399374365,0.004844651103477426
1994-05,0.004659632271665215,0.005914780137568333,0.003581248978855154,0.0008328637061520215,0.0035521959724824992,-0.00031109574196287114,0.0018878982480402538
1994-06,-0.01872545675759337,-0.006681491578620925,-0.015950318555081847,-0.01838184424428503,-0.0161705745465099,-0.02094153832173003,-0.02075543449174822
1994-07,0.027222540431156492,0.01664475708242212,0.023356961458985998,0.024881418828685758,0.0230131263344088,0.027046773378183744,0.026030406286959833
1994-08,0.02674863444899882,0.010632634800018163,0.026896184528524207,0.03266298420593522,0.027346020528782152,0.037918850190051305,0.014225279623100395
1994-09,-0.0208983713643048,-0.003717380632013255,-0.012271613958359327,-0.012074834007986026,-0.011134858936310754,-0.015263111111914666,1.1931378806330614e-05
1994-10,0.0077392899070876054,0.001840581467480058,0.00447605844399211,0.011148141493954334,0.003742017710525957,0.0034310936830000234,0.004921323296896389
1994-11,-0.02207903372223277,-0.017430306511329176,-0.028949085085355087,-0.02843877352326982,-0.02702556637028313,-0.023603740226799872,-0.02389226019986345
1994-12,0.012328848618142804,0.003767788667073173,0.009847892110658894,0.008733718246950841,0.008846301429894135,0.002602332902141156,0.0030243695917271506
1995-01,0.02253581550067408,0.01506764516875997,0.009514867569076532,0.014988278524650752,0.01039066115743062,0.011233569409549869,0.010233043898471473
1995-02,0.03734633717529691,0.022635439587834323,0.03187956117481903,0.03151477036801025,0.030082657576052406,0.020919789807635546,0.02126698654010305
1995-03,0.01886425256044134,0.01570546501778596,0.023726204822414353,0.02468988062571905,0.02231271647930554,0.019629924483781612,0.026254032465928702
1995-04,0.021355487768346015,0.021399149903659997,0.01878658084907224,0.021199061244496335,0.018302491908603676,0.017347548427817945,0.018664908944527672
1995-05,0.04545353856538627,0.02702915338911616,0.03254639746652768,0.035215680402707436,0.035002257849549766,0.028866268187004638,0.02552341634378085
1995-06,0.023866545115879677,0.017148751979687415,0.018271477696710375,0.016611122042883907,0.01876056382464166,0.018158456966230217,0.016282495864139566
1995-07,0.020069919492558867,0.0080689515916094,0.022209592283705566,0.02306560544693311,0.02246597090848468,0.02902201998539252,0.023688834983209422
1995-08,0.01321435246911248,0.007579667246991872,0.00392709675822621,0.003227448451007081,0.00467718050366851,0.0018845683600076392,0.0037700027803550464
1995-09,0.028058391781742815,0.016190629204186444,0.019697173375318497,0.03194434316420158,0.019471049493233937,0.01899755693780202,0.03153189869193182
1995-10,-5.747016578091927e-05,0.001675774046646093,-0.013744297127767528,-0.009568158816638007,-0.015717429675677016,-0.011872865734180383,-0.017072668977759015
1995-11,0.0363539766353351,0.024736225705458866,0.04064534383415613,0.042511175147929126,0.040979458834210794,0.04526553642352203,0.046437003204051426
1995-12,0.016520707454615986,0.012938440299345854,0.016412863212834465,0.020733286850086213,0.0164503213976779,0.01877105281511942,0.01710508502883926
1996-01,0.017396453296285832,0.020345041041400738,0.0244821362937013,0.02449256163667829,0.02560371275510318,0.02623537914631138,0.024740198477954153
1996-02,-0.003402128060273203,-0.0006924096082241624,0.006867533113879981,0.008932290091219838,0.009006930543587968,0.011891583946166016,0.012383837646183404
1996-03,0.0026903001784216916,-0.0070527603029925745,0.011966212723651505,0.012011973132829649,0.012593096438941983,0.01470491846789096,0.014535723833170306
1996-04,0.008042809076756516,-3.0816127268442514e-05,0.00928099690091088,0.008562572623458381,0.010904273252484388,0.006686170859438146,0.002088613893765993
1996-05,0.013478982715015022,0.0057486069824108045,0.01648129773896023,0.024225982843743523,0.01746574784330156,0.026848342264639224,0.012450717284175433
1996-06,0.0013233005036069148,-0.003636085984314763,-0.004826050507006524,0.0031983546577309084,-0.00411978658288556,-0.004278040682271531,-0.0037540603248892423
1996-07,-0.032820500543684544,-0.01990358699734775,-0.036231608592107625,-0.041818000920307664,-0.03382811591475116,-0.027298341356795278,-0.02852115493118185
1996-08,0.01679624244007505,0.012172479560960122,0.02433201577840057,0.024634266699950606,0.02260120403899937,0.01768429281767726,0.018230154524726802
1996-09,0.041875183579202745,0.022368137622985892,0.029190654814651076,0.035797466435957395,0.02713111705874278,0.020312895170420543,0.021105629219746957
1996-10,0.020145914579683694,0.012880127916117317,0.01278147501904649,0.015477676014176567,0.012901279998064894,0.011403340399376788,0.010789697215264796
1996-11,0.05121925754264759,0.028951442712909666,0.04090308778930277,0.046004557924279994,0.03813977298218606,0.028669542361179995,0.029950902621174353
1996-12,-0.016162166076137238,-0.019357566240119976,-0.013079751623478856,-0.00997047862169971,-0.013812661502094823,-0.01518223354065582,-0.011564773873973654
1997-01,0.03171331763777144,0.004762107361579353,0.02266062583563413,0.0371640068617658,0.019056800695533085,0.011191245178049999,0.023811679717358352
1997-02,0.000752343038864452,-0.006757230884380895,0.003772841801083885,0.004855265807849716,0.004328889237158382,0.002585644644373392,0.0006838081632308744
1997-03,-0.03556498527408747,-0.01719475292591459,-0.02807524109443067,-0.03189654206365463,-0.029464390448792392,-0.03163208773263854,-0.03585916486418994
1997-04,0.034840725153312435,0.013989918669818286,0.021677711574135405,0.031537335659889705,0.01920719973013534,0.015309679250578035,0.032939163266980646
1997-05,0.04698559926580055,0.027099270819888947,0.047097015930359004,0.053788905490868864,0.04827870145074697,0.056231286299269816,0.051431587336297734
1997-06,0.03364439923114952,0.017667333935285905,0.02926185994857886,0.0355014115113739,0.02989494966028391,0.0302243897756019,0.037528109252752906
1997-07,0.06307770083230385,0.023033046438306243,0.042329836213525325,0.04953854899910312,0.042438256700784285,0.04894231031082748,0.05357871850158115
1997-08,-0.02946268566539741,-0.01844850416281669,-0.022779289546922727,-0.03395017150999563,-0.022563441456823284,-0.034217759496842214,-0.032846285166252
1997-09,0.04325671794425892,0.025375208743309594,0.03674724882016701,0.04652807116287317,0.03719032881842855,0.04760768974017744,0.04603160804200094
1997-10,-0.009911054967127852,-0.000576506162935737,-0.02121778192254419,-0.023798329221235776,-0.023203107689646698,-0.02851272209282418,-0.027977910559563016
1997-11,0.021609668378977046,-0.007113232996802062,0.006117089192409044,0.022392411456977783,0.005159269510068813,0.024479532245118882,0.02271237303181299
1997-12,0.016093250912370887,-0.00815656343829965,0.003532369872721661,0.015584711141177095,0.0022606806345825833,0.0169988530146493,0.01497413432560593
1998-01,0.012043487906256945,0.009034755946424711,0.0018338226266913166,-0.0036784765727914536,0.00020091228072218283,-0.0038833175723460454,-0.0023738147842957114
1998-02,0.043649217029065254,0.03323191552924634,0.05237409474511182,0.05709329354191577,0.05433718411639184,0.061570993769105124,0.06268136972432212
1998-03,0.03124571136856917,0.01633276128303188,0.03718627181633193,0.04747129786109469,0.03861276087449951,0.050826540461299675,0.04859545206928322
1998-04,0.008592229412820996,0.018714657554085704,0.012875406335751207,0.005112874013907767,0.013447445016573049,0.00540832219787566,0.006852426863520252
1998-05,-0.01050795989974652,-0.01406001407934651,-0.015109422173602236,-0.011399289325172543,-0.01653260138650818,-0.0040176518785193845,-0.006736971695618318
1998-06,0.027080285217694677,0.008758709571529391,0.00612949885341876,0.01678996523168796,0.00569933021818627,0.01567227911358774,0.014802538477019627
1998-07,-0.012130245980960748,-0.00561958572866474,-0.026669114711906274,-0.0334156762218095,-0.027815513062715073,-0.03480432699147138,-0.033060147947453454
1998-08,-0.07798700713077304,-0.049198981858872996,-0.09481904651175643,-0.1111844757346753,-0.09921068374849458,-0.12173148365215324,-0.12008560365399182
1998-09,0.06090874090623981,0.045543372667237,0.048155857630985906,0.05001561476411205,0.04832916841266941,0.048847149352802606,0.04576437130860303
1998-10,0.03897404694820247,0.028368238765672158,0.0484114579944591,0.054666922592735145,0.05355097754926812,0.0547144961429152,0.055270656062977985
1998-11,0.03666139485812614,0.0176670949806882,0.02803192514830577,0.03704822186730771,0.030131742364598136,0.036965944182473044,0.03852617391803182
1998-12,0.04357069964202189,0.023146960108692178,0.022107363880614826,0.025215921091331892,0.02238669492525747,0.028502962834193235,0.02935802411885119
1999-01,0.024196514645770217,0.00805791443087512,0.005414528539006354,0.0023742760178201154,0.005595475893345502,0.010112554527378952,0.003326469327113517
1999-02,-0.04009177255938082,-0.02720615106757237,-0.025779761915310687,-0.026314453302322183,-0.024606527252815164,-0.02998643347931752,-0.02094839018040578
1999-03,0.026445404674805367,0.014341540392549734,0.020951988340378105,0.022154308936306447,0.018834888818493316,0.017917755641124727,0.01665618330831123
1999-04,0.02664825885453491,0.010851564939513772,0.06386996277249898,0.0565088724853266,0.05802672851710453,0.04134508013151022,0.03834783032125089
1999-05,-0.019370097396409595,-0.020863439765121308,-0.021609379204503655,-0.01642302529277256,-0.020575020616645675,-0.018845997287889403,-0.019735096400056728
1999-06,0.027826826023506362,-0.0035450113576342415,0.0051107354767102875,0.01232346290097804,0.001111468797287518,-0.002476704404628193,-0.008577501185290945
1999-07,-0.020009205776558497,-0.01790399667894362,-0.02295598825517949,-0.0242173124114984,-0.022283649078429838,-0.019107715667063097,-0.01866709534362215
1999-08,-0.0056928605754338266,-0.0018077517455615541,-0.010377564640603241,-0.01191258194341327,-0.009150456583619232,-0.006151844296848398,-0.004324605343729117
1999-09,-0.009913684883251329,0.006078590438068149,-0.02158397098016761,-0.03437718388556374,-0.01862169874927726,-0.020389812108812935,-0.016456907289016127
1999-10,0.03728857733543447,0.07812282210201214,0.051008458903272914,0.05202214393120236,0.05616485699929741,0.06744673131876948,0.07892349770819335
1999-11,0.01991004105287088,-0.009025431836656309,-0.009562519155755171,-0.0006817288769697087,-0.012000632938985949,-0.012173844052278806,-0.016196945122642453
1999-12,0.04282216722652056,0.010780887555705172,0.023205994198134388,0.020731230462816237,0.019184047428328035,0.013118703506806008,0.009130743092110247
2000-01,-0.03045711177871571,-0.01700849450756706,-0.021913426903815387,-0.02781920977182934,-0.020072871828859966,-0.018310830158866052,-0.01422505248488336
2000-02,0.027097444648143135,0.0365334934012855,-0.017174535868472496,-0.02882878097978246,-0.013710046051577461,-0.00216280328579073,0.002525119295055732
2000-03,0.04773590121617278,0.014745047974426169,0.05909709896062324,0.068470065759872,0.05391341276660105,0.04415575724563547,0.03661518890997553
2000-04,-0.03943035432496543,-0.03000907482181468,-0.00454184994704516,-0.006399748834416485,-0.0047762522029292315,-0.012648941740928553,-0.013067934880285091
2000-05,-0.02303292594382895,-0.018665841594610367,-0.007781647252554714,0.00331970033650411,-0.007396009539524754,-0.004049201578891203,-0.004558582759536815
2000-06,0.04024034623207881,0.03840189635331364,0.0070317200231570206,0.00824066009822105,0.009113457097033581,0.015319538026926505,0.013839176864454598
2000-07,-0.01029430758686764,-0.009906642102896285,0.0006210236377915295,-0.002415450169127322,0.0006752622559243873,-0.0014757340599136,-0.006971070596273911
2000-08,0.0564666785110817,0.025604365894042087,0.04319014009898785,0.04589566410043309,0.04596900950513734,0.05138968290092951,0.04786802024902798
2000-09,-0.029775254831501324,-0.017195558868714947,-0.010268054661435728,-0.0023581445941361326,-0.011992588130269696,-0.01054137150557642,-0.016812966218360998
2000-10,-0.01050817394648043,-0.009929477212968232,0.00017038461411400427,0.0038206286736797157,0.0009187888918155512,0.0006875289057945519,-0.003270183772868298
2000-11,-0.05044291668911032,-0.029991192565848226,-0.02296446419107267,-0.024786734567321958,-0.02326976763532681,-0.02264403529063694,-0.025585893999433965
2000-12,0.022947108178605652,0.022586622764905535,0.04338419377311651,0.04385592165676993,0.04423699121362426,0.053059229458177856,0.04847405881912916
2001-01,0.022292020621150918,0.004879137801826019,0.006577587628166053,-0.006859931587410753,0.008848363135709286,-0.006887462726499828,-0.005724005467665844
2001-02,-0.04778848902776605,-0.02752793773028512,-0.024900154938959182,-0.027302676172203645,-0.025183265628461845,-0.02587216826527947,-0.027199738305125495
2001-03,-0.039696841963630554,-0.02042774710050004,-0.025075489744665055,-0.03241755279835535,-0.0257445493863369,-0.026023929301487298,-0.03047940398299796
2001-04,0.03873714705578543,0.014601690963422616,0.03995341645069871,0.04442613521874783,0.040462352905872724,0.04273523236490639,0.04664533336255617
2001-05,0.0053159172157139795,0.018137619510120273,0.018442387010124975,0.016207505379820606,0.019915698347012033,0.013534747005290056,0.015185329785183882
2001-06,-0.007850403124698318,-0.006242505949582662,-0.01975101409599245,-0.026456945065863692,-0.021202360184076955,-0.01875287917901378,-0.021879140616249362
2001-07,0.0016251697977953746,0.001935810423723516,-0.00030013344231976025,0.0005616871410863205,-0.002023881074181211,0.007156599124877268,0.0025738270343775667
2001-08,-0.028004793928522016,-0.008213600436635547,-0.017480438236238755,-0.021217901796656877,-0.02007014067609601,-0.02807081389966982,-0.027227780989097478
2001-09,-0.0442823070239533,-0.00849714185834715,-0.0634223046675796,-0.0624678006399437,-0.06950240664867864,-0.06983362231558295,-0.07301767517757156
2001-10,0.027296173898749006,0.01822504213593408,0.029924075058954832,0.025854499327980424,0.02948306743407426,0.026533438500053196,0.026091905050692244
2001-11,0.032609538970888405,0.006083139476682884,0.03586750658226831,0.033010515692773766,0.039753458487360276,0.03826981724562447,0.0380554983056187
2001-12,0.003160733253312596,-0.0003125995203046437,0.014551923370061396,0.016799655780144356,0.016272938841280973,0.015906187326519244,0.01911086344995695
2002-01,-0.006122919185594958,0.004312262704448287,0.004384116836731316,-0.001168226742792907,0.004723343052050426,0.005099383796451848,0.0020281199176220414
2002-02,-0.005417358017996066,0.015641427929179563,0.019326191252048232,0.016421400173607083,0.02025356786678815,0.017376564988165942,0.0165044200209996
2002-03,0.011429122781862675,-2.857869256040157e-05,0.029356767870043765,0.03457525671621761,0.0324921936650259,0.029147944326488952,0.0383339794720303
2002-04,-0.019028514905031393,0.002780135528321038,-0.004029587905237052,-0.01158362903851308,-0.004832308356875772,-0.013802245590015132,-0.012709650787468121
2002-05,-0.004719824581115308,0.010189644599159952,-0.0004888459451155645,-0.006739561059131686,-0.0008757727004231824,-0.009690592132047102,-0.00865553689876214
2002-06,-0.03405356746387565,-0.009128892447481208,-0.027436704409681316,-0.03480384928110784,-0.028541155323487274,-0.041022582114086416,-0.03897044464782213
2002-07,-0.03555916086056472,-0.024553108720805933,-0.0673834038977896,-0.07193755446585773,-0.07129439162251842,-0.08010678984456274,-0.0782359261447996
2002-08,0.017239005559650866,0.010110251991842201,0.012029425912635651,0.013947324925304224,0.011046333711755832,0.014326126722395579,0.01345575203762482
2002-09,-0.04296727897823396,-0.009135492496266336,-0.05139768198383288,-0.0575199856321217,-0.05303863546123662,-0.06568910585494106,-0.05343630498648951
2002-10,0.03925761116988752,0.017311379367543147,0.02299389795678431,0.02816381910621078,0.02575090209556766,0.026918528555294356,0.018506686428352983
2002-11,0.028434130556206746,0.015655614277398814,0.03585712015840269,0.026658889626583145,0.03688453900002825,0.032597470595430854,0.02738138944789684
2002-12,-0.019750522865233357,0.00654030707523314,-0.007816734142528025,-0.011457528845112478,-0.00963450030043376,-0.00886959173816539,-0.0030006045527876442
2003-01,-0.01909876552233657,0.01328692024393817,-0.0178701864388922,-0.02506278738495785,-0.021706420861200094,-0.025938713459061905,-0.018381323088661188
2003-02,0.00013963082519754218,0.004924388524945691,-0.00581953372617817,-0.010184680606639516,-0.0056694728112592335,-0.011515293012198691,-0.006652718200655755
2003-03,0.0044308586236950585,-0.015002099799745611,-0.0005443814454209826,0.00625205801876712,0.0012113557876084345,0.004134170778818538,-0.0026515636252639496
2003-04,0.04899085867994381,0.014295219032505628,0.045601436734771496,0.04716231856215991,0.048410463948006105,0.048533381496451325,0.03790235817985503
2003-05,0.05551839628957625,0.06446045904809425,0.06522516743563833,0.061922857977354105,0.063503940164815,0.0647130382307489,0.06691743571961013
2003-06,0.00459306444741851,0.0012848312932939188,0.005492479342149972,0.007537805595956994,0.005415806056802463,0.0071453258544978675,0.007588228609246554
2003-07,-0.014573786911720201,-0.02082592933060421,-0.00017070065019211692,-0.005794844871577057,-0.00012419129850593425,0.003763148921013071,0.003586883788278453
2003-08,0.01713308889137331,0.018826435835312745,0.02942755102885341,0.022800618559483624,0.03041031148261688,0.029523196687139715,0.025410330536859625
2003-09,0.010463213278529717,0.028243341193527435,0.005154008024484245,0.003013721014822181,0.005230221146762751,0.0016575075511560595,-0.0019345872383026569
2003-10,0.026370403606477917,0.01171438786445497,0.04442911603706619,0.04214856586957933,0.04519421623859347,0.042618596164684226,0.04675603916333565
2003-11,0.009612970758970288,0.015315921049277507,0.018848482768319578,0.017500800378436033,0.019206602966938727,0.017281907308429646,0.016276797719547587
2003-12,0.029907102107650206,0.032163381222735085,0.04403253836361034,0.04540181522926025,0.04452472469246222,0.043099365543315026,0.042636219366391434
2004-01,0.018276897151735586,0.017260836355053967,0.005435867846056127,0.005106739680758548,0.005587338117864476,0.005825586508428648,0.006717313247416331
2004-02,0.015667521783815,0.003376992834390162,0.020584789642886694,0.026175048235277238,0.019901621281279345,0.02659520288634887,0.026028566195308595
2004-03,-0.0018000473347945336,0.0021782888227773805,0.001175665532479639,0.0002789145325702931,0.0012458752456213943,-0.00036869908061076795,-0.001233001984041318
2004-04,-0.03032220339990798,-0.02566142724404872,-0.02585845281521776,-0.017423957272452165,-0.025365479415804294,-0.01955791050961765,-0.0209792464708466
2004-05,0.004845961680152218,-0.013748882518151657,0.0004991643235071144,0.002650945802280382,-0.00034634484441444554,0.0030748820715372086,-0.007755899370047104
2004-06,0.01438802514104072,0.015696426302332325,0.025146383221508545,0.022194110491787936,0.025447746262917643,0.021894725643724564,0.025349422057942942
2004-07,-0.018298456687437764,-0.0035814941866395907,-0.01528866574358445,-0.022473459981821996,-0.013933272871433734,-0.013572785702626025,-0.010646446879501071
2004-08,0.014503900972451843,0.014290978502804128,0.012098517416853418,0.012693558706189588,0.012293365096456692,0.009465233740987122,0.007559003275214216
2004-09,0.011302743244318224,0.009892755379670656,0.01981496141752541,0.014645642309364602,0.01903829917623363,0.01870463117901051,0.02101149984038411
2004-10,0.01347109742551694,0.02102227411880492,0.016095416010393347,0.014956257369902082,0.01715666432090034,0.018764638732536504,0.015263898066259409
2004-11,0.019530937206339496,0.02354510675885004,0.04040540318049328,0.03808490465352586,0.03996401638366704,0.03993776974911563,0.04019914650534407
2004-12,0.026762474617763207,0.018607882599999456,0.021628560077074453,0.025705461512909044,0.021848359506547774,0.019864500354760777,0.019185374276786578
2005-01,-0.01090820293876511,-0.018353866923924968,-0.014912579445565713,-0.010880203212507355,-0.013903814648125661,-0.012931603666274338,-0.013167584399005224
2005-02,0.006582359521915355,0.0012914596068522354,0.023295264144969945,0.030370157867300365,0.024457054556069148,0.038854831050808135,0.030928678387145726
2005-03,-0.0133792201079107,0.00040175745478509493,-0.01323565230147163,-0.01447252583325803,-0.015123712913386992,-0.017134235802566983,-0.013764647342034225
2005-04,-0.003578333098169435,-0.0028392055290649356,-0.021362609269705773,-0.0163425916042509,-0.02195562409655045,-0.027889905983082646,-0.019488029637642266
2005-05,0.03154576650173808,0.014364736111900612,0.02757184481291959,0.028331065546413986,0.025738976422533016,0.019409538292431455,0.02542101909922639
2005-06,0.008141368640873697,0.01252460824652823,0.01480257125847801,0.014053661359058224,0.014225309587657331,0.01819778863755641,0.014861347229520231
2005-07,0.015376638644007493,0.00046028941878271034,0.026336521721999538,0.02960011817329264,0.02755795029095568,0.03513470972378206,0.035076379487112265
2005-08,0.004440240415509188,0.01619973553095511,0.0028698502289292117,0.0014287616444762692,0.0012198889172297582,-0.008057894847294036,0.004993807977805981
2005-09,-0.004278498036336359,0.008842014681632338,0.007216747418081395,0.010446897007818768,0.009321381712091313,0.002070045724660791,0.015825118494923466
2005-10,-0.016454640959674714,-0.0005407629188697084,-0.019328455452581675,-0.026773394241676754,-0.018172455440089497,-0.02031088859739936,-0.02369366033509029
2005-11,0.027580650302439315,0.021392349035950237,0.029437336982863344,0.025414877177249967,0.02976401923817696,0.03035066342862467,0.02936934890596247
2005-12,0.00515466655209054,0.02722066443776281,0.016504360591346454,0.010689673018368887,0.014334852653375496,0.014341348909106905,0.025116399576284955
2006-01,0.01730552021858656,0.034903466847643554,0.0412129873601051,0.0381535298301211,0.04188709306467901,0.05023325876800489,0.054829448075285545
2006-02,0.0011025955932775172,0.0038664219766200722,-0.0007230454178751843,-0.0037878104857618244,-0.00014124558027657337,-0.003530979422782354,-0.004509631845266812
2006-03,0.0028898142654971747,0.000539219448613761,0.011706954673496531,0.010974854365658203,0.010398498745930091,0.010825364414541405,0.010940476376901142
2006-04,0.001662215354099267,0.03188512722664374,0.020350914034096015,0.016737036016734107,0.022644119414173863,0.035753747369375914,0.009821020170890414
2006-05,-0.018638457396061084,0.02456154576067129,-0.0023601901517054974,-0.010120866670003979,0.0016506976046940412,0.013264142316903382,0.015757472531863263
2006-06,0.0010722407705453592,-0.03825369947392239,-0.01376341769428683,-0.003957469459927994,-0.016319415599559416,-0.0022370707186253284,-0.035777734174321715
2006-07,0.004454784684608293,0.025520865982983743,0.00513849229941722,0.00839050236509337,0.007896669440177558,0.02044230471819134,0.02279880588768995
2006-08,0.02419552956264896,0.015530360399815986,0.0169456323321496,0.016244320149583297,0.016725973621411167,0.011386540675304343,0.010562919527416665
2006-09,0.018230376338740382,-0.00700127209049353,0.005175642547320548,0.005175527954582412,0.002757787820421985,-0.012097655231479276,0.013537630202449216
2006-10,0.024269425476841903,0.0074513242623137094,0.031026318243116538,0.032849934261708034,0.032676252943186435,0.03961765129546893,0.03796328389807002
2006-11,0.019012498947589933,0.03618659162074093,0.03334688411228704,0.03010517799736925,0.03465803532218166,0.025875538987710434,0.02590377400952424
2006-12,0.0011341401273594117,-0.00010027288100819204,-0.0019684209244688437,0.0017119041395794567,-0.0008467179049447489,0.0025606927189304016,0.002373762306200586
2007-01,0.00873274158668753,0.004773103804991188,0.016560638751969694,0.015731047035229963,0.018190870835631732,0.018783652409190214,0.02104400956274497
2007-02,0.0006605276393229155,0.02114397597378567,0.01332741863563247,0.0038402736725903644,0.012582058460220286,0.0036949099621966888,0.004953062466245248
2007-03,0.005510953485825559,-0.0023365041242452184,0.008244430567303283,0.014712184177729758,0.00900012226830168,0.009392709121449043,0.011278208276152226
2007-04,0.02575516757587958,0.027119638748537497,0.034408585329123664,0.036880916220531725,0.03508292447007291,0.03611647371496204,0.037465236114947266
2007-05,0.014968314861136069,0.0005137157799660026,0.021143479038302486,0.02805359496809578,0.023635772779493646,0.02698818999112029,0.02591560855771353
2007-06,-0.011767009378399258,-0.012711255537749946,-0.012670693344632916,-0.014769754047993237,-0.013068237040955949,-0.015239409832675969,-0.014143696806538411
2007-07,-0.01042210305515832,0.001420297515865515,-0.01370029395746336,-0.020700987180820793,-0.014151613887170436,-0.022782897875106744,-0.007457561025291826
2007-08,0.017329995437033004,0.012170882029668664,0.008744723621828022,0.011844156184436983,0.008863775222714297,0.00863632050978656,0.009007500718419032
2007-09,0.02117096841515697,0.0357971270509123,0.03311300200382615,0.03724392215143863,0.034036846994942915,0.044579087601595783,0.039551030240541164
2007-10,0.01766950872996564,0.030830238612207888,0.028067329209867528,0.027781211054727972,0.026254523779815193,0.029196941326675302,0.03225094073639365
2007-11,-0.008680863852975534,0.02269863657378012,-0.010463520593581669,-0.016649927271362105,-0.012974734330040979,-0.02437579715822809,-0.012298885857071179
2007-12,-0.004578556978703044,-0.004076504774854428,-0.004842668866640767,-0.0009635139757850184,-0.004868320488374815,-0.0005472949022500756,-0.0007406933368244563
2008-01,-0.023164769181720064,0.027010599356421767,-0.01258174641766939,-0.03248010888211409,-0.015805604278656477,-0.026045239702426736,-0.01160446102657268
2008-02,-0.011920408955174799,0.006944538366785394,-0.00021617528963815863,0.0010742518506492752,-0.0009905565427968206,0.004019639788340256,0.01002878372445109
2008-03,-0.0007912665437764492,0.017240144409801574,0.0073427674821866535,0.003118433607556257,0.005658270982262094,0.00133665169230239,0.006360069953396247
2008-04,0.019374623896036936,-0.011830538115047931,0.022950806240709522,0.03156493141141811,0.025104160316069445,0.03599969632879443,0.020584370669985304
2008-05,0.00413918742919898,-0.0076851069785371035,0.011964015142046069,0.017715655169749163,0.012313590660990912,0.019915087170003922,0.014445874405913741
2008-06,-0.04594659112362209,-0.02452932168298638,-0.045351556472833184,-0.04266110098541736,-0.04594773573127623,-0.03911112639405401,-0.03203073741528002
2008-07,-0.002304590032627945,0.018192792943717805,-0.004883832311800638,-0.018955815463637827,-0.007109879423056165,-0.028062677539553667,-0.017653523188254385
2008-08,0.01652606212685967,-0.024837337488695533,-0.0014848332147458735,0.0023688048417941695,0.0026955037306933202,-0.004147368206890648,-0.011582891699002895
2008-09,-0.05457769496258482,-0.03378728345928735,-0.07208807063661782,-0.07622356226912504,-0.07251881601152783,-0.09049618697644722,-0.07654057232224822
2008-10,-0.10666666520796109,-0.06960090327848872,-0.1313842183675254,-0.13210069348622971,-0.1316248135199997,-0.1344538873407094,-0.11454524534128444
2008-11,-0.008043367030251986,-0.012868623689170562,-0.03349729550718846,-0.026298725524647272,-0.029645592846635725,-0.028367348916942637,-0.0509390396743155
2008-12,0.03558938590540178,0.05078877044416921,0.04176903230385114,0.0322580769410855,0.04172771700534656,0.04002662243821192,0.030740379659540174
2009-01,-0.06907725078022904,-0.026525250928510876,-0.05817314464502584,-0.05329643813753274,-0.05852932449171052,-0.06321332732395074,-0.06814120682316308
2009-02,-0.06494347664140211,-0.004694200821038331,-0.05370938062172973,-0.0597781425649524,-0.05526642921989734,-0.05988623663405703,-0.06761546335996137
2009-03,0.0658714333692055,0.03307109372469716,0.06387853250763718,0.057193516507619994,0.06521078612623553,0.06673373330453151,0.07316045248091835
2009-04,0.04674104855054333,0.00969100578367441,0.07243161949373997,0.04875889075540548,0.07841994002493466,0.0787278029061453,0.0859978628162642
2009-05,0.021936743139794674,0.024182512782231453,0.0314648592597611,0.038753343568751,0.03669211326025314,0.03291240986806552,0.03324523085340897
2009-06,0.0017167300748368178,0.006809450792282237,0.002097108563179253,-0.0006626545354297224,0.0026846172343579244,-0.00016337015810344345,-0.0007505036205981355
2009-07,0.04800676625470436,0.022854546114429438,0.05684999586015671,0.05394609142996091,0.058541484891426916,0.07123773763329501,0.07308199767515677
2009-08,0.025200023786604304,0.020769484745182917,0.023462248571878463,0.0197968841654735,0.023555593454785154,0.02126694080310583,0.021785048771212494
2009-09,0.028688347242010342,0.03394840386014603,0.03885017788261277,0.03752466186113686,0.04124156763541132,0.04025011931541997,0.03678045253258978
2009-10,-0.017429070087197532,0.005066735112271229,-0.010951383498551523,-0.009043240568534623,-0.009367950722125155,-0.011004100046070825,-0.017320665382692647
2009-11,0.04165817929761322,0.052151198419452836,0.0542176792225421,0.052369839258541544,0.055479945484995574,0.05211780409313969,0.057250644762848676
2009-12,-0.0030202169878819187,-0.004843401053461107,0.013077091525526762,0.009776941514167768,0.015521518895009202,0.015118644842528171,0.0119607203698574
2010-01,-0.011570794131735283,-0.009052779937542362,-0.021832766608524814,-0.023033844376426763,-0.022008180664233327,-0.02447843426046877,-0.025195058053909192
2010-02,0.022191915072776597,0.0059860892622722985,0.02758094095562294,0.024521443319287746,0.025915567462580814,0.014148679213124448,0.014690520826255247
2010-03,0.03152498580101522,0.021219511482442725,0.039066844454972,0.039069143782960426,0.038097488673346995,0.0336848033321172,0.03380222022829161
2010-04,0.018197639471530778,0.022613925650442835,0.024588693503278896,0.019170002812884883,0.024785422151930987,0.02480148279434409,0.02494617784716699
2010-05,-0.03335121066343063,0.001597883742857184,-0.03238990643032141,-0.042902413680782035,-0.02961407264590398,-0.02055652691172377,-0.022683981095335058
2010-06,-0.020630998899522086,-0.0002175266446914324,-0.029637529027403495,-0.027743440358614417,-0.026686131145047424,-0.014073237988794637,-0.014702814327618505
2010-07,0.04356366703926372,0.013930582100225304,0.046027689780889766,0.048689978615274215,0.042563034800573496,0.02419459201936088,0.025736806669105803
2010-08,-0.01121599909130185,0.005005641110064879,-0.011490045286087812,-0.009482191971242717,-0.009112945040013113,-0.002881719593580365,-0.021490096603367977
2010-09,0.05605681331625644,0.04585416028734323,0.06618970684914972,0.05983127768621704,0.0632083043278402,0.05510715319844985,0.07850093672598471
2010-10,0.020618018199587078,0.029339607008255202,0.033425693714771186,0.03299467653426811,0.037460390759185815,0.04047396743337691,0.03874987379194231
2010-11,-0.001733191065663149,0.004502058784604762,0.01326809099360183,0.009167501929647895,0.015510063784520458,0.021465819222866726,0.020652283032126646
2010-12,0.025447563758601115,0.014926677263458237,0.0349546550106701,0.037494555012599504,0.038360999455356655,0.043284108331608534,0.04239528619244704
2011-01,0.00899426942063167,-0.003245358541736775,0.001156561036901438,0.0028001981568086653,0.0017371027803019098,0.0025082725262292743,0.0037123879962864766
2011-02,0.022070306238672423,0.01624183089235655,0.022467006899135143,0.02711090678261303,0.023447477947461125,0.02740225346420495,0.021662969804606844
2011-03,0.0022227002048491114,0.012720467878565055,0.013103708111186147,0.013863515698717669,0.013688864484396497,0.013041733427700822,0.017812971585420903
2011-04,0.023589078325149358,0.028396384994062253,0.029610560199120096,0.03165374845220949,0.02950452571329365,0.03082282649705078,0.03172041871257581
2011-05,0.0026640925943690855,0.011534758283721228,0.0025982425328789993,0.002503005365602331,0.004121822769279838,0.007395388648729956,0.005381274712469259
2011-06,-0.013830220196397881,-0.005103981612180334,-0.0071022460956429,-0.008157273349808527,-0.006596274747758804,-0.004031962629499081,-0.006352402901790541
2011-07,-0.0006616430373500432,0.012947790686561904,-0.004799233741039605,-0.005213324923291404,-0.005681391176426179,0.0014089670943606076,0.003665288324474284
2011-08,-0.013888188987769614,0.03775224699203147,-0.005946368555224,-0.00892147964029369,-0.00998295130514975,0.00313520538196238,0.013108932978357973
2011-09,-0.03362990148372419,-0.012966072285666257,-0.049738470126760206,-0.04625630716535279,-0.050205037859811646,-0.03398241959512963,-0.03200834087639848
2011-10,0.05970152052896708,0.010922174762354353,0.06819381587337008,0.0599805495582326,0.07074260428779834,0.04546524362612234,0.03466189984149854
2011-11,0.0022687148817022032,0.01691039057194941,0.008121908315738377,0.010923165987913933,0.006969579241173927,0.012603442066219852,0.015230576320348682
2011-12,0.012031997437531588,-0.010216822700347399,-0.004087905348754334,0.0027620674333649993,-0.0013341442077153902,4.9635943866967625e-05,-0.015308990514002828
2012-01,0.03309347201381159,0.021975660884370918,0.03802866171248115,0.026324719406577223,0.03583150273191722,0.023988148676924906,0.037290370156199154
2012-02,0.02173660899643466,0.029080854556018745,0.027125510742623513,0.0245641235527748,0.02692327639323584,0.0332795213442197,0.03016869472728845
2012-03,0.01050752245098413,-0.009631896910475364,0.0021464305486133526,0.004859199430293056,0.0028333312891441493,0.01370290748365208,0.01630377303003332
2012-04,0.005679354147396745,0.0007641998525482279,0.00039099672430891266,0.0034695882024331007,-0.0010923852045655635,0.00026783750443924156,-0.0005789873638500404
2012-05,-0.023159838130939855,-0.02116707778179792,-0.03687802925190231,-0.032475572904043015,-0.040937297955333414,-0.04192477921658352,-0.04339464670072784
2012-06,0.020921248450032733,0.013047281570069139,0.015156552786419232,0.021068382903456844,0.015757289163834377,0.02285006815414053,0.021612206412464117
2012-07,0.011154662460217983,0.006934771870296058,0.007971781047397094,0.011188802184504658,0.007581956657824344,0.010729779412751458,0.007156265554623247
2012-08,0.013604398729625333,0.014610826850861857,0.016510216371926466,0.010902749829593529,0.01816309390948055,0.021291631744519316,0.01968743257411253
2012-09,0.014036516526298946,0.030646015010248433,0.025183034149489348,0.02249648561538433,0.029236707676293862,0.02825860299139985,0.02507675809881954
2012-10,-0.012504609283535648,-0.007138253695981262,-0.0017778363415185481,-0.004524756926062463,-0.001535982355635278,-0.0015330185331563326,-0.003382991780407398
2012-11,0.008959600617264373,0.0013753844312325502,0.007079841543285762,0.006717096039432709,0.006760620134822729,0.008637622027320886,0.00952810739206361
2012-12,0.0018845187270875579,-0.0075858570786554395,0.001582947113147948,-0.0013902635862654458,0.0024368196548846272,0.0033321595533201947,0.004540789781013821
2013-01,0.02541634710662584,0.009318257198485629,0.02657908813287249,0.03338006954481086,0.028497020151308314,0.04144380042334742,0.041632563732876535
2013-02,0.0130089282633023,-7.094594989002709e-05,0.005446872120093073,0.010651252659968203,0.004991413969955732,0.01308168456199308,0.012267509083563364
2013-03,0.02559084599248088,0.0074066319941927024,0.0224628278505812,0.028694401997869257,0.02311468778592723,0.0350939665800856,0.03453759186396369
2013-04,0.01615181838607328,-0.011126381377091245,0.0035317303668504795,0.011058787287879589,0.0027199099546585366,0.0162092538447713,0.015995643392246264
2013-05,0.001020360532239462,-0.020434462445360818,-0.004057794979331906,-0.007728113698679087,-0.002224489060642835,0.0008870460076930923,0.003940740643437902
2013-06,-0.019070218979829523,-0.03064370664599391,-0.024989784119264544,-0.01852020501401978,-0.02492876374166558,-0.016081978078413946,-0.016582661328587645
2013-07,0.03195210759451447,0.0030513647628282107,0.02535622808317053,0.031989223430097115,0.02681702131005827,0.04038616162029289,0.040800245043032965
2013-08,-0.021617727330830155,0.0035852814589924045,-0.011781263845347499,-0.01995570473153253,-0.011630914715294123,-0.02365245280035834,-0.0008856831200363876
2013-09,0.02839951130047699,0.016610715634687512,0.028566373089981983,0.02661539246660896,0.029456483368860812,0.032036433702709574,0.03242797109002567
2013-10,0.028329220319364197,0.008740831224442865,0.025402168281119263,0.03146105567060633,0.023292843245617957,0.012162920614451475,0.03525404367492947
2013-11,0.013292825711641629,-0.004500413027648523,0.0059325066665788075,0.010477730743463786,0.0067623102373990775,0.015200069130034247,0.016937097271098763
2013-12,0.007893696598398925,-0.01222545706695466,0.006344665075642456,0.010998400764591175,0.007739119189790495,0.016497641844633038,0.01619530914616465
2014-01,-0.006104905704440206,0.006431464545370468,-0.014021068602139324,-0.020490686042622268,-0.01642084991478166,-0.02637514975014436,-0.027123430195156943
2014-02,0.029172100291379902,0.03154570927283034,0.03737598372995071,0.039511633058009185,0.03880335215957899,0.04157421159612311,0.03840189772831192
2014-03,0.0010332356866035663,0.009371838929669791,0.008189819762287416,0.00981063028046615,0.00870923657884948,0.00880208977713335,0.014774396907518542
2014-04,0.0019059615081174564,-0.007603230146297043,0.002924858107365498,0.009253201408787787,0.002137142094854438,-0.003336624515849407,0.00024834391366079924
2014-05,0.019831831711290476,0.010786407416240752,0.010515509615024444,0.014087205987495962,0.00998015799817311,0.007617658531620295,0.007384896577770164
2014-06,0.014681669515775741,0.005302599986737573,0.015285222309293977,0.01823830108135901,0.014534867167239502,0.010851168520399676,0.012793012736882103
2014-07,-0.013086814095352353,0.0008112469736430881,-0.017210609678382102,-0.02591445579072018,-0.01574070638265467,-0.00902282169988255,-0.011144374675621132
2014-08,0.034389515301038134,0.017508976700971745,0.031987170203257975,0.03783432088143886,0.03044727541630217,0.021137439757677318,0.022382058718969276
2014-09,-0.01691755738512659,-0.025778263817374112,-0.02763730970244563,-0.022866048765087302,-0.028008077742702166,-0.030689612147095244,-0.03217882867169947
2014-10,0.021881613541308586,0.00999728222589413,0.01699225382676447,0.020729134936544075,0.016613652196308892,0.010563036051566211,0.024367676414772145
2014-11,0.022175330983893262,0.0013775214155987044,0.01296012483716155,0.01717876032587149,0.011244170711981262,-0.00023721044096412314,0.022556784659109538
2014-12,0.0007788205733441184,0.008080185316564195,0.0017390735554466395,-0.0002664685328830971,0.0018674001368672148,-0.0016327219040413793,0.0009945460300251974
2015-01,-4.2683589594602854e-05,0.018998689080249886,-0.001696853997030961,-0.00422199093692903,-0.003934861783564489,-0.012818344581619606,-0.01239697405637814
2015-02,0.025850038367262785,0.00492142927112721,0.025320609402746906,0.027486185018901745,0.0273917773984598,0.036007740034755945,0.03605855862391751
2015-03,-0.0038688099450161734,-0.014424087459161416,-0.011862325278490559,-0.009754944357341918,-0.012553162007853488,-0.009399898038581402,-0.010428182066579136
2015-04,0.00024983386977524887,0.004867554175293967,0.0056398791611631345,0.0032595768418672137,0.006172303601263974,0.0031617767337135355,0.004288916747634215
2015-05,0.006405889134987638,0.0030506208019147898,6.156693371742827e-05,0.002655117802032872,0.0002627122385001142,0.002065271839905927,0.0017306008294240634
2015-06,-0.016515954014404113,-0.0159570112247304,-0.020203186089822734,-0.020427223417386686,-0.02041698268931807,-0.018149132430040966,-0.018443846616356032
2015-07,0.015521688462902321,-0.004910936166663361,-0.004482872993541314,0.006145003450087951,-0.007325137452843751,0.0009197576184632988,0.004796126603771175
2015-08,-0.0357412841597628,-0.022736791973719025,-0.030730822987966932,-0.036291014252877535,-0.03308574038475532,-0.03873454808061281,-0.03964344277715964
2015-09,-0.012289374740326315,-0.0030589646228378143,-0.018339008576464522,-0.017488153777017762,-0.02077372819048423,-0.020906145488901146,-0.021855613125065777
2015-10,0.043616525582313465,0.03350150030254768,0.04708243909293996,0.05198265383651539,0.05163317548248631,0.05608798719419779,0.0540170522921792
2015-11,0.0023384916102396256,-0.019994370288465037,-0.009912514399559959,-0.005233409144136576,-0.011739100367854041,-0.006012411985032091,-0.015131979560387355
2015-12,-0.014226755003431369,-0.011389462671335058,-0.018841947459189514,-0.015945329361574757,-0.019632912554093076,-0.01809138512695019,-0.015656371696929905
2016-01,-0.021774090076360147,-0.0017800535760006495,-0.019296215273101724,-0.020839627785224316,-0.019781603602119613,-0.007914695849462857,-0.006051605257223637
2016-02,0.007631702641391549,0.03738382066610633,0.031058967868841783,0.019640475567996227,0.028412939460140136,0.02788470056037987,0.03352570906965499
2016-03,0.04094416424201756,0.03496774593753776,0.05282839801283509,0.050432530183769246,0.05110508758663012,0.04242399879930761,0.049957730262705974
2016-04,0.004342222192109848,0.001267656135916645,0.013309014183230689,0.01221089491887847,0.012234925967711054,0.008341438542427717,0.012943897891848969
2016-05,0.010984509677011433,0.011268178388714502,0.0029224817586693775,0.005796604984921503,0.0035972899677362046,0.008435925394239504,0.00695858946075122
2016-06,0.013409127371410654,0.015155244049711636,0.017908726262074046,0.02301927629595573,0.0184863499764444,0.018619762375457136,0.0201099492467945
2016-07,0.025348788294929352,0.03045954538899608,0.03228504031908378,0.023909950411514475,0.03241488538141009,0.030884913559505966,0.030304861438379172
2016-08,-0.0008556657974858745,-0.0008203426981124672,-0.00616519321698722,-0.0071103370624775045,-0.006331530946142445,-0.004010299688939496,-0.004903130085410489
2016-09,0.0015304112339229036,-0.0024423490602632518,-0.0025500879376218082,-0.0031734459406709435,-0.0025130159733245407,-0.0015479505382481793,-0.0002686729373288223
2016-10,-0.02007357252781964,-0.02848762520570345,-0.02553802790480672,-0.0227609375390005,-0.02591527194524564,-0.028164487970345237,-0.028338057711876915
2016-11,0.011195430383695816,-0.006429535148500131,0.01997774911285455,0.012443758122218903,0.017436757531145968,0.008487749359254882,0.012405006570296122
2016-12,0.0089945004396683,-0.0173860651353641,-0.0023877873332551537,0.008416094954524729,-0.004093843234693027,-0.009541156828078748,-0.009532085149854102
2017-01,0.012688307227316223,0.017325424749583727,0.015876606568177055,0.012681197926568553,0.016235531962817976,0.016606441237485236,0.015580330324206753
2017-02,0.02551682330614995,0.027021271678661925,0.02426376873672193,0.026969464395706536,0.024686960256953747,0.028993215261460002,0.026798287265108425
2017-03,0.0005730273332540491,-0.0006682375759794121,-0.0007720643486120261,0.0013408000356595353,-0.0008694614298166925,-0.00048363730235508664,-0.0014071314289343557
2017-04,0.011462319546715076,0.017415913216806148,0.012305084837035818,0.010109875379129054,0.012725364793065203,0.013408778522853933,0.011974420052644265
2017-05,0.0103788719883838,0.0012322344252530483,0.0033426534735934805,0.008769978088172007,0.0030801826275549658,0.003401248767388223,0.0012279887710105275
2017-06,0.0023088092060833195,0.004239806247225518,0.004813346921196369,0.002320146817962282,0.004515936959038348,0.0039122170049856395,0.003501309705652746
2017-07,0.012817320337523629,0.0013443265816038498,0.006275557010076464,0.00960848831915177,0.0057377178171521695,0.005145059980505297,0.007692172369971631
2017-08,0.00878967514079414,0.019259181294661344,0.006972895712818886,0.0028408676630013287,0.008349465478766072,0.011759666478788202,0.0009467016146682588
2017-09,0.008781797969797216,0.011062311351819239,0.01957137494682169,0.017326506514897564,0.021336533832244493,0.021509404757286386,0.022647613008812736
2017-10,0.013104082056651428,-0.0016249222781437164,0.0069566892847962615,0.00846803902948314,0.007511559886940502,0.01129762774620945,0.012409570938347374
2017-11,0.01858096970538029,0.01065864965689692,0.02075376651895413,0.02689941941231044,0.02156450512044313,0.02862173775453433,0.016611929102262515
2017-12,0.008397084400248089,0.0003970357342277286,0.01073283601746712,0.009832960525655377,0.010949212341475922,0.011153442031486492,0.009595570799733135
2018-01,0.023877115839938852,0.028073860916053905,0.02334699969893044,0.022471297471157763,0.022922400653501856,0.027371318153412757,0.027374019095781948
2018-02,-0.025448725290420294,-0.015329924123214926,-0.03208018160555597,-0.04103914008124409,-0.032783286756740436,-0.043521104338661645,-0.03120803193747793
2018-03,-0.00794370052511949,-0.004413444527237191,-0.004466111148029449,-0.0039062658266715376,-0.004009170254725675,-0.0053105106682420165,-0.003340708785992382
2018-04,-0.0038164178865205075,-0.001346162057975199,0.002113102819624088,0.0012188241146187046,0.001855171127395181,0.0012067032198721038,0.005047902206863585
2018-05,0.021901376300925368,0.0055917649722250886,0.013459035537703907,0.012472670438373492,0.01225574019852781,0.008604194940153242,0.007945154220674282
2018-06,0.004031112610984508,-0.0030818031019324327,0.002489918486677587,0.009443972276607036,0.0019496365798503878,-0.0014287969552699623,-0.001881498656614705
2018-07,0.017350577567977584,-0.002590248846126764,0.012134436602985866,0.021424635688612553,0.010512252461789367,0.011242825240986253,0.009147058002791726
2018-08,0.026064888292842175,0.005994253356973086,0.007061810241905221,0.011829720822172837,0.005897764128944074,0.005454332627538632,0.002324069107785867
2018-09,-0.0042569913455422995,-0.005027674750888072,-0.001957642658286043,0.0018981500881215842,-0.0022124844270766117,-0.002172104039756082,-0.0024618552601150304
2018-10,-0.04713331816884933,-0.022114232191120218,-0.04562392936319851,-0.04776842977618809,-0.046666560004860955,-0.037651808972867414,-0.032664961538737824
2018-11,0.017134502800056503,0.012757254095965091,0.01864812873218495,0.0234118862570543,0.019024238128180892,0.01752406681508658,0.022328806707199552
2018-12,-0.04408173571511008,-0.013222666202761553,-0.046898979372735544,-0.06163529181201404,-0.04367473879539992,-0.04724632173202248,-0.0699110053946264
2019-01,0.054413030540143716,0.04222982698454623,0.061130525270679865,0.06250163139022281,0.06525214247498265,0.07066639055290759,0.07071024334203657
2019-02,0.018995328124249297,0.01705202087923934,0.02496476487031405,0.024581325552574678,0.027196371985184563,0.02652598433949828,0.027471225040156467
2019-03,0.019865701271784605,0.009606951046651449,0.011254267606784935,0.015879905397829252,0.009405050918554545,0.012464678414252976,0.013767647972773077
2019-04,0.022384902543851566,0.007832956853723726,0.015598744101677347,0.020490489447715237,0.017084872411580288,0.027766763180827075,0.025951776264593517
2019-05,-0.0262796034179915,-0.011243754053194714,-0.03815576625404876,-0.04178463917826469,-0.0438025957667561,-0.054934175206746136,-0.05259773918992798
2019-06,0.04871025613121033,0.04811222414257886,0.062431000448357976,0.059207037535968184,0.06626009229649985,0.0692535043307961,0.06649108009328572
2019-07,0.008451304196447391,0.0179197660892569,0.007888132958322412,0.0052333195422809625,0.009057781158568803,0.009590388272551171,0.006742449842516934
2019-08,0.005427752469336555,0.02901954188418103,0.006457267674282719,0.0050539727047065955,0.004235735594898049,-0.006358146526210772,-0.004904323370161617
2019-09,0.003462060523338831,0.0026651156623838635,0.014630514711333576,0.014939019851562799,0.016197823672870964,0.018662189894518576,0.018310987623390788
2019-10,0.013505068948754915,0.0040241680420075926,0.004955166000543171,0.0031681606584563066,0.004978968492517533,0.006464294545240664,0.007257510246797505
2019-11,0.021236197870639035,0.005688185693804794,0.01199136615672736,0.013904829171798538,0.012766119648128824,0.018902689339936336,0.00880493453765443
2019-12,0.013002125477340741,0.007787418552390578,0.017969705845243693,0.02166709746504044,0.019106539496827814,0.024392837685809004,0.011390901657963777
2020-01,0.015797359298132703,0.03161264782378332,0.006835637781195114,0.00671479082182766,0.009301281977426034,0.012995614510986403,0.006068765390417794
2020-02,-0.03346896089397916,-0.006831487635636571,-0.04398148196686345,-0.05696925844668093,-0.04052148951232168,-0.035661052987843986,-0.044761098766046295
2020-03,-0.06271661516322942,-0.03123480913548577,-0.08715714012523183,-0.09165097292704064,-0.0803131091439208,-0.06122157451561901,-0.05480346961636219
2020-04,0.08406876804771728,0.06643817310383227,0.09697081141687533,0.09306053519292372,0.09050567278476591,0.07246240012110823,0.11513847220923318
2020-05,0.03326672838347981,0.02495859861279695,0.03650026673353332,0.036478370171841426,0.036374695239147145,0.028786021419190906,0.04678949906014903
2020-06,0.014573725313167833,0.0111523191254638,0.013906333736623522,0.006952428425898431,0.015009213612115713,0.019517063727468333,0.01907508484187265
2020-07,0.039491928335779,0.04530916404900954,0.04644912312249521,0.046262849803694876,0.050459771176362626,0.06169052844744704,0.05892763767836321
2020-08,0.039450020596557236,0.042169969798455414,0.048016102172493746,0.04462940980475084,0.05444393786485967,0.07523442797122638,0.07243350237968094
2020-09,-0.0204236042635887,-0.018931385110942764,-0.01703342819880444,-0.01752341957539218,-0.019447054809056327,-0.020857452368618152,-0.01871996468185713
2020-10,-0.01940664095436322,-0.016537736250534056,-0.008796651256477427,-0.014408649065784616,-0.008204032979817042,-0.012893288646058293,-0.01127041849579225
2020-11,0.07657145484306255,0.03707481674259323,0.07982022087452403,0.08214334369570411,0.0854626837832191,0.10044356541024727,0.10408229758981244
2020-12,0.024677071663207345,0.011375404400440645,0.025396248511649216,0.02590892141649381,0.02739331147647913,0.03513518462119254,0.019368573476338247
2021-01,-0.00687242090383922,-0.004002307825775034,-0.004031325159796263,-0.008289692049203263,-0.0030415195511700127,-0.005238270226737185,-0.001069617497465334
2021-02,0.005066773922778432,-0.0109977605803678,0.010282074643036512,0.006137209228455714,0.005949858631922869,-0.0050157242715453115,0.01037230603987249
2021-03,0.008592789525258675,-0.014725121246211989,0.02082348679384881,0.03492123168090678,0.016971910228718225,0.005811862126447096,0.015198047113176282
2021-04,0.033540188718965934,0.027830921645553005,0.029882364537021144,0.03279843053583569,0.028793985700198685,0.026917679415526224,0.028243412999940282
2021-05,0.00489685710033909,0.020626102585087864,0.020301703310598242,0.013202854772720018,0.020628581845489605,0.022400149795510877,0.02694335215397532
2021-06,0.021751912591248288,0.010835849035294184,0.006479245490848555,0.006403153130608946,0.006007092887975861,0.005835690862533018,0.004854138818612983
2021-07,0.0163338210632183,0.006462460732923126,0.007753493908909655,0.009420093911045249,0.00836901121780655,0.007183776973214164,0.0010774762982734896
2021-08,0.015824527993506813,0.004033679250026585,0.005272509173249805,0.010349014955659812,0.004569374814824836,0.006104278095123606,0.006902576541703429
2021-09,-0.0340511102167795,-0.022918176377560922,-0.029461618619074866,-0.03443599459060061,-0.029144034476181434,-0.028758644836247876,-0.024563715170400603
2021-10,0.039178266290594316,0.021965177725818866,0.04623130265375785,0.05053590952279499,0.042460574319255824,0.03384874325711189,0.0448287381517931
2021-11,-0.004563615345438451,0.00726259648169635,-0.0026581093590103124,-0.006481558459626969,-0.0009375905522572985,0.004049895923757343,-0.0016781897991463828
2021-12,0.016604133630571095,0.002573459661340036,0.025204319276562644,0.0399744272621264,0.022869951549637182,0.020864993010196696,0.027018430956274497
2022-01,-0.04624067521885065,-0.023435437030131453,-0.03222828657160994,-0.034223223126107205,-0.031143203484949786,-0.027027233673601086,-0.01805730462541791
2022-02,-0.014542844096742932,-0.0009973044018679708,0.0035681560896063925,-0.005864402937538967,0.003819478708758935,0.0027473347157090508,0.009749176349591628
2022-03,0.0018085390116931886,0.012884081214568827,0.02133482713285691,0.025226313458062772,0.019571898938735063,0.025324131648410398,0.03930655485614252
2022-04,-0.07524972689874117,-0.04891831333231603,-0.05199401837318199,-0.04520005501688188,-0.050323398786022655,-0.04352882867645044,-0.043262897339612603
2022-05,0.0004586745941428112,-0.01426841161238271,-0.004707095884540235,-0.00031558771031789113,-0.005681190511516903,-0.005566758001931034,0.0024788669709609225
2022-06,-0.05352942852818719,-0.03289149014418203,-0.060028104622095936,-0.058993944705257574,-0.05595784525593066,-0.05068565294868726,-0.04122226989151949
2022-07,0.06960583138468085,0.023038634295032803,0.057752862842165215,0.06116134632616945,0.06137418043484918,0.04506101602698828,0.031965562263570224
2022-08,-0.03685699107435885,-0.01863751396231909,-0.026778869836430227,-0.02833032519704989,-0.028440150330803122,-0.02460640459663353,-0.022519064970590707
2022-09,-0.07611853029913843,-0.0640734109700001,-0.0785499787839844,-0.07859972515503655,-0.07893878067170883,-0.07444283264462874,-0.06784050905785707
2022-10,0.041013835614887875,0.0173324813170114,0.047592625428254653,0.06354074488133395,0.049529525873767535,0.04186567206220806,0.02970896008016914
2022-11,0.044825463142372665,0.04132924179142497,0.055255604401999926,0.054952979093116146,0.05507181791140073,0.0546309593553881,0.056785788749483944
2022-12,-0.04161081382309805,-0.010488169392457189,-0.030184604280614286,-0.033818807667693934,-0.03297625027278067,-0.02173464733779687,-0.046466688921786216
2023-01,0.05500187102511999,0.05274479651425019,0.06362988178414931,0.0473722948438774,0.06514054431408652,0.07239504497827283,0.06829130205235158
2023-02,-0.025261180539835452,-0.024885536309028806,-0.02472284185290088,-0.027565158352460907,-0.024664521194317442,-0.019931827147662017,-0.024686561439880073
2023-03,0.03299774257464938,0.03318649772293861,0.020722519977336873,0.021936569823555404,0.019637188587404996,0.02060503926125782,0.021696318200235487
2023-04,0.008310739404859912,0.020468166836146003,0.008636959888877692,0.014384820731160625,0.00963662984178824,0.005593623770883752,0.006739170767531512
2023-05,-0.0012640640385103887,-0.0035704522143522287,-0.024070103109388695,-0.028452081144507892,-0.02515822432015319,-0.02033704918904052,-0.026703325512825615
2023-06,0.036793640842662886,0.011029329732913313,0.047336863293930505,0.05199125275023485,0.0508945435468542,0.06646261789153271,0.0650553154292242
2023-07,0.017998059386296648,0.010253617033333861,0.019593174980680673,0.022183820567322817,0.021721183344819844,0.02563994377337974,0.025724934796082677
2023-08,-0.014033984977979735,-0.01398030871541262,-0.016886790795726647,-0.018178506289309185,-0.0175539242480398,-0.0195807575484836,-0.01923012145573341
2023-09,-0.0432317743495135,-0.028547968485452418,-0.03843986571512777,-0.04268055183742263,-0.03833580251849342,-0.04352296716245016,-0.04515143707855022
2023-10,-0.02358857133681042,-0.015208588163554332,-0.027275508703571823,-0.02669584357962971,-0.027984919990358077,-0.03245966468057451,-0.03195218266530173
2023-11,0.07381885596722242,0.05780280596709809,0.06499554629965322,0.06609197505491042,0.066155896304266,0.07079075665470648,0.07646562994234406
2023-12,0.04912767124779721,0.03918595189083717,0.04852683711925347,0.04584587800567557,0.04834484232929701,0.053464444741278365,0.051391624458400974
2024-01,0.004915642263664921,0.0034014519036272687,-0.009305592550973263,-0.0048911580674874285,-0.010077691145877954,-0.010095042578837244,-0.009887588975402756
2024-02,0.025919009505203486,0.010647139645441953,0.027406091553322597,0.038083992493275924,0.029813006746596045,0.040801699200286146,0.04202701411867931
2024-03,0.02261981791112691,0.03563803409928761,0.03778966317116353,0.03737622947213911,0.039753605087942775,0.03676561254933055,0.037012435196041034
2024-04,-0.039090561878545906,0.0011003707207173795,-0.018022965393560644,-0.022111419544483795,-0.01736551426405962,-0.028171162317896487,-0.029825652564768643
2024-05,0.03588692585885219,0.024758112258793246,0.026117897480274592,0.02806941575772811,0.026510811017722874,0.028940891364096666,0.026454531493786262
2024-06,0.02554215756644807,0.012382645818757174,-0.0058189118579914725,-0.004969116018213792,-0.007549132335084235,-0.0067455061424401466,-0.007286993648949723
2024-07,0.020199606496427703,0.024354192692431907,0.0355552039418963,0.03400654023236069,0.03489043189776699,0.029936057387146067,0.038283987908373174
2024-08,0.01971199187745766,0.022965023693635393,0.018535758342397148,0.02674416773604194,0.01769650125939964,0.02208506611714053,0.02159607773879709
2024-09,0.017300167871279633,0.024509549767341446,0.026657364359395867,0.022792067323573955,0.027740948755460394,0.0230515659380034,0.034343495467361186
2024-10,-0.01745646831333202,0.0018897860812326966,-0.013220112839677677,-0.016475525244092553,-0.011170214667407422,-0.016891501623313723,-0.019642965447350877
2024-11,0.045976477220792025,0.021975485443918315,0.044869385543097426,0.05017612890302864,0.04600003016880905,0.06424109965919042,0.06475318799852632
2024-12,-0.02806473385996585,-0.019116246493880336,-0.04191969630489926,-0.04681854773885819,-0.042722922150356245,-0.03629495200921095,-0.03886338322343841
2025-01,0.02054662498076565,0.019629806688030795,0.024202720033496595,0.02693904796836807,0.025500418562905615,0.027757955494108245,0.030219831273943353
2025-02,-0.00022573573647721888,0.02608360042831306,0.005662537829477359,0.004466313560450621,0.0035947962684858854,-0.004398149823535338,-0.006760634946849988
2025-03,-0.03458421236231741,-0.00862546138142732,-0.021889186416014055,-0.02608723132957727,-0.023418079658024234,-0.03192912271596582,-0.03389029244399167
2025-04,0.00037887126330476853,0.027373168980211728,0.003329549313369298,-0.0020267802883571925,0.0024861089160220532,-0.009569757878907395,0.00046001377253932944
2025-05,0.03238087208505198,0.025642274129713535,0.03023293923327053,0.030077283528279104,0.033353608308024654,0.04960958951465469,0.04670552778341878
2025-06,0.03810080768263158,0.027519056939242028,0.027912311952960595,0.025609454644223494,0.02812126494295928,0.02683025698499249,0.02567955752494271
2025-07,0.011172739152019502,0.004145072987777217,0.007760831328080353,0.008684618913825104,0.008648300110830546,0.012154143408683975,0.011555722618425199
2025-08,0.019263529313063417,0.015144115802710235,0.026311876906249976,0.0243172471753918,0.026698664410272435,0.03005479833325314,0.02045334078359451
2025-09,0.02598371600227338,0.04514076765181976,0.02709320744349446,0.021977896001920228,0.029014723421156297,0.032217884840093435,0.0356110368412845
2025-10,0.016972325552356414,0.04568083914324055,0.021658448896159567,0.01791599480335833,0.023683077474858535,0.0378095730603776,0.02996753369548103
2025-11,0.005304845661986215,0.006481941226874069,0.019162556517255933,0.024177448109916365,0.01940222069174637,0.019814724175153793,0.018934057631473367
2025-12,-0.003935567858819457,0.014859974828349783,0.007331629784515783,0.001802501810651153,0.007268519321386816,0.0013693404398125158,0.010349715553667148
2026-01,0.006803599647522926,0.03777413374395007,0.0435183022296769,0.04538881183261414,0.040746613631296925,0.044764810794292814,0.04016017781309204
2026-02,0.005507057356545546,0.02475655788452266,0.04225642921214254,0.04609824106007599,0.04094004636478405,0.04977819719657034,0.04073030445064071
2026-03,-0.038595665088076596,-0.03491872591493221,-0.045559705365137676,-0.05169529137084869,-0.045623745834358215,-0.05210699383659428,-0.03377185432894645
2026-04,0.0596770135080653,0.02339731517118803,0.02704693088415936,0.03167978540532185,0.028380355175497796,0.037028932677757226,0.022243853910682586
2026-05,0.03116083609634269,0.007781049386178938,0.0028795351306146366,0.0028987797325071003,0.001979963362388901,-4.866523951288753e-05,-0.00033245679168349737
2026-06,-0.0028969357629357513,-0.02722104672916872,-0.0027106238028186155,0.00724354447270468,-0.0037916923455364607,-0.011132650903860931,-0.012562031771826071
2026-07,-0.00992084442195241,-0.02005544667070618,-0.01678813008106431,-0.0057557700732882135,-0.018331375574464005,-0.018669158858013984,-0.012891541948949415
2026-08,0.018676864422872613,0.03846683710199701,0.02390118907216781,0.020114290605275142,0.02430283253457105,0.03197978556455472,0.03494296100722152
