,60/40,Static 1/3,EW 14 assets,H1 Bond-hedge switch,H2a Trend 3-asset,H2b Trend sectors,H3 Vol-managed equity
1973-74 oil shock / stagflation,-0.3027434748000961,0.12300615855000818,-0.3632649860776601,0.2186874023261891,1.1349257181806056,0.20928601409333014,0.012731324816838807
1980-82 Volcker tightening,0.16212131110319672,0.040174260106056625,0.18366514297595127,-0.1403417765665499,0.43163125583702655,0.21315385917316054,0.019113588710354845
1987 crash,-0.17403131312780207,-0.09132260368021294,-0.2502308827258154,-0.09501596397670686,-0.11327570237320084,-0.28666071776566615,-0.09835264113403297
1990 Gulf war recession,-0.09659895664421614,-0.025487275202359605,-0.13923255400455092,-0.0035774396856210755,-0.040606194649496885,-0.11112854529818883,-0.07021613321701559
1998 LTCM,-0.033693819281521487,-0.011482747740838795,-0.09141396578096228,-0.011050050887174145,-0.019448269806981333,-0.09383108259105766,-0.032169531407834406
2000-02 dot-com bust,-0.20831680395691887,-0.04341829728141555,-0.23353029370881195,-0.047211948287806726,0.17384292096857812,-0.12252778193546143,-0.024524960948837604
2007-09 GFC,-0.28816714565523593,-0.08062329268106894,-0.42287720566323495,-0.08062329268106894,0.06780772877247032,-0.07728565093254791,0.031577044932441733
2020 Covid crash,-0.09408651611690766,-0.03785291655871181,-0.18983312355422277,-0.03785291655871181,-0.03785291655871181,-0.15589641641083296,-0.05135070812750642
2022 inflation shock,-0.1830804155235305,-0.1435436213108887,-0.1094812073366932,-0.14800665568498783,-0.2832797399728757,-0.10737774950638901,-0.14725280703736676
2025 tariff shock,-0.03443645547404617,0.045078051029034505,-0.037951990951508696,0.06624865400055802,0.045297209387003434,-0.03783086925601342,0.014118435893155423
