date,60/40,Static 1/3,EW 14 assets,H1 Bond-hedge switch,H2a Trend 3-asset,H2b Trend sectors,H3 Vol-managed equity
1973-01,-0.018594192897791573,-0.0055701607481596456,-0.026100748731748495,0.0009833333333333343,-0.006337499999999999,-0.023972916666666667,-0.016935080374079817
1973-02,-0.027281129061486654,0.030791789336669536,-0.026178798733599216,0.0775166468357397,0.04705314101193233,-0.02054244049783849,-0.0067619195941108845
1973-03,-0.0054169244844189815,0.041862303581884384,0.002949065461939847,0.08719586241279693,0.13399422505913625,0.020124949152909407,0.016709859506878734
1973-04,-0.027860047956046696,0.013095653174937103,-0.03378617942937496,0.03828221565991171,0.08333333333333326,-0.0017444902092286505,-0.013219537924898632
1973-05,-0.019068862866921322,0.028463812635336743,-0.011735826366533043,0.07231388666121363,0.1208791208791209,0.01776239294985237,0.008106303042726923
1973-06,-0.004338454956724967,0.05691058978235643,0.0019865097224966515,0.056237029721741535,0.17647058823529416,0.03280369350748508,0.06098966932006178
1973-07,0.02280418105455119,0.009455515279445301,0.04615788644478842,0.01831006533684695,0.0,-0.006448410287427413,0.01725701019443674
1973-08,-0.01124316647008154,-0.04028204875711971,-0.035671049002432585,-0.08265319142749131,-0.10833333333333328,-0.05977242751982828,-0.03813475652811473
1973-09,0.04485394900867562,0.015850196951188444,0.047615848716280114,-0.0069021629515462445,-0.03738317757009346,-0.03940941766983984,0.03472805234949239
1973-10,0.006651943218393217,-0.0039000055520689515,-0.0073312016431746575,-0.02006870648120359,-0.029126213592232997,-0.00900655339805825,-0.002859543505711717
1973-11,-0.07051774958638904,-0.0550757429956785,-0.10803227700823936,-0.0740821579937031,-0.050000000000000044,-0.05720921833815821,-0.08863837874132616
1973-12,0.0035986655011459446,0.04305854807212403,0.014458257938161953,0.08826720666234666,0.12631578947368416,0.12507386765993267,0.04825700896658944
1974-01,0.0022862744821079447,0.06960607745524348,0.02620359229787642,0.06893931692001708,0.20560747663551404,0.06425373831775699,0.08470476448548034
1974-02,0.002768703080248179,0.0562777701345376,0.014300702291594905,0.0562777701345376,0.16279069767441867,0.16170506093904097,0.059047271096609524
1974-03,-0.02232318389548251,0.025089324151632262,-0.011130760909626907,0.025089324151632262,0.1200000000000001,0.12000000000000008,0.009676515869190157
1974-04,-0.031570181764501534,-0.010891200118793463,-0.037765489530569595,-0.010891200118793463,0.023809523809523725,0.023809523809523718,-0.02421863519126977
1974-05,-0.017293933577069938,-0.025288654544341933,-0.030704991160748613,-0.025288654544341933,-0.05232558139534882,-0.052325581395348805,-0.029832520750692253
1974-06,-0.014249365444067918,-0.02655490509404846,-0.02412254587417848,-0.044968965692140386,-0.05521472392638038,-0.05521472392638037,-0.02592430780733518
1974-07,-0.04841135097938088,-0.05189978478528435,-0.07163119517923444,-0.07217145592736035,-0.0714285714285714,-0.07142857142857138,-0.054379949432788545
1974-08,-0.05605198592804584,-0.004093302426887927,-0.06798210089639987,0.026642755785299746,0.08391608391608396,0.08391608391608395,0.014412299812906154
1974-09,-0.05859963523886792,-0.037032244376042134,-0.09081946549649395,-0.04959620192548796,-0.01935483870967747,-0.019354838709677465,-0.023200653425109036
1974-10,0.1064100438654098,0.07632281578887608,0.14297641574430237,0.08604889012256894,0.046052631578947345,0.04605263157894734,0.04813261746978957
1974-11,-0.017272322583590606,0.04046380425765502,-0.021354562542728217,0.08307460171632929,0.14465408805031443,0.1446540880503144,0.0683906124082278
1974-12,-0.007252068523716048,0.002123981688322963,-0.020345030474288497,-0.001901986367022562,0.01098901098901095,0.010989010989010948,0.0043957539402601975
1975-01,0.0843605905814279,0.0320552839489561,0.12553464746775844,0.01849312691025158,-0.04347826086956519,-0.04347826086956518,0.01867123625390802
1975-02,0.04033967053207528,0.03117111644698828,0.05510758413696232,0.03501673872947394,0.022727272727272707,0.022727272727272704,0.02685385125853958
1975-03,0.006029273925388679,-0.003798555364768106,0.02579386493807026,0.002805975049287654,-0.011111111111111072,-0.01111111111111107,0.0024541270403822465
1975-04,0.02260808374392069,-0.003909249774695248,0.02952586187838601,-0.014452376421459892,-0.015324652856140692,-0.015324652856140692,0.0013153578132326091
1975-05,0.04387445282165645,0.02125818911549735,0.04710712700711375,0.006983691859748982,0.025138870757530782,0.026749999999999993,0.028279254312362313
1975-06,0.03651550802980699,0.015619400122043763,0.046957717659580796,0.0055831022317149636,0.0513,0.050212499999999986,0.027692786326220253
1975-07,-0.04051154952725997,-0.021544649814716547,-0.05284489314632315,-0.01637405286280145,-0.061200000000000004,-0.056527272727272725,-0.04155708853106758
1975-08,-0.011981512445241524,-0.010105167457114029,-0.02242711607211611,-0.01598548314701144,-0.019110606060606043,-0.02489393939393939,-0.016866689861978763
1975-09,-0.026532609683316232,-0.05474802181104289,-0.04064538882477325,-0.09014942523648518,-0.024834815656955316,-0.03495816171252074,-0.05388035105339014
1975-10,0.05356553306409613,0.032484754936282736,0.06055558528350945,0.014921971792738131,0.05803964899451448,0.06733169448217616,0.035798020997864714
1975-11,0.014813176059842125,0.004887301931365807,0.02830217153024627,0.005502009369907731,0.01012204875928046,0.029212502685230204,0.010032504275460303
1975-12,0.006360384630246612,0.00011966837032842601,-0.009759011653662766,-0.01783861035542035,-0.011935363168910746,-0.012468141754055237,-0.005910235210699472
1976-01,0.07720013759669649,0.02410871875324525,0.10109934751580583,0.003691747197715757,0.1262,0.12243672516593543,0.07356092074770632
1976-02,0.007278268645089194,0.004939575887158742,0.006101287301150063,0.002064957191850372,0.006773992836428844,0.006503691205604435,0.004864610603385095
1976-03,0.021927635365593248,0.018825791186907904,0.024516674702860786,0.01924118041106019,0.020609696844840587,0.02177039935926966,0.022617087990479363
1976-04,-0.004145584842020068,-0.014204053555221214,-0.011781152023089263,-0.028635827483725007,-0.0025060200758169745,-0.007015538023806106,-0.012454743431030577
1976-05,-0.011122057961199186,-0.010267354863252373,-0.014867249812411247,-0.008457048130319429,-0.011476327363935987,-0.014337486785455865,-0.00998454861602475
1976-06,0.03231186302496058,0.016817700519526472,0.03720989511755545,0.009716265296147074,0.02916509680958824,0.04101132323719875,0.03085880415255909
1976-07,-0.0009309735725997942,-0.020969257498861592,-0.007333259676250803,-0.04432374573298688,0.00031353424512701696,-0.002941511375354556,-0.013443559512849083
1976-08,0.007203454388012022,-0.016373784494422148,-0.0012199933603533242,-0.04573121862475951,0.009380258410912121,0.0024247577639550776,-0.008940585040153664
1976-09,0.020578680917837225,0.025072542825505542,0.023842819572468855,0.03253716241399141,0.019474989682678127,0.022755188954409578,0.025032667426996526
1976-10,-0.005941838078022001,0.004242328296853616,-0.012561027168184882,0.004989792468454126,-0.002401491139482131,-0.014875211966530319,-0.007928862859136982
1976-11,0.01860177471656506,0.05445884635022754,0.015557131371356173,0.08297229415420129,0.021354937044117096,0.016096408701397343,0.03102114031584863
1976-12,0.04432742456718215,0.03707143604182876,0.05579470053225683,0.0406214742650864,0.04028633553588646,0.055335325353460765,0.04877312936162913
1977-01,-0.03614142217461634,-0.028978014665017256,-0.03741842002734969,-0.022199453541061186,-0.03599893220303654,-0.0351951309182298,-0.0328463635600094
1977-02,-0.008458704802366136,0.005691568498681267,-0.010451029798589041,0.014889648743836628,-0.006598269551791845,-0.016591571621975332,-0.0051062371495360125
1977-03,-0.0025114089890478047,0.02892133218709282,-0.0025984466989980104,0.055564904622056786,-0.0007128408129576469,-0.010434101353896996,0.009603822611310459
1977-04,0.0048159391215639065,0.005342934988617441,0.0015777497692166494,0.006219627971040924,0.004183667503585041,0.013824904872970443,0.005311471764944506
1977-05,-0.002172269707518029,-0.0044517302918381935,-0.009430249628273399,-0.01261601679358612,-0.001177530023753707,0.0006065788282427622,-0.007725886952487145
1977-06,0.038213371427294134,0.009703038891838805,0.043019918699052875,-0.010145580894668342,-0.011043756714923381,0.03159374661125234,0.03045095408982741
1977-07,-0.011332675467775529,-0.002629931373325137,-0.0089923924052836,0.005171287371985204,0.0024353006541253408,-0.0016045209535258743,-0.007676519147398032
1977-08,-0.001540880407653255,0.005566082224005567,-0.0034254972543997825,0.004909151151026415,0.01495678498177594,-0.015617977231549677,-0.003819538789291665
1977-09,-0.00023083707742044355,0.011031856547267963,0.004324838674039433,0.023506809743949583,0.01576500314064298,0.011541635320096593,0.006309587531027351
1977-10,-0.026704200157715734,0.004230853445501652,-0.02852486469625082,0.02698215162731643,0.02585337184221173,-0.02007042349677534,-0.01738695935286412
1977-11,0.03145880143592259,0.024970263793715333,0.041140117287948134,0.027525062311305443,0.014988410720660093,0.030307811486700885,0.03497209570577468
1977-12,0.0007871466306369119,-0.004727847457474795,0.0039250283355073915,-0.005711247525505636,-0.01334188968805977,-0.001128394199481997,0.0013098452526425738
1978-01,-0.034809176724517096,0.007255373636905803,-0.04022537073451291,0.03578885557610246,0.08125000000000004,0.01679109313337866,-0.023921129747595384
1978-02,-0.005650610482204762,0.006431553631807861,-0.005274594141594075,0.016094690857289786,0.028901734104046284,0.027729496463748612,-0.00145448318870045
1978-03,0.020002787929924114,0.022256919404695884,0.03220618769525783,0.03371769126667437,0.03370786516853941,0.0337078651685394,0.02802422455878502
1978-04,0.050757181720122745,0.011973685961555968,0.06870503394538016,-0.004575411834277676,-0.048913043478260865,0.04498385093167702,0.048035945405448456
1978-05,0.01156118418861403,0.0077238498830790574,0.018290419056095648,0.0113019546852844,0.012957142857142893,0.019436709973862938,0.013940848091109861
1978-06,-0.009364959259096552,0.009264200590728631,-0.006057277535708057,0.026460366605757818,0.016966805367125092,-0.0035093168694684904,-0.0012068993475573579
1978-07,0.0385340249575849,0.03167728555720736,0.04989991109070475,0.03701844988911216,0.025958915390004295,0.060115270549746934,0.04423330183059019
1978-08,0.03339495897738827,0.05057772628206435,0.04337788886050969,0.07441552236734426,0.065423544973545,0.049185539722788406,0.046980934366441345
1978-09,-0.006616180443713803,0.00554305597278096,-0.006503846506061716,0.016660074320697996,0.010435833286471472,-0.007349727431527262,-0.0013302339958404484
1978-10,-0.07483802725585303,-0.020096814588754276,-0.09101372000178555,0.009749414833326255,-0.020745728827850914,-0.09869956761238165,-0.06615191581876134
1978-11,0.02601400287921768,-0.014889615315696521,0.021682375316352216,-0.05040800024270682,-0.029322273014424898,0.0178166049649765,-0.01411366070986482
1978-12,0.005389240771576419,0.0049223110690077235,0.012029483148069174,0.011898426419666173,0.013022856435008267,0.02221679315400175,0.003524021330277215
1979-01,0.03816725347843275,0.053937514296478764,0.049303454477533794,0.07752704094424061,0.07061888728678162,0.04999896568859964,0.05223499062707424
1979-02,-0.01965903701229124,0.016218454603887253,-0.020206597907437323,0.04634559145820368,0.027676025151478496,-0.02186538910352663,-0.006316561240302167
1979-03,0.043474209791102815,0.01996351420814459,0.05118357798098124,0.010700426354582031,0.024201805183251008,0.05669412317787868,0.04236997625857887
1979-04,0.0012795560985984047,-0.004301086724859171,0.0028509537108248853,-0.0058756835037489736,-0.002597809266485249,0.006265377154801794,0.0014854987645103721
1979-05,0.002317180036343902,0.030726251877547624,-0.00394258038616534,0.048387598509946284,0.03283661208960343,-0.0034605805465328333,0.008459300646341511
1979-06,0.037428804775322996,0.0505457769710394,0.043545723877578026,0.06971412651715354,0.06389121776805158,0.0623768943893502,0.04850843930394074
1979-07,0.007355000665198388,0.022564738497377137,0.016976003576404795,0.04354699145426152,0.03665333637955329,0.023106210611997028,0.019281375721060548
1979-08,0.034964188619768244,0.0253825121541697,0.054058676538936264,0.03457064339345055,0.04169456344001128,0.053569061199298953,0.04423960266504282
1979-09,-0.0020238499706866165,0.05811447889079555,0.009027058526572334,0.11957836709312546,0.08967534136859996,0.04221942054080733,0.02904538804761212
1979-10,-0.07103971266349343,-0.01249203405134184,-0.061038172505352185,0.04529454730360407,0.015859779714874653,-0.0540666379784439,-0.04241134850643705
1979-11,0.049131204889164365,0.030504850709389127,0.05108605026717029,0.020606187888295224,0.030941405119823216,0.05084394534589521,0.027029174214917642
1979-12,0.021051884302004543,0.06654875501930264,0.03428388327032924,0.11620905680975246,0.09396949919291711,0.04082306330131741,0.05257627629267425
1980-01,0.02230816625353281,0.16920190104521543,0.07160027121380352,0.34327792187676753,0.27318202294274696,0.08834235945445176,0.1158801635314789
1980-02,-0.03364721903540358,-0.032575424511287275,-0.026321183674133844,-0.011183785990500789,-0.009313824922392336,-0.022049857101169322,-0.027180807153932066
1980-03,-0.06414731650140373,-0.08961549310755303,-0.09406790597707056,-0.1502512743162742,-0.14191584644759528,-0.11446283347587637,-0.09874906244926239
1980-04,0.08059183452778598,0.036184866782527365,0.04715303990907709,-0.027190702868191734,-0.06807343423972294,-0.0009229996160394498,0.03136373828580108
1980-05,0.052499428036583765,0.03164958983900147,0.0582328064117169,0.01629696922922864,-0.005802707930367523,0.04562636646226246,0.030575554958537837
1980-06,0.02890288701574129,0.07449953904006863,0.03868478390611232,0.12477078252408602,0.10133035019455255,0.04865622849367603,0.056458624543785765
1980-07,0.029499664117830966,0.03608455854558705,0.06894606965054985,0.03541678944137582,0.07006616793246712,0.061392136460944095,0.05317194594306003
1980-08,-0.0004835939076236008,-0.012689222419610515,0.014393063848543898,-0.009272710604997335,-0.0004919812646746646,0.014047616644296768,0.005602989749441107
1980-09,0.014348007364907949,0.032039011704269926,0.022709814821509716,0.059746080817079335,0.05214955919783042,0.033635156180145745,0.03101240049288697
1980-10,0.0024276646130668134,-0.007739918270056266,0.002225248815781937,-0.006249106130773191,0.0002790201519372517,0.009125168277512448,-0.00863622262786883
1980-11,0.061728372867220445,0.015681259580162272,0.05995027450996337,-0.0011305306952497506,0.025544047624746897,0.07051726381444683,0.02600636722985262
1980-12,-0.008187415336280177,-0.04800914847387209,-0.016999768900935727,-0.10338902254521602,-0.08544754524555805,-0.02307993620703945,-0.047175299009345625
1981-01,-0.0255540686912886,-0.002872186633003998,-0.016352405899224598,0.010077263942731465,-0.002515601159319708,-0.023405801380183455,-0.001128104994040291
1981-02,-0.0018897579051388406,-0.0385065560026419,0.009558781932035663,-0.06266415320954541,0.015502686970523932,0.017975953868869462,-0.024337784607411317
1981-03,0.040289634873678856,0.024734871853152603,0.05014631520366573,0.014862726212711579,0.048799999999999996,0.056241666666666655,0.032207405031612554
1981-04,-0.022705284149227123,-0.019140287039024092,-0.0010006525553922364,-0.007635823003512722,-0.0108,0.0027206171592949907,-0.01663836520061642
1981-05,0.025498488465817617,0.00835870075997084,0.01920000114660268,-0.017241390056425734,0.012799999999999999,0.021376497963932515,0.01032407845830729
1981-06,-0.00908997172213718,-0.019137719530011477,-0.014468588796444887,-0.02971436024018344,-0.009899999999999996,-0.02397290646824619,-0.014519924979152865
1981-07,-0.013901491733855395,-0.04868218944001563,-0.021207208953405842,-0.0762491717407458,-0.0031000000000000003,-0.0261239872996364,-0.025893394974452373
1981-08,-0.04436115014636315,-0.026630672261631187,-0.04854710332598445,-0.017569314208041774,-0.0574,-0.05546992761063763,-0.0420271333461226
1981-09,-0.039039505786026114,0.005010492033405057,-0.03320946049806322,0.03541737999208852,-0.009818042305588496,0.00011329189260679724,-0.010035095271183552
1981-10,0.06696705796816306,0.04103831965801403,0.05201044198816198,0.011347907381865729,0.07551557943295174,0.05922675718849839,0.03947202054242638
1981-11,0.06444091231167696,0.02719067626587733,0.03685099081207528,-0.0231928439770066,0.0940642715819869,0.028724999999999997,0.029758895858066743
1981-12,-0.030152552730138043,-0.022992071302791024,-0.02122423269929269,-0.014100498235359585,-0.033939643816479584,-0.024223857248012157,-0.025686982155007813
1982-01,-0.013280852717863808,-0.028165115778362677,-0.01585384632828513,-0.050387881495604095,0.0032537511730521065,-0.0019065146134935806,-0.026233768240304406
1982-02,-0.022617935034248908,-0.01931197325742875,-0.03591684953508141,-0.03385066089991629,0.017580294506912418,-0.05789204005006257,-0.02169476057053817
1982-03,-0.0035317517525429946,-0.04075819798516506,-0.009160988494615285,-0.08124480374850288,0.0038322972619857596,0.020499999999999994,-0.028839279028289495
1982-04,0.03751756997765488,0.04412794252397672,0.044329461314777045,0.05490464820817719,0.0282549727572495,-0.013599999999999998,0.043940574097431066
1982-05,-0.009187170461790595,-0.01811683191411248,-0.02662395892666134,-0.04005176000227238,0.020095471657487478,0.005597735828743738,-0.023601604386364793
1982-06,-0.02331539299687467,-0.03486760166231194,-0.01861656330825722,-0.04500066503301562,-0.026444159603291183,-0.027184668539250927,-0.028034770260814853
1982-07,0.008150899850558613,0.03575660435319553,-0.004112249354575208,0.04360622445016568,0.052632081951935465,0.052632081951935465,0.007857124626749326
1982-08,0.09570962423882354,0.08433819607128726,0.112866958420908,0.08907887140165961,0.05949023992184702,0.05949023992184701,0.10208161286993295
1982-09,0.0401065726331462,0.09723551991264574,0.034716745833553414,0.13974275779856743,0.0730160500852315,0.02713086429789021,0.1166125749344328
1982-10,0.09978860812323512,0.051839902353767515,0.10600584084503133,0.01666115566329267,0.07116895150887884,0.1111456451619065,0.06753590063844113
1982-11,0.0334946672552814,0.013480747756462207,0.04837744835629692,0.006557825571968808,0.027862863823396783,0.057932811244290235,0.002742998673780788
1982-12,0.02146429669116317,0.039918092362013845,0.015982284233812444,0.05225431114138762,0.023758840233751518,0.0077268886127542045,0.04608088821477391
1983-01,0.018571215661702827,0.03529054927668397,0.042599714500773815,0.06816757979864557,0.012515723771263504,0.03993612819514297,0.035898472243845736
1983-02,0.03583508381749005,0.03142744427519492,0.032062044354819325,0.02454019916492915,0.03070293560756094,0.0348225263932723,0.03115043804004294
1983-03,0.015601899086900583,-0.04093698133215721,0.017528966666256817,-0.08494136691841024,-0.04093698133215721,0.014318859129943583,-0.012294297072771652
1983-04,0.05632592887721931,0.0449011249206502,0.0665989846108125,0.04509291080978938,0.0449011249206502,0.06648239047584037,0.059262739460256605
1983-05,-0.0023387651490056746,-0.0001057479257893188,0.005870243585284747,0.011675507783448884,-0.0001057479257893188,0.005870243585284747,0.00593821439970397
1983-06,0.022456162000500417,-0.006548773741514813,0.028846917762072283,-0.025585332281542902,-0.006548773741514813,0.028846917762072283,0.015424653258774706
1983-07,-0.034728765961637466,-0.03150866529434257,-0.03290516032067183,-0.02726258243596774,-0.03150866529434257,-0.03290516032067183,-0.03236115524791437
1983-08,0.00045007917223175445,0.010690306932942565,0.004199812798392908,0.022366910629158354,0.010690306932942565,0.004199812798392908,0.009123473739153273
1983-09,0.02668766722571439,0.01622064729319261,0.01908280200779494,-0.0008263725615357589,0.01622064729319261,0.01908280200779494,0.016023558171208527
1983-10,-0.019139309339783576,-0.026072358369059797,-0.024179209918103132,-0.038040900706236475,-0.01797124859139097,-0.02283131525812764,-0.026386315478539292
1983-11,0.023676547006629748,0.0047882245047853,0.022016046309894323,-0.010747713470944822,0.027942779251646902,0.02678285828398861,0.016744055019508017
1983-12,-0.006738729664060279,0.0013296458254931605,-0.010306859851100355,0.0069713158727904515,-0.0104,-0.011257383062291038,-0.004540989711419465
1984-01,0.00044851835743544487,-0.01230645488138784,-0.012394830937625266,-0.03309069155543899,-0.0116,-0.012952138740014158,-0.011956764131261356
1984-02,-0.02891743579319606,-0.0038664645757076734,-0.033901777720548955,0.013402335444021023,-0.04059999999999999,-0.04197967744089447,-0.022233404363303635
1984-03,0.0013270755633125646,0.005687609321630822,0.009482988980767824,0.01837250453358054,-0.018855217752131233,0.008193139140640281,0.006721934885972144
1984-04,-0.0004440250775933847,-0.011872954513503866,0.001206527836790964,-0.021000393766762077,-0.00558206046255318,0.014990710233606656,-0.0048636436995847096
1984-05,-0.05001365156964323,-0.036525129075520316,-0.046668399174430296,-0.02435288450071035,-0.04702640172517318,-0.05251771653543306,-0.044266426204266004
1984-06,0.021481259523654754,0.014499450270148793,0.03135821630359763,0.010278048637202932,0.015307860691461173,-0.019999999999999997,0.020045589110931093
1984-07,0.01369116175852123,-0.011885654336820697,-0.01424151418539458,-0.05925600485059263,0.06273697251008409,-0.07469999999999999,-0.015446293002096078
1984-08,0.07352966511279027,0.042749772499057474,0.09232163814798243,0.03696435193256956,0.017396732233902496,0.06519999999999998,0.07687419439011449
1984-09,0.011763657872259123,0.0020199881304811236,0.0009287260616065186,-0.015185136907598897,0.028587615416851737,0.020099999999999996,0.001363239587135713
1984-10,0.020769261754131466,0.018012341543656475,0.0063968355341985335,0.002480811659662742,0.04954804959900914,-0.02641090134777926,0.009085131482830924
1984-11,0.0025514900237129587,0.004833233452816045,-0.006539081653084833,-0.001512375697868429,0.022020999866410512,0.0025052499666026284,-0.0027848121243748956
1984-12,0.019426124566013492,-0.009386551629214418,0.0178904220890116,-0.03462574177327153,0.011394415563819323,0.020341427991061076,0.007702554417231739
1985-01,0.06454209250719062,0.021671291893713952,0.06983243134691731,-0.0067346242070523915,0.03206706624838663,0.04531725561128081,0.053927529218511266
1985-02,-0.0024569340125616544,-0.009491981432215933,0.012998900410263057,-0.0028788036549590623,-0.008298284708124376,0.013554633639548123,0.0024050518611589264
1985-03,0.008714309310491553,0.024334583775672672,0.007814379990605884,0.032727433299762826,0.011421629356036295,0.003259765414508592,0.01105736686909433
1985-04,0.008047773261876109,0.020893644816599437,0.0006557049901186017,0.026772732585424532,0.010661757090934094,0.00027356735100516233,0.009237963473927756
1985-05,0.06587188281614924,0.03411986062610752,0.05581469037716948,-0.003349794711242732,0.06801682377481565,0.06560369315993857,0.045702125370862365
1985-06,0.015075687557993347,0.010543204017467986,0.017508577306990607,0.008125680960546864,0.014296134137167307,0.018488898078978935,0.014366327277071704
1985-07,-0.00493537758996464,-0.003950059158613176,-0.0017134946182732714,-0.0003416186137145315,-0.005918648433425137,-0.005899025411889064,-0.0024775183871831924
1985-08,0.007868083449549743,0.02099207080575998,0.000973717441923756,0.025805753407462474,0.01098584166785221,-0.0022293845737067775,0.008195792512302588
1985-09,-0.02077888948181867,-0.017879569776316107,-0.03363616288619938,-0.027199448620305784,-0.016196255906027874,-0.03370380861959258,-0.028498368603023086
1985-10,0.038757083887863086,0.02764449799989147,0.04050473643231685,0.021681735155519542,0.03682494681554694,0.04696082015472599,0.037066615024820095
1985-11,0.056348803547448784,0.031074475589075785,0.0628643805964852,0.01536647311653464,0.05276238600958298,0.06437783424947152,0.05088125025358436
1985-12,0.045633752180060966,0.0304538737983319,0.04251396296832151,0.015054604083333182,0.045719692967212795,0.04551072574569591,0.03786529197632593
1986-01,0.008196398285807396,0.030671710813925248,0.01212216886985267,0.05576837539897043,0.0072205599211499424,0.007088135958543109,0.021382366597999185
1986-02,0.07457644661076455,0.041648318898865354,0.06941345283204352,0.010162343128304822,0.040930479800882685,0.07585424052799596,0.05360838361292015
1986-03,0.0563186404073848,0.0445863023096721,0.05487216450596087,0.03207778512324401,0.0445863023096721,0.05823829584799314,0.04969552595476297
1986-04,-0.0018198743772882215,-0.006046351938788746,-0.0035796959162372475,-0.014112570582271522,-0.006046351938788746,-0.004428062601808316,-0.006825626037354831
1986-05,0.015043775290417614,0.005976563900688952,0.043277856167399875,0.020949412908791654,0.005293558270313269,0.04370233328416658,0.012028007282433192
1986-06,0.03160564291128,0.024683541368972085,0.01992732360077868,0.007191379092349374,0.02394480034332571,0.02287030162443359,0.019805400646446033
1986-07,-0.03274548869473107,-0.012585823690955482,-0.04869173948413842,-0.00998892911422338,-0.012585823690955482,-0.048496095922267154,-0.03584367968871083
1986-08,0.052648206425372004,0.06075566944837474,0.06456151952933568,0.07728087771771049,0.06075566944837474,0.05665869357996115,0.060477252486096984
1986-09,-0.06038249822035667,-0.0005082752653344868,-0.06130556266682078,0.045359577636564584,-0.0005082752653344868,-0.061428658259301425,-0.04154343527500391
1986-10,0.036124800160043234,0.026319116309504276,0.04949635770532905,0.0264683220538796,0.026319116309504276,0.04949635770532905,0.02181444889968254
1986-11,0.01712709480073217,-0.008772814623331775,0.014401177547402692,-0.03570033507429388,-0.008772814623331775,0.014401177547402692,0.0025622691679116905
1986-12,-0.016475618032624036,-0.015013973539565514,-0.025636592603797817,-0.02100294139734135,-0.015013973539565514,-0.025636592603797817,-0.020871020314106675
1987-01,0.08102135199246233,0.06056087905729545,0.11543946836656063,0.07187976917296082,0.06056087905729545,0.11152035820201088,0.09456996077025084
1987-02,0.030933448140026826,0.012037832418934798,0.03923928617373302,0.004551254624103811,0.012037832418934798,0.03912767924685648,0.012649167840819984
1987-03,0.006142376004258918,0.008253722248928423,0.022246481784266442,0.020263995152451166,0.008253722248928423,0.022246481784266442,0.014047591999952848
1987-04,-0.026158094915820777,0.004583510655475875,-0.009179107488502836,0.041769191991851556,0.004583510655475875,-0.009179107488502836,-0.0027657198633695267
1987-05,-0.0017404160088921653,0.014435682036967854,0.009608898006925803,0.035072262470522794,0.027014323866313784,0.01260017700398104,0.015029068528963713
1987-06,0.032088354469734695,0.012157169896060128,0.03935060403036043,0.00011625168815240005,0.011052864539019384,0.040596102334508874,0.016912170843290438
1987-07,0.021229370657464372,0.011246230466884288,0.037966062705766995,0.015778353756924816,0.022570536241782728,0.043670792452545015,0.02671341995181646
1987-08,0.018008228116722126,0.015745150774575622,0.033301661162473115,0.02805966437655874,0.03101155191730903,0.036840154920252964,0.02781242355549262
1987-09,-0.0256705924828346,-0.01856519949347405,-0.019618062418153403,-0.008555710952531855,-0.011745344590743962,-0.018279724876902076,-0.0197463168208875
1987-10,-0.11282324324419005,-0.052754425080504784,-0.1831702440924588,-0.06806434302521017,-0.10752731611661755,-0.21265642414734212,-0.0815448367725313
1987-11,-0.04446276032197239,-0.022569951037272704,-0.06373088661153402,-0.020540068739696545,0.005367420747958176,-0.07712242813975712,0.0014753683904024893
1987-12,0.05039994125642602,0.04279087428819766,0.06796014804297575,0.04211479722776707,0.03846153846153855,0.03630210579431998,0.034590447550456566
1988-01,0.04515775464274125,0.023958665644032064,0.0406731108750136,0.023958665644032064,-0.01851851851851849,0.02458518518518519,0.018456182031107576
1988-02,0.03681736102937435,-0.0025249140680996315,0.04078613488809086,-0.03218126213708394,-0.07337526205450728,-0.03217101295164907,-0.01993966259088776
1988-03,-0.019023450596803045,-0.01135657457608728,-0.01725015481674646,-0.0031221646260746767,0.004524886877828038,-0.0036973119680396684,-0.015149803448131561
1988-04,0.001228244345516678,0.005301661905739069,0.0090065876835379,0.015432681783371982,0.018018018018018056,0.011940763327138103,0.0076938169989376895
1988-05,-0.004078902138875888,-0.00454065832426709,0.0005441278407405147,-0.0006791488224424014,-0.01577687062159818,0.0221434470206128,-0.005192416682914235
1988-06,0.04459192328929873,0.028376443056281887,0.046212626141154116,0.017564102497496837,0.03244442691582346,0.029099999999999994,0.03342693551534451
1988-07,-0.009231089651341343,-0.01608404206910502,-0.00824728312947156,-0.021711994812196704,-0.011960272419871933,-0.005980136209935965,-0.013800019911345498
1988-08,-0.01661016923154245,-0.014644453427224506,-0.02524587858391216,-0.019733323267402274,-0.0007212806232160217,-0.0014763547638199806,-0.021220827284750114
1988-09,0.036543366969027144,0.009982482147647695,0.033143269944582915,-0.01474858512976139,0.032432650749514416,0.03243265074951441,0.024637627743831
1988-10,0.019354669490588266,0.008299266247743587,0.01717099481236413,-0.0038309390667938923,0.021842636387295424,0.02184263638729542,0.012992760693294018
1988-11,-0.017901655108992182,-0.0014531481542491532,-0.012895333616518394,0.015609382239378607,-0.018875240099785126,-0.01652920668329752,-0.009228845929361778
1988-12,0.013621180016727632,0.0070164719988780955,0.0183886316262709,0.005419260645326771,0.011751646686337878,0.019849571238500813,0.014054211208349729
1989-01,0.04612300285973769,0.015464762301403043,0.055946303774661685,-0.0018126560970341853,0.04110512407566856,0.06219806456866519,0.04082779496045001
1989-02,-0.014647423350950867,-0.02273510461336256,-0.018579195415630384,-0.03185940883086698,-0.01693192705579047,-0.017458493418654526,-0.019483197771099352
1989-03,0.017056217310637375,0.01218694602374813,0.019269886415801282,0.010889663496501542,0.022400000000000003,0.027982192700660154,0.017291838469441365
1989-04,0.04045548943618252,0.02021461688217998,0.0424599274199893,0.0064674456541294325,0.050199999999999995,0.048372265235648554,0.035203984571912976
1989-05,0.0384774943414724,0.013975379315114887,0.03348757406664981,-0.009038979201377717,0.037182399089683196,0.039797066514947195,0.02732914695344415
1989-06,0.012601005237731422,0.008804499774635847,-0.002037509558860877,-0.007499297501054782,0.017301655236425267,0.0009822019797402605,0.001295986375029144
1989-07,0.05759223390609729,0.04119606151058739,0.06941383464188015,0.03894677029484602,0.05229385449171443,0.07901706618609289,0.059996709050208506
1989-08,0.003849834460268365,-0.009307486208885109,0.017513351905443567,-0.010576409615450751,-0.0006090446012463159,0.020419846064455644,0.006184660672710833
1989-09,0.000744036059632354,-0.0019445254537152382,-0.004321876284779771,-0.005873275444387727,0.0012083014324832495,-0.004148564946983523,-0.0015323610554284874
1989-10,-0.004472397737390074,0.005824104458451138,-0.02176368241554158,-0.0006958752261261904,0.0018348521269983932,-0.022941110304992032,-0.011938152947316077
1989-11,0.015174967253003399,0.03428433330420053,0.020139803481775735,0.033613783581763756,0.014648610377759563,0.021681015029001532,0.037009154084333105
1989-12,0.010911173616102474,0.019103120505329467,0.018751327436667478,0.019103120505329467,0.009164354280899309,0.02248252912216546,0.01754441189498508
1990-01,-0.054006367911989435,-0.03246668745224147,-0.06007703018128256,-0.03246668745224147,-0.04943167519214632,-0.07207994969226648,-0.052383649923624584
1990-02,0.010817811105778202,0.01187145563104563,0.016706144921730733,0.016351576947595307,0.009300978250597015,0.010269033433402583,0.011469471172721447
1990-03,0.01397283821746269,-0.011658661756829149,0.017809638532750693,-0.030136065819384213,0.011292164279185423,0.020894623304744276,0.0059004142878463575
1990-04,-0.02322209949524489,-0.031046262905504256,-0.027478950970237146,-0.04117782053197577,-0.022350668026761684,-0.023537785396386485,-0.0288832545150032
1990-05,0.06925600375134076,0.03806368388718635,0.07975945593287877,0.021441469270922785,0.03575138670168643,0.0815236529644885,0.0645807466960972
1990-06,0.004597866680497339,-0.010785337257639898,-0.0062426099624848345,-0.03230379312514852,0.006170312699751715,-0.0005273393649131155,-0.007708747166402285
1990-07,-0.0026556927322046293,0.010218960927527772,-0.007139663023965551,0.016742859823172276,-0.012958580852343367,-0.006228877754194091,-0.0009920287810557312
1990-08,-0.06700037038579637,-0.010693074400887419,-0.07967681623558238,0.027212439147399646,-0.027079375642886604,-0.0695060129522123,-0.05265412710877412
1990-09,-0.02909002406759588,-0.020180187150794088,-0.048911239838225366,-0.028592087120791466,-0.01718987341772149,-0.025696624472573825,-0.010821078934952898
1990-10,-5.747100528006725e-05,-0.004835827421979618,-0.009541552743357553,-0.0178665243815437,0.01651665842048592,-0.013391600052616227,-0.006816188642708906
1990-11,0.054814774916568054,0.03501545119064795,0.06163633357135343,0.024811829108721307,0.03326476321162104,0.056472504936958816,0.028079958591148115
1990-12,0.02594957598740643,0.012144922149026753,0.025181630081712127,0.001437905857995397,0.01900460068034302,0.0277381448177946,0.013294079625662498
1991-01,0.03529903323351736,0.02690545888887812,0.0475909438088401,0.029720856892320586,0.010107754865021542,0.04779999999999999,0.038969133196600496
1991-02,0.048952137344870306,0.010646201254081434,0.06247011715872575,-0.009173646527225233,0.007366847667582014,0.06721114127793033,0.005108596194330744
1991-03,0.020440388752270288,0.010917703383649549,0.023825491940488157,0.008429624106717725,0.01708022941778819,0.030436101208574057,0.012248382712381293
1991-04,0.004984258454442777,-0.0008611717209620725,0.001474617904989012,-0.008367993543250973,0.005607233869963945,0.004342449814949067,0.0002689005097431501
1991-05,0.02637270767037285,0.014155501424677775,0.0409350881518583,0.01189535198051804,0.022641351247558724,0.03847450926354706,0.020254459084193953
1991-06,-0.029261048584660953,-0.007521851384974626,-0.03656944386060034,0.0035832615634002075,-0.025273633935276797,-0.03800579542500131,-0.023122370735239227
1991-07,0.03218366937959459,0.019826062294776604,0.037934521008098625,0.017542670400986123,0.02840773087824888,0.04882109719645444,0.03342593301782513
1991-08,0.029753735376271937,0.009283799891314365,0.019445537082537507,-0.012496799864164692,0.030244862079886185,0.0340448212363727,0.018533175935728945
1991-09,0.005510184353567149,-0.00010845889326101894,-0.008992743335022969,-0.016909265152724638,0.009713089430357398,-0.00891012946937275,-0.002437034583951573
1991-10,0.01273495222880517,0.017307428985523562,0.014511796034933397,0.02479747093572306,0.011646890485118829,0.012827381022692012,0.016770904123710937
1991-11,-0.017873376801518903,-0.007620214031007193,-0.033903133002310064,-0.010849252943679654,-0.012815919973840831,-0.03686043467307846,-0.02286016299813354
1991-12,0.08900454076629892,0.05730223151748883,0.094375880572004,0.041114073872500524,0.0831846371268909,0.1077378846218045,0.06482634930549867
1992-01,-0.016004619696987275,-0.020313287191968482,0.0010842311064401251,-0.01562325767356726,-0.019376874622173478,0.002753993609028752,-0.01753921203214352
1992-02,0.011701128855296348,0.007484860954589303,0.017925442306253238,0.004522272576337931,0.011228936484449703,0.02126177134286373,0.0100992060339401
1992-03,-0.01888660390903296,-0.021309603132740457,-0.01998185481175829,-0.02653991317202565,-0.017832906071282607,-0.018687109232873783,-0.0222065773571872
1992-04,0.009044426179573538,0.00033963424651546284,0.019936499650464682,-0.0049928607668084084,0.007781342584757335,0.011496145619372242,0.007219661432786705
1992-05,0.01380882277839039,0.008565663767736717,0.004627639734288734,-0.0020157913910194103,0.01581196129268409,0.0031394401385400074,0.00757208924562598
1992-06,-0.00428805973061601,0.0037280769802781025,-0.013613202347548783,0.001206444607293962,-0.00033357802207532964,-0.013950718543084334,-0.008541782296139859
1992-07,0.03892548087073153,0.03734877948427338,0.03916821986437767,0.03707600460962142,0.038434888835185255,0.0383688043682403,0.039116290278977894
1992-08,-0.0076068670512582995,-0.012249580904621523,-0.023087544166856103,-0.025955466363430747,-0.004208230882970651,-0.026698092236656222,-0.01672592289525051
1992-09,0.01816348658485694,0.014658095212073714,0.014164014143273961,0.008716536667956257,0.019081970629656237,0.016571889892612435,0.014578253826116539
1992-10,-0.0026415000248400586,-0.005253954568447495,0.007388761480529382,0.002229524989106399,-0.006426195067056825,0.005771523708756579,0.003623008214866192
1992-11,0.024224516081615778,0.004183721440617295,0.03367293277701232,-0.0028837294775884426,0.019358436831199158,0.04316754406588679,0.023937182984622035
1992-12,0.020320668146126465,0.013901727277463237,0.01714184530333173,0.005994408756131647,0.020879312895735185,0.020992886529414473,0.015988289943893938
1993-01,0.018196900065622336,0.007252400429763652,0.01381910892432163,-0.008083627091671269,0.019846537427222512,0.023344997437360373,0.009425184609196035
1993-02,0.014795678140922777,0.011750547266275856,0.007922808347597156,0.001116805198053405,0.01764582267860859,0.016763777962170844,0.007574217996364013
1993-03,0.01741988830843492,0.011242948558621535,0.022733950416193225,0.010591122367969512,0.015351996490244985,0.025670243605633233,0.017209050635718155
1993-04,-0.015447413477103591,0.003927946972286812,-0.014468989773403041,0.01486330037592116,-0.012282758302359035,-0.02098157337183212,-0.012178232649457336
1993-05,0.01743586456237225,0.03369581824030449,0.0314732049495205,0.05906432194373924,0.014022280287260004,0.028917396771494755,0.03238694703129522
1993-06,0.016085808789335077,0.017013746256489288,0.006108241275132892,0.010893954481979926,0.016285356514051,0.00984165672427826,0.011256221648452313
1993-07,0.00042980400866074014,0.018445894094133455,0.0021893591339197938,0.035504495987608,0.018445894094133455,0.00950839553791543,0.00872080958205928
1993-08,0.03728867630242182,0.013377590620902461,0.032436231244437175,-0.008904891054436018,0.013377590620902461,0.03223956450148033,0.026533847147933227
1993-09,0.004174766373631061,-0.017895757101601503,-0.004194008355659942,-0.04179053425857293,-0.017895757101601503,-0.004203923473369045,-0.008254058664333562
1993-10,0.010726667675801724,0.014624205740431556,0.02288102595592438,0.02233055039495065,0.008595574427044539,0.015763963994421558,0.015507413411823573
1993-11,-0.019836947427441385,-0.004676956826067216,-0.011282365621020952,0.012910153730479483,-0.005420828170491056,-0.014730761339135754,-0.010438617951878327
1993-12,0.013219998488979376,0.015884042398763572,0.01866726287949072,0.022285494255564392,0.015884042398763572,0.018622521871808826,0.01733903973097942
1994-01,0.024556303288594296,0.018742225829587338,0.030233244086396053,0.01735971543471209,0.018742225829587338,0.03416446904593251,0.02497088080135275
1994-02,-0.02536236113819397,-0.021545901820355737,-0.02422925909620126,-0.016424598819507617,-0.021545901820355737,-0.022687937864663905,-0.022476973305058864
1994-03,-0.042775256539945065,-0.0263721960676525,-0.042235201197923865,-0.011582184707433678,-0.0263721960676525,-0.04278299519344897,-0.03578657741874378
1994-04,-0.00021887206678509037,-0.007865076633157995,0.006727540076251613,-0.009014459053351579,-0.01970430440972794,-0.006318644966259848,0.0008124570402432631
1994-05,0.004659632271665215,0.005914780137568333,0.005059199162248906,0.010057841604020925,0.008555039787798395,0.006568756015453875,0.006621176571109847
1994-06,-0.01872545675759337,-0.006681491578620925,-0.02278708671436555,-0.0003519791812830348,-0.007089316738704695,-0.02645340150487267,-0.01723887703656071
1994-07,0.027222540431156492,0.01664475708242212,0.028357184392311947,0.008583752307164731,-0.0038152286133552233,0.031335237978501566,0.023815296062292407
1994-08,0.02674863444899882,0.010632634800018163,0.03456272463029358,0.005956822424402983,0.04139999999999999,0.05657475057795145,0.02726250164596999
1994-09,-0.0208983713643048,-0.003717380632013255,-0.015955915772946902,0.014654548738018145,-0.0191,-0.01705534158386226,-0.011419283955811396
1994-10,0.0077392899070876054,0.001840581467480058,0.013432191872491908,0.0023375586500941872,-0.007602040816326481,0.01824687530401069,0.009566292617625925
1994-11,-0.02207903372223277,-0.017430306511329176,-0.03162978316604925,-0.02246882646650376,-0.01538461538461533,-0.026117467727233046,-0.02702021053936472
1994-12,0.012328848618142804,0.003767788667073173,0.011239009487760273,-0.004359279305824438,0.00935555072654049,0.010842903649604288,0.00837727211924222
1995-01,0.02253581550067408,0.01506764516875997,0.016273707545793083,0.007385480863568941,0.02304100071219267,0.014144117235302345,0.018631565332867774
1995-02,0.03734633717529691,0.022635439587834323,0.03538563414657415,0.009903060693000232,0.03291658315701665,0.03911846206073348,0.03146599179680047
1995-03,0.01886425256044134,0.01570546501778596,0.023773841788091814,0.01764999432885274,0.024999999999999998,0.03318571428571429,0.021098543999430733
1995-04,0.021355487768346015,0.021399149903659997,0.02340011892369038,0.02419957989814339,0.0255,0.02934444444444444,0.023446074174844077
1995-05,0.04545353856538627,0.02702915338911616,0.032338634776748254,0.001235435447292138,0.047471480836372926,0.033164296167274586,0.030714246697452714
1995-06,0.023866545115879677,0.017148751979687415,0.023191078630156618,0.015800536397530526,0.021860190620034647,0.023482313732693882,0.02452264031293202
1995-07,0.020069919492558867,0.0080689515916094,0.029817072594377603,0.010417056018522901,0.01468885434754009,0.0330276324090896,0.0248297228685949
1995-08,0.01321435246911248,0.007579667246991872,0.007056954436055587,-7.99381062672319e-05,0.013971791833094877,0.008011973633293522,0.00887910260007488
1995-09,0.028058391781742815,0.016190629204186444,0.03178576778526256,0.010888676565917799,0.02559855314959688,0.03783514974328975,0.02704467622623613
1995-10,-5.747016578091927e-05,0.001675774046646093,-0.009854130157079673,-0.0034889264120890042,0.00252993521681562,-0.01073794516033667,-0.004369066979645651
1995-11,0.0363539766353351,0.024736225705458866,0.04054702815213673,0.018075490199503347,0.034494436778347945,0.040284611127992545,0.034264892615718676
1995-12,0.016520707454615986,0.012938440299345854,0.019285493230445646,0.008542151843664646,0.016827217685495024,0.020088469059581483,0.01411322611663203
1996-01,0.017396453296285832,0.020345041041400738,0.02488315768872037,0.029632934960504752,0.015020793314416714,0.024413449524019446,0.02362194542624746
1996-02,-0.003402128060273203,-0.0006924096082241624,0.011134360679160427,0.015756179596156085,-0.008550929324943089,0.010834740521213087,0.006548577170100632
1996-03,0.0026903001784216916,-0.0070527603029925745,0.012959262626992306,-0.011049330847380351,-0.007789817023439176,0.012801031609802442,0.002022699916973532
1996-04,0.008042809076756516,-3.0816127268442514e-05,0.016440517018897323,0.003330663439391352,0.003026425076847247,0.018148605287076125,0.007669706139632203
1996-05,0.013478982715015022,0.0057486069824108045,0.020373680595642946,0.007552165857593021,0.009901850117381185,0.022139603997260768,0.01655282332126056
1996-06,0.0013233005036069148,-0.003636085984314763,-0.0034637312846151837,-0.014354826647884695,-0.008036720108810185,-0.0038369836244991243,-0.005475192903616751
1996-07,-0.032820500543684544,-0.01990358699734775,-0.04826869375953238,-0.02183582052659008,-0.055099999999999996,-0.05592959168736878,-0.03750211216099105
1996-08,0.01679624244007505,0.012172479560960122,0.025097882853637905,0.017534232302369498,0.031799999999999995,0.02739107262793081,0.009726936183572224
1996-09,0.041875183579202745,0.022368137622985892,0.04007947187520282,0.011264395380174526,0.0545,0.0482203349684439,0.037664992408470564
1996-10,0.020145914579683694,0.012880127916117317,0.01459185548604303,0.0007830936034879701,0.012899999999999998,0.01651488441755513,0.012880053686531674
1996-11,0.05121925754264759,0.028951442712909666,0.0526282619653138,0.016940596663751244,0.06659999999999999,0.06015097458636482,0.047775720785795964
1996-12,-0.016162166076137238,-0.019357566240119976,-0.011954518321717029,-0.020047034025167526,-0.012400000000000001,-0.013697482244044126,-0.01589048515337274
1997-01,0.03171331763777144,0.004762107361579353,0.0364707288592908,-0.007266720961786616,0.054099999999999995,0.04795983685884143,0.026203001819506164
1997-02,0.000752343038864452,-0.006757230884380895,3.210045028490437e-05,-0.015374981680006686,-0.0008999999999999993,-0.0005300554316992996,-0.003857015334146733
1997-03,-0.03556498527408747,-0.01719475292591459,-0.033007873029828196,-0.005706058674802301,-0.045899999999999996,-0.038175,-0.030856886744432127
1997-04,0.034840725153312435,0.013989918669818286,0.03211247124680443,-0.0002852121404641599,0.0447,0.046060575522810995,0.0199415394144292
1997-05,0.04698559926580055,0.027099270819888947,0.0581378698248291,0.024029197646680833,0.03994270674865861,0.061153219408847014,0.025694570756291245
1997-06,0.03364439923114952,0.017667333935285905,0.03587452161763384,0.009046878054713197,0.030884876341297714,0.04010281268136578,0.02192755144883425
1997-07,0.06307770083230385,0.023033046438306243,0.05630086961839836,-0.007464992686954047,0.05949910074335418,0.06433445237605848,0.041372697162390636
1997-08,-0.02946268566539741,-0.01844850416281669,-0.028448647948588694,-0.012371225924191877,-0.027600875334494967,-0.030624313867692127,-0.023062250206232867
1997-09,0.04325671794425892,0.025375208743309594,0.04996683271894842,0.01718829820787454,0.039622350363832305,0.054050741981250455,0.030775807108154748
1997-10,-0.009911054967127852,-0.000576506162935737,-0.02073114789961387,-0.007171953217428554,-0.00393625182837088,-0.022795692539356184,-0.0058984210927585665
1997-11,0.021609668378977046,-0.007113232996802062,0.02649771112108643,-0.027730069804177526,0.01856674757138314,0.03303613750126223,-0.022158411416191043
1997-12,0.016093250912370887,-0.00815656343829965,0.01621143731252364,-0.00877133279310767,0.01559376359417609,0.021742613366759807,-0.008629769520424007
1998-01,0.012043487906256945,0.009034755946424711,0.0029048421601342096,0.009034755946424711,0.013604727301961049,0.0031374577491938027,0.008590673328816405
1998-02,0.043649217029065254,0.03323191552924634,0.06283876775301202,0.03323191552924634,0.036012687246187565,0.06554351353538086,0.03359532756137618
1998-03,0.03124571136856917,0.01633276128303188,0.04705038952822488,0.01633276128303188,0.02618742463520903,0.05093278405291632,0.03329834839798171
1998-04,0.008592229412820996,0.018714657554085704,0.009937645219770955,0.018714657554085704,0.00781887388040892,0.00759032563598268,0.015196199888758628
1998-05,-0.01050795989974652,-0.01406001407934651,-0.014044728990436612,-0.029036373222122536,-0.006459377625257883,-0.012874519516947767,-0.017250299760319537
1998-06,0.027080285217694677,0.008758709571529391,0.023710449030868476,-0.003609022163817739,0.024853487810799043,0.027336878727484606,0.022016940344690684
1998-07,-0.012130245980960748,-0.00561958572866474,-0.02380280041336164,-0.004483354131934702,-0.01011119949451249,-0.025891420409503922,-0.008095684926296772
1998-08,-0.07798700713077304,-0.049198981858872996,-0.11728249493999764,-0.04986846476257523,-0.05843221014837306,-0.12466756716986818,-0.05926177826706783
1998-09,0.06090874090623981,0.045543372667237,0.054403309667620324,0.045543372667237,0.05204061464798432,0.06274427132366092,0.0371957320546563
1998-10,0.03897404694820247,0.028368238765672158,0.062204048488820836,0.028368238765672158,-0.012053187328110929,0.04054001885046033,0.011870972415865539
1998-11,0.03666139485812614,0.0176670949806882,0.04387674169978794,0.0176670949806882,0.029163581607329774,0.051131810953221814,0.003583507443529417
1998-12,0.04357069964202189,0.023146960108692178,0.04326055387735067,0.023146960108692178,0.03814311629597973,0.054889523131336534,0.02760417501791208
1999-01,0.024196514645770217,0.00805791443087512,0.012239262894641023,0.00805791443087512,0.02067444120787342,0.02455893372011606,0.0049384984026308925
1999-02,-0.04009177255938082,-0.02720615106757237,-0.028124033208432687,-0.02720615106757237,-0.040787181719269316,-0.03356455787454431,-0.026196630706402334
1999-03,0.026445404674805367,0.014341540392549734,0.027448084822578045,0.014341540392549734,0.023282296772854046,0.021532461855569524,0.01063844153447515
1999-04,0.02664825885453491,0.010851564939513772,0.0529606379803673,0.010851564939513772,0.021537598972893653,0.02309470636258342,0.007408617803634161
1999-05,-0.019370097396409595,-0.020863439765121308,-0.017102184130065777,-0.024243381331236043,-0.01890898201770158,-0.02575003614215791,-0.020831868225813188
1999-06,0.027826826023506362,-0.0035450113576342415,0.023033475563139765,-0.01900056198221168,0.0509482343131429,0.04181975328648312,-0.007963178806965681
1999-07,-0.020009205776558497,-0.01790399667894362,-0.026258121624135055,-0.023198115192744968,-0.0311,-0.0213950583453221,-0.017571059056008986
1999-08,-0.0056928605754338266,-0.0018077517455615541,-0.012356858933466419,-0.0006692921072188521,-0.0098,-0.0052625,-0.004001122587606113
1999-09,-0.009913684883251329,0.006078590438068149,-0.02604319227473162,0.01281131681483463,-0.023799999999999998,-0.03451666666666666,0.007502524507963942
1999-10,0.03728857733543447,0.07812282210201214,0.059643177463301535,0.13729314088868638,0.0648,0.05750429143162724,0.07854862744225596
1999-11,0.01991004105287088,-0.009025431836656309,0.005002334065279676,-0.026071681193609874,-0.011338906752411565,0.018110635124754727,-0.02010092099463429
1999-12,0.04282216722652056,0.010780887555705172,0.033258990143037855,0.0041923542003087545,0.0798103449479938,0.06296494113461722,0.03225406468143831
2000-01,-0.03045711177871571,-0.01700849450756706,-0.028089798765695125,-0.012141311185557674,-0.043300000000000005,-0.05905144745249512,-0.02887814312507809
2000-02,0.027097444648143135,0.0365334934012855,-0.024410464492002886,0.047165682044860886,0.028900000000000002,-0.006718098591549291,0.037826071847965125
2000-03,0.04773590121617278,0.014745047974426169,0.064281714065414,0.01407777989520444,0.0568,0.08831353336553166,0.01111107839148932
2000-04,-0.03943035432496543,-0.03000907482181468,-0.008291340640484202,-0.03000907482181468,-0.0593,-0.04094999999999999,-0.0209400797669071
2000-05,-0.02303292594382895,-0.018665841594610367,-0.008093453316135247,-0.018665841594610367,-0.0389,-0.05051724467290692,-0.01072309943422966
2000-06,0.04024034623207881,0.03840189635331364,0.00487103049903544,0.03840189635331364,0.0508,0.04534391109942134,0.03428509239049949
2000-07,-0.01029430758686764,-0.009906642102896285,-0.006363094551462101,-0.009906642102896285,-0.01824300699300698,-0.035437202797202784,-0.008787157519642937
2000-08,0.0564666785110817,0.025604365894042087,0.047049929345069096,0.006624062752086484,0.025028119958695225,0.0577372713847461,0.021701390079400185
2000-09,-0.029775254831501324,-0.017195558868714947,-0.007315435831139431,-0.01763118468647496,-0.017195558868714947,-0.008635721194226204,-0.03395702619914827
2000-10,-0.01050817394648043,-0.009929477212968232,0.0017030276964081666,-0.017159270608067247,-0.008328484760749528,-0.0038122125039031732,-0.011739755213771368
2000-11,-0.05044291668911032,-0.029991192565848226,-0.04558957469360246,-0.03065278992150545,-0.0375763942426693,-0.0388777464510605,-0.00670154259803642
2000-12,0.022947108178605652,0.022586622764905535,0.032037946960187365,0.022586622764905535,0.031589857514542984,0.06037755202755087,0.02396994759271779
2001-01,0.022292020621150918,0.004879137801826019,0.01635886409073833,0.004879137801826019,-0.0011063210698989152,-0.041807692102239245,-0.006452117959157803
2001-02,-0.04778848902776605,-0.02752793773028512,-0.035616264392363525,-0.02752793773028512,0.025313117424509455,-0.009224011989801759,-0.005775181288009606
2001-03,-0.039696841963630554,-0.02042774710050004,-0.043424605987330125,-0.02042774710050004,0.00332302730993473,-0.030600121806582024,-0.017098961210625287
2001-04,0.03873714705578543,0.014601690963422616,0.05769516695323294,0.014601690963422616,-0.027890010188887086,0.036250329637855024,-0.008829262247265794
2001-05,0.0053159172157139795,0.018137619510120273,0.013057817203959158,0.018137619510120273,-0.0016139569852035105,0.01705668710142945,0.021065308299706917
2001-06,-0.007850403124698318,-0.006242505949582662,-0.01927514220668422,-0.006242505949582662,0.005284389080243533,-0.02814173731940605,-0.0058146928927108096
2001-07,0.0016251697977953746,0.001935810423723516,-0.005836028822069731,0.001935810423723516,0.031532776206040614,-0.0004919121820030766,-0.0026920735909042423
2001-08,-0.028004793928522016,-0.008213600436635547,-0.037059757449954545,-0.008213600436635547,0.021382791552514956,-0.02586597364593362,-0.0044176095749737165
2001-09,-0.0442823070239533,-0.00849714185834715,-0.07095244045968459,-0.00849714185834715,0.023770419181973368,-0.033033194954115046,-0.01514664431736463
2001-10,0.027296173898749006,0.01822504213593408,0.01934787150391859,0.01822504213593408,0.027847192343397366,0.01946867097624934,0.014877305456570945
2001-11,0.032609538970888405,0.006083139476682884,0.05308384300749203,0.006083139476682884,-0.03035519636113301,-0.03060335292729497,-0.005905609726226799
2001-12,0.003160733253312596,-0.0003125995203046437,0.017680246502046845,-0.0003125995203046437,-0.01940620308524102,0.004030472314404137,0.0004955804692841626
2002-01,-0.006122919185594958,0.004312262704448287,-0.006890032777051723,0.009489953115562952,0.004225,0.019587194575055703,0.0018447585398497467
2002-02,-0.005417358017996066,0.015641427929179563,0.008823292350658773,0.014970092192554204,0.033333796414252756,0.032826252667879544,0.012441978146930661
2002-03,0.011429122781862675,-2.857869256040157e-05,0.037423259886940716,-2.857869256040157e-05,-0.02186335355045888,0.01183317824593296,-0.0011684008757549995
2002-04,-0.019028514905031393,0.002780135528321038,-0.029370342033895148,0.002780135528321038,0.029627673790343954,-0.013523841182232522,-0.0031932417929584887
2002-05,-0.004719824581115308,0.010189644599159952,-0.006095481062528721,0.010189644599159952,0.020438273194949216,0.005980521328165533,0.00931730712710682
2002-06,-0.03405356746387565,-0.009128892447481208,-0.05205757132483819,-0.009128892447481208,0.021823471753399524,-0.023045838465319244,0.0020523650363383594
2002-07,-0.03555916086056472,-0.024553108720805933,-0.07447713468152325,-0.024553108720805933,0.0034325821584364133,-0.04262243797939873,-0.01563866799054118
2002-08,0.017239005559650866,0.010110251991842201,0.007319337354354986,0.010110251991842201,0.011980510737593387,0.015598058879739094,0.011371213304227981
2002-09,-0.04296727897823396,-0.009135492496266336,-0.07751173124936518,-0.009135492496266336,0.03729772615889268,-0.01435402635001334,0.024560035418911743
2002-10,0.03925761116988752,0.017311379367543147,0.052352443405762596,0.017311379367543147,-0.013851366874171872,0.0013009171264886565,-0.002981102139563258
2002-11,0.028434130556206746,0.015655614277398814,0.04912468476860176,0.015655614277398814,-0.006866617944317275,-0.0013319890518857674,-0.002004077649763167
2002-12,-0.019750522865233357,0.00654030707523314,-0.032134516896374164,0.00654030707523314,0.038085128276314176,0.020373925736875884,0.02058463858180593
2003-01,-0.01909876552233657,0.01328692024393817,-0.02260235796791102,0.01328692024393817,0.03234179635879982,0.031701060258220816,0.01390227512794397
2003-02,0.00013963082519754218,0.004924388524945691,-0.017222624061478686,0.004924388524945691,0.016365510592374517,0.016365510592374514,0.010299593539615086
2003-03,0.0044308586236950585,-0.015002099799745611,0.0075388543664579,-0.015002099799745611,-0.028446397606806614,-0.028446397606806607,-0.01490517531316102
2003-04,0.04899085867994381,0.014295219032505628,0.06586906663509126,0.014295219032505628,-0.019937001560597883,-0.01993700156059788,-0.005429608786679939
2003-05,0.05551839628957625,0.06446045904809425,0.061297005731170986,0.06446045904809425,0.0660485952379763,0.06604859523797629,0.06450473560597546
2003-06,0.00459306444741851,0.0012848312932939188,0.010891747577651116,0.0012848312932939188,-0.005670534436990654,-0.005670534436990653,0.002049798855295201
2003-07,-0.014573786911720201,-0.02082592933060421,0.0077828566818261904,-0.02082592933060421,-0.021488064249704942,-0.0011954532656916718,-0.01621975737355513
2003-08,0.01713308889137331,0.018826435835312745,0.02899237003759792,0.018826435835312745,0.018826435835312745,0.027878122579142274,0.01939070896722626
2003-09,0.010463213278529717,0.028243341193527435,-0.005915009081995301,0.030655451043373128,0.02001252197275401,-0.011701993127884086,0.007804734977782718
2003-10,0.026370403606477917,0.01171438786445497,0.04745978088524257,0.011040370797443948,0.030710575593611532,0.053001779942037065,0.01747607876149869
2003-11,0.009612970758970288,0.015315921049277507,0.015087079536957128,0.015315921049277507,0.0215745825432592,0.016035434858409744,0.014760307560407571
2003-12,0.029907102107650206,0.032163381222735085,0.05349135251121454,0.032163381222735085,0.03158740372593229,0.05167157984582443,0.03768679568655422
2004-01,0.018276897151735586,0.017260836355053967,0.012782770153093564,0.017260836355053967,0.01912913355150819,0.012699925040632791,0.019729528646259726
2004-02,0.015667521783815,0.003376992834390162,0.015332837477714514,0.003376992834390162,0.002796718327781284,0.015235538288362495,0.008986889084604526
2004-03,-0.0018000473347945336,0.0021782888227773805,-0.00576420254373893,0.0021782888227773805,0.0021782888227773805,-0.00576420254373893,-0.005063584155834624
2004-04,-0.03032220339990798,-0.02566142724404872,-0.009614940284452603,-0.02566142724404872,-0.02566142724404872,-0.009614940284452603,-0.025586762866810147
2004-05,0.004845961680152218,-0.013748882518151657,0.0010056693794939255,-0.027954868904437716,-0.017941419764259857,0.001498576639228265,-0.0031513288114182235
2004-06,0.01438802514104072,0.015696426302332325,0.024120862827680698,0.020288212504058444,0.020028792164080003,0.025435420135170517,0.017431176653177904
2004-07,-0.018298456687437764,-0.0035814941866395907,-0.025639705605829993,-0.0029300865858109186,-0.012047878256589834,-0.028639531608232644,-0.021491035517133283
2004-08,0.014503900972451843,0.014290978502804128,0.006189053359358674,0.0055946440496757715,0.013725016377486163,0.006105928687614168,0.008033063472616075
2004-09,0.011302743244318224,0.009892755379670656,0.01704634196007159,0.00923354287840549,0.009892755379670656,0.01559506657453597,0.011438184431386826
2004-10,0.01347109742551694,0.02102227411880492,0.013030203692478906,0.02102227411880492,0.02102227411880492,0.012905268735853206,0.01784387122821927
2004-11,0.019530937206339496,0.02354510675885004,0.04473263776291902,0.02354510675885004,0.02354510675885004,0.04365031454425494,0.03439836416387219
2004-12,0.026762474617763207,0.018607882599999456,0.030614318091189762,0.018607882599999456,0.018607882599999456,0.0284675209434554,0.027183768446237593
2005-01,-0.01090820293876511,-0.018353866923924968,-0.020174441431654238,-0.018353866923924968,-0.018353866923924968,-0.018586398492747416,-0.02213245272561766
2005-02,0.006582359521915355,0.0012914596068522354,0.022972050928313212,0.0045419560660986125,0.0012914596068522354,0.02462877372001838,0.010845048874962897
2005-03,-0.0133792201079107,0.00040175745478509493,-0.013654725495675379,0.011557240901956874,0.003776120186882201,-0.0075914507510916746,-0.008455365334676286
2005-04,-0.003578333098169435,-0.0028392055290649356,-0.024694130248516844,-0.015704274568557792,-0.017787316830444166,-0.025676645787407457,-0.013424322085393589
2005-05,0.03154576650173808,0.014364736111900612,0.03133793530735823,0.0020816124214893205,0.01379625243123886,0.02294413991354113,0.017771975052190272
2005-06,0.008141368640873697,0.01252460824652823,0.010045359941194544,0.011888267867590046,0.01252460824652823,0.012952593770567416,0.009889305494726264
2005-07,0.015376638644007493,0.00046028941878271034,0.03442936910160729,0.00046028941878271034,0.00046028941878271034,0.02998773407466124,0.021029036703330957
2005-08,0.004440240415509188,0.01619973553095511,-0.0034208485920927327,0.01832792607865806,0.01619973553095511,-0.0017636037907869915,0.003586702253310389
2005-09,-0.004278498036336359,0.008842014681632338,0.006312988251865498,0.02994101867041422,0.008842014681632338,0.010138654537102823,0.008262516387459975
2005-10,-0.016454640959674714,-0.0005407629188697084,-0.022326375214465396,0.01454982274055926,-0.0005407629188697084,-0.02003211702832435,-0.009120675243314351
2005-11,0.027580650302439315,0.021392349035950237,0.02901789043366976,0.020722868380513827,0.02647570517851638,0.031362523032942916,0.022791437932225433
2005-12,0.00515466655209054,0.02722066443776281,0.0072892600175990885,0.02722066443776281,0.026651123487849353,0.010379824425854802,0.013502298370735024
2006-01,0.01730552021858656,0.034903466847643554,0.038091140958429415,0.034903466847643554,0.034903466847643554,0.04029837611676222,0.03434501151899001
2006-02,0.0011025955932775172,0.0038664219766200722,0.001253642006432721,0.0038664219766200722,0.004189591637005691,-0.0028554920331355263,0.0021329289344459916
2006-03,0.0028898142654971747,0.000539219448613761,0.012908696322146867,0.000539219448613761,0.010996395638323019,0.015902436306658777,0.009468726834341348
2006-04,0.001662215354099267,0.03188512722664374,0.017145403773609715,0.06759768819738875,0.053914820570998355,0.020164064578982326,0.021388231511451607
2006-05,-0.018638457396061084,0.02456154576067129,-0.00933686345908599,0.05935279544178407,0.0366721304455059,-0.0094033403794358,-0.0033745995849776183
2006-06,0.0010722407705453592,-0.03825369947392239,-0.002879977646145431,-0.07792936834121161,-0.058350535542761706,-0.003430159405884972,-0.02602389940041585
2006-07,0.004454784684608293,0.025520865982983743,0.004895013177025014,0.04120144790217938,0.029951188692244893,0.0008869987287235273,0.025670009544382956
2006-08,0.02419552956264896,0.015530360399815986,0.022010633525174832,0.007079150520761239,0.011420424138445547,0.007830658069811086,0.0168145771790851
2006-09,0.018230376338740382,-0.00700127209049353,0.012472896186258369,-0.029375891085990594,-0.016412243162332373,0.0009079342919896571,0.0073282238200294446
2006-10,0.024269425476841903,0.0074513242623137094,0.03384241323863285,-0.0013224516715187157,0.008067124550957337,0.03220514339953998,0.021868620167010976
2006-11,0.019012498947589933,0.03618659162074093,0.025613505298724103,0.05481688162445917,0.046401231806822,0.026077828378318783,0.028684062851936545
2006-12,0.0011341401273594117,-0.00010027288100819204,0.007891649179949762,-0.0007682920908666815,-0.0006644056247515523,0.007800903787794777,0.006196123735022877
2007-01,0.00873274158668753,0.004773103804991188,0.017146296267601266,0.004773103804991188,0.009318778787949945,0.01879149792113292,0.011484032352757679
2007-02,0.0006605276393229155,0.02114397597378567,-0.0027307566854432143,0.02114397597378567,0.01903108169827637,-0.0048913332104378125,0.0026675916471848348
2007-03,0.005510953485825559,-0.0023365041242452184,0.011512131828148982,-0.0023365041242452184,-0.0018615349079671684,0.012652068054700425,0.0018727079758826173
2007-04,0.02575516757587958,0.027119638748537497,0.0376757586649408,0.027119638748537497,0.02655073895684336,0.0367132390614917,0.02983293004272474
2007-05,0.014968314861136069,0.0005137157799660026,0.028700401186776612,0.0005137157799660026,0.0005137157799660026,0.02856865997542736,0.018111381852586664
2007-06,-0.011767009378399258,-0.012711255537749946,-0.012995803899484676,-0.012711255537749946,-0.011516918008931265,-0.012871567693311558,-0.014167157791336494
2007-07,-0.01042210305515832,0.001420297515865515,-0.02359412712492815,-0.0025910358710806184,0.0006755583859592998,-0.02375606003663796,-0.010546420100444365
2007-08,0.017329995437033004,0.012170882029668664,0.010566527547719407,0.011499478923481332,0.017524445569277153,0.010698196891296476,0.011780091853455367
2007-09,0.02117096841515697,0.0357971270509123,0.036160596254621806,0.0357971270509123,0.017614404966700466,0.03459914646819525,0.035554644659227724
2007-10,0.01766950872996564,0.030830238612207888,0.022371746566329412,0.030830238612207888,0.030099347044560087,0.025029585145194128,0.028931144720010342
2007-11,-0.008680863852975534,0.02269863657378012,-0.024873990828492263,0.02269863657378012,0.02269863657378012,-0.020870489600141973,0.009816022483914003
2007-12,-0.004578556978703044,-0.004076504774854428,-0.00341764171392069,-0.004076504774854428,-0.004076504774854428,0.004177756366697265,-0.0040532301381235765
2008-01,-0.023164769181720064,0.027010599356421767,-0.0407536367378327,0.027010599356421767,0.027010599356421767,-0.04316889088984205,0.026634571606032467
2008-02,-0.011920408955174799,0.006944538366785394,-0.015229265357547213,0.006944538366785394,0.024723499472172693,0.01589072613911375,0.015605859790897172
2008-03,-0.0007912665437764492,0.017240144409801574,-0.0004853380352419897,0.017240144409801574,0.029741483946948255,0.007479451825090852,0.0202410546579958
2008-04,0.019374623896036936,-0.011830538115047931,0.03244978036264098,-0.011830538115047931,-0.04167715909924638,0.007292398312321295,-0.03057513145957367
2008-05,0.00413918742919898,-0.0076851069785371035,0.016819392866912378,-0.0076851069785371035,-0.021727056690850455,0.010814052709285902,-0.009927496398632739
2008-06,-0.04594659112362209,-0.02452932168298638,-0.07074587897547865,-0.02452932168298638,0.004533663173570235,-0.0058198998950863955,-0.04120913855884198
2008-07,-0.002304590032627945,0.018192792943717805,-0.0016496718344593386,0.018192792943717805,0.03034189992215784,-0.02716029426597365,0.020916461892744057
2008-08,0.01652606212685967,-0.024837337488695533,0.0082917366739238,-0.024837337488695533,-0.045537846362298795,-0.016661746719118603,-0.03412843387890254
2008-09,-0.05457769496258482,-0.03378728345928735,-0.08015042560887399,-0.03378728345928735,-0.004650456971136655,-0.056110254945756555,-0.025897160869923316
2008-10,-0.10666666520796109,-0.06960090327848872,-0.15513443161101512,-0.06960090327848872,-0.018750392441442273,-0.019691727199783588,-0.024640505826622697
2008-11,-0.008043367030251986,-0.012868623689170562,-0.054400121698799875,-0.012868623689170562,0.01934234400866116,0.019342344008661153,0.01787687446035003
2008-12,0.03558938590540178,0.05078877044416921,0.021517909450795104,0.05078877044416921,0.06165514257629078,0.06165514257629077,0.06617735024277786
2009-01,-0.06907725078022904,-0.026525250928510876,-0.06937082850587738,-0.026525250928510876,-0.00030402339846350487,-0.00030402339846350357,-0.0026764170090743267
2009-02,-0.06494347664140211,-0.004694200821038331,-0.0831697690934745,-0.004694200821038331,-0.011432043239710052,-0.01143204323971005,0.033319114888585466
2009-03,0.0658714333692055,0.03307109372469716,0.07373758820807916,0.03307109372469716,0.003583815604312619,0.003583815604312618,0.012178829053164806
2009-04,0.04674104855054333,0.00969100578367441,0.10218817984376599,0.00969100578367441,-0.03677126732651687,-0.036771267326516865,-0.030725503640780506
2009-05,0.021936743139794674,0.024182512782231453,0.03918971273114457,0.024182512782231453,-0.023189837951429967,-0.023189837951429964,0.014618011239404502
2009-06,0.0017167300748368178,0.006809450792282237,0.005814062013264929,0.006809450792282237,0.0071036874640747144,0.007103687464074713,0.007543346474575941
2009-07,0.04800676625470436,0.022854546114429438,0.07401743039283375,0.022854546114429438,-0.004466279161032237,-0.004466279161032235,0.01461730515379134
2009-08,0.025200023786604304,0.020769484745182917,0.024710451782931624,0.020769484745182917,0.011971640041147414,0.01197164004114741,0.0186691372078674
2009-09,0.028688347242010342,0.03394840386014603,0.0404732408739733,0.03394840386014603,0.029484182971918616,0.02948418297191861,0.03403007322084279
2009-10,-0.017429070087197532,0.005066735112271229,-0.016042668546239917,0.005066735112271229,0.020251716144564502,0.00790439424725832,0.0004905693454441641
2009-11,0.04165817929761322,0.052151198419452836,0.06055794374706096,0.052151198419452836,0.05150412636476975,0.05880398503994419,0.05104855046377052
2009-12,-0.0030202169878819187,-0.004843401053461107,0.023197912242707324,-0.004843401053461107,-0.004843401053461107,0.02292829269562321,-0.0016411945273048477
2010-01,-0.011570794131735283,-0.009052779937542362,-0.02467127664224649,-0.009052779937542362,-0.02479779208590935,-0.02829343408388018,-0.021770678335724675
2010-02,0.022191915072776597,0.0059860892622722985,0.02879258012522547,0.0059860892622722985,0.006651910763664275,0.03064816557303815,0.009869927045753147
2010-03,0.03152498580101522,0.021219511482442725,0.05261758618642064,0.021219511482442725,0.039735358168718905,0.05788216001478398,0.02267243958375862
2010-04,0.018197639471530778,0.022613925650442835,0.023892212423023515,0.022613925650442835,0.026144458660170865,0.02453649214090969,0.020725779928488026
2010-05,-0.03335121066343063,0.001597883742857184,-0.059571878325317844,0.001597883742857184,-0.015088502310247661,-0.06684429100901929,-0.013807036555498043
2010-06,-0.020630998899522086,-0.0002175266446914324,-0.041710161737700445,-0.0002175266446914324,-0.00076118523578542,-0.04179215030195277,0.01861407317537537
2010-07,0.04356366703926372,0.013930582100225304,0.0648596709134992,0.013930582100225304,0.013930582100225304,0.0648596709134992,-0.0019551806690777467
2010-08,-0.01121599909130185,0.005005641110064879,-0.03172751757876576,0.005005641110064879,0.005005641110064879,-0.03172751757876576,0.012983529551253727
2010-09,0.05605681331625644,0.04585416028734323,0.0814367197378176,0.04585416028734323,0.04585416028734323,0.08202983632487196,0.0425776910168394
2010-10,0.020618018199587078,0.029339607008255202,0.03915779932675029,0.029339607008255202,0.029339607008255202,0.04087065083320543,0.029329290631532935
2010-11,-0.001733191065663149,0.004502058784604762,0.00953008525792592,0.004502058784604762,0.004502058784604762,0.0094027939173729,0.004596120054342026
2010-12,0.025447563758601115,0.014926677263458237,0.05436909262404196,0.014926677263458237,0.014926677263458237,0.05436909262404196,0.025610246758226984
2011-01,0.00899426942063167,-0.003245358541736775,0.010265248134534125,-0.003245358541736775,-0.003245358541736775,0.010265248134534125,0.0079821986082787
2011-02,0.022070306238672423,0.01624183089235655,0.030090725120740576,0.01624183089235655,0.01624183089235655,0.030090725120740576,0.025563375937578115
2011-03,0.0022227002048491114,0.012720467878565055,0.011468902925169755,0.012720467878565055,0.012720467878565055,0.011468902925169755,0.00865422498100506
2011-04,0.023589078325149358,0.028396384994062253,0.03215417725126611,0.028396384994062253,0.028396384994062253,0.03215417725126611,0.027833796829334
2011-05,0.0026640925943690855,0.011534758283721228,-0.004881687985358411,0.011534758283721228,0.011534758283721228,-0.004881687985358411,-0.001193304788005352
2011-06,-0.013830220196397881,-0.005103981612180334,-0.012283530977769906,-0.005103981612180334,-0.005103981612180334,-0.012283530977769906,-0.011260169280141456
2011-07,-0.0006616430373500432,0.012947790686561904,-0.02019560432468051,0.012947790686561904,0.012947790686561904,-0.02019560432468051,0.011453389544599303
2011-08,-0.013888188987769614,0.03775224699203147,-0.035411269697954995,0.03775224699203147,0.03775224699203147,-0.035411269697954995,0.024777705428723436
2011-09,-0.03362990148372419,-0.012966072285666257,-0.06460607703556234,-0.012966072285666257,-0.012966072285666257,-0.06460607703556234,0.01402608209381091
2011-10,0.05970152052896708,0.010922174762354353,0.09456723570195326,0.010922174762354353,0.010922174762354353,0.06518977763645298,-0.022626439985866633
2011-11,0.0022687148817022032,0.01691039057194941,0.00048059910593928486,0.01691039057194941,0.01691039057194941,0.010156259203983697,0.02373527120762139
2011-12,0.012031997437531588,-0.010216822700347399,0.00562907801610001,-0.010216822700347399,-0.010216822700347399,0.005438196698835248,-0.016263522129078806
2012-01,0.03309347201381159,0.021975660884370918,0.04198892158547152,0.021975660884370918,0.021975660884370918,0.015355269515277168,0.01935312557962971
2012-02,0.02173660899643466,0.029080854556018745,0.03786029118719552,0.029080854556018745,0.029080854556018745,0.03289967176539583,0.035890314925874155
2012-03,0.01050752245098413,-0.009631896910475364,0.01691621044312159,-0.009631896910475364,-0.009631896910475364,0.016971692411606232,0.010782925499438517
2012-04,0.005679354147396745,0.0007641998525482279,-0.005918050819200646,0.0007641998525482279,0.0007641998525482279,0.0019786099225997627,-0.003752545772995635
2012-05,-0.023159838130939855,-0.02116707778179792,-0.047277991454398365,-0.02116707778179792,-0.02116707778179792,-0.027425190912510968,-0.02991106112784606
2012-06,0.020921248450032733,0.013047281570069139,0.027743135467506015,0.013047281570069139,-0.00048371494072058086,0.0320978780426847,0.020486720528453864
2012-07,0.011154662460217983,0.006934771870296058,0.010780090251524712,0.006934771870296058,0.006280019477834665,0.012724182805300953,0.006194408007711777
2012-08,0.013604398729625333,0.014610826850861857,0.018997710044928413,0.014610826850861857,0.014610826850861857,0.0148603083290118,0.017210988895131403
2012-09,0.014036516526298946,0.030646015010248433,0.029046348457539003,0.030646015010248433,0.00995539807926689,0.024816940021422054,0.028756453713272217
2012-10,-0.012504609283535648,-0.007138253695981262,-0.006011255318284301,-0.007138253695981262,-0.011253333386997456,-0.006696669259745101,-0.012319938868282906
2012-11,0.008959600617264373,0.0013753844312325502,0.006785895871866957,0.0013753844312325502,0.0006349706287401951,0.0066278194895997575,0.004634165335400193
2012-12,0.0018845187270875579,-0.0075858570786554395,0.010539174263879353,-0.0075858570786554395,-0.0013566324721148537,0.012848069707827158,-0.005010333977131006
2013-01,0.02541634710662584,0.009318257198485629,0.046686538676947026,0.009318257198485629,0.008579610032222566,0.046530198768673335,0.032072750978898626
2013-02,0.0130089282633023,-7.094594989002709e-05,0.010448456752815399,-7.094594989002709e-05,-0.007329518968971829,0.01014001912983804,0.006349879088261969
2013-03,0.02559084599248088,0.0074066319941927024,0.03427396484746299,0.0074066319941927024,0.020893741759845576,0.0384187466549377,0.023115172645578917
2013-04,0.01615181838607328,-0.011126381377091245,0.014324136599576707,-0.011126381377091245,0.01629243133119652,0.021761742951347685,0.0022432964402856236
2013-05,0.001020360532239462,-0.020434462445360818,0.013126862013829106,-0.020434462445360818,-0.00572444504436479,0.0178377863677274,-0.012069870335382328
2013-06,-0.019070218979829523,-0.03064370664599391,-0.013954206488380918,-0.03064370664599391,-0.012724561448644372,-0.00969220777226281,-0.02169163696185205
2013-07,0.03195210759451447,0.0030513647628282107,0.044920383334446166,0.0030513647628282107,0.0565,0.05635377646893843,0.006768801813811012
2013-08,-0.021617727330830155,0.0035852814589924045,-0.021089760709140846,0.02447549346069827,-0.0271,-0.02775418336436212,-0.012253005220538418
2013-09,0.02839951130047699,0.016610715634687512,0.033412153588573225,0.011044879131857796,0.0377,0.03797103379017351,0.02714729890570257
2013-10,0.028329220319364197,0.008740831224442865,0.034324228695047324,0.008095091073600565,0.0417,0.04133646146105964,0.02521366850696355
2013-11,0.013292825711641629,-0.004500413027648523,0.016960283869281466,-0.011081146665257812,0.0311,0.023507023735215505,0.006582941383842507
2013-12,0.007893696598398925,-0.01222545706695466,0.016286819131463872,-0.01888143535379615,0.0281,0.024401229692834613,0.007736667125890814
2014-01,-0.006104905704440206,0.006431464545370468,-0.02556264858706086,0.005803335106393214,-0.0332,-0.03419478429458499,-0.013397289179114856
2014-02,0.029172100291379902,0.03154570927283034,0.044577704332187836,0.03154570927283034,0.0466,0.04801073587694927,0.036976443903563895
2014-03,0.0010332356866035663,0.009371838929669791,0.007756266193614763,0.009371838929669791,0.0043,0.00706264882372274,0.007232335297145732
2014-04,0.0019059615081174564,-0.007603230146297043,0.004729570386411865,-0.007603230146297043,-0.0018,0.007268347690092596,-0.004817254019834468
2014-05,0.019831831711290476,0.010786407416240752,0.016154625315670995,0.010786407416240752,0.020499999999999997,0.01785896953301234,0.012905423887292412
2014-06,0.014681669515775741,0.005302599986737573,0.020835755459963735,0.005302599986737573,0.026000000000000002,0.02514883233042695,0.01533733452390504
2014-07,-0.013086814095352353,0.0008112469736430881,-0.021737895523392056,0.0008112469736430881,-0.012020969393712224,-0.02543399529134034,-0.00975109047542249
2014-08,0.034389515301038134,0.017508976700971745,0.03754897153473427,0.017508976700971745,0.016780893571497004,0.03739550299747039,0.029947788765409145
2014-09,-0.01691755738512659,-0.025778263817374112,-0.026892840312749803,-0.025778263817374112,-0.016964687384353888,-0.025664926182165176,-0.02269625228301074
2014-10,0.021881613541308586,0.00999728222589413,0.022430327747320216,0.00999728222589413,0.021077531617290007,0.025091159266260453,0.017547088895291222
2014-11,0.022175330983893262,0.0013775214155987044,0.0176506349743272,0.0013775214155987044,0.021319751479423922,0.021971601565844795,-0.0015096347570834308
2014-12,0.0007788205733441184,0.008080185316564195,0.0015386434552250544,0.008080185316564195,0.001099150761709604,-0.0005990234041376233,0.003047087770964016
2015-01,-4.2683589594602854e-05,0.018998689080249886,-0.01788912063490001,0.018998689080249886,0.007696886053384901,-0.02074535931310133,0.01316220313652382
2015-02,0.025850038367262785,0.00492142927112721,0.04415906908454761,0.00492142927112721,0.004212968311447195,0.0437722232017794,0.007475070118781629
2015-03,-0.0038688099450161734,-0.014424087459161416,-0.013171048500895895,-0.014424087459161416,-0.0027468102754244915,-0.010170208604554415,-0.013312366960657194
2015-04,0.00024983386977524887,0.004867554175293967,0.006475763032376649,0.004867554175293967,-0.0011613283082507716,0.0006039518821652413,0.004916546506136853
2015-05,0.006405889134987638,0.0030506208019147898,0.006339935365327483,0.0030506208019147898,0.004583411851792675,0.011661991948238169,0.008110703514317738
2015-06,-0.016515954014404113,-0.0159570112247304,-0.017882339791349355,-0.015189455986581758,-0.016843596846850425,-0.016550068432871958,-0.015582006416019444
2015-07,0.015521688462902321,-0.004910936166663361,0.003614159487979519,-0.005576596652089154,0.015477359803634462,0.021827442865411176,0.005394468670967777
2015-08,-0.0357412841597628,-0.022736791973719025,-0.05040512127953146,-0.022736791973719025,-0.02962657250571204,-0.05547422901721126,-0.04147336298984746
2015-09,-0.012289374740326315,-0.0030589646228378143,-0.02519070327897914,-0.0030589646228378143,-0.00770681255287996,-0.021783275987893567,0.0035040355905997626
2015-10,0.043616525582313465,0.03350150030254768,0.06814971891128528,0.03350150030254768,-0.007899602798715814,0.057288345461204544,0.025270433130706853
2015-11,0.0023384916102396256,-0.019994370288465037,-0.002896892670189557,-0.019994370288465037,0.0007846217017747873,0.0036637233178336173,-0.015058260730190688
2015-12,-0.014226755003431369,-0.011389462671335058,-0.02221616998565993,-0.011389462671335058,-0.012432823015833917,-0.01125347918044933,-0.016735150592474164
2016-01,-0.021774090076360147,-0.0017800535760006495,-0.038948149358351766,-0.0017800535760006495,-0.012891235237962954,-0.04524705855882872,2.4618661251955224e-05
2016-02,0.007631702641391549,0.03738382066610633,0.015117203686955483,0.03738382066610633,0.019044730125611694,0.0009261555245821277,0.04558977902649881
2016-03,0.04094416424201756,0.03496774593753776,0.06435436862757231,0.03496774593753776,-0.002171582521444733,0.022466242527613912,0.03295209534911819
2016-04,0.004342222192109848,0.001267656135916645,0.013278520070369596,0.001267656135916645,-0.003720971678032232,-0.00873374201699185,0.0037533921969859795
2016-05,0.010984509677011433,0.011268178388714502,0.008792967469557949,0.011268178388714502,0.007959803622103648,0.007259817296143877,0.014429173597410238
2016-06,0.013409127371410654,0.015155244049711636,0.009735812486375436,0.015155244049711636,0.022784480402686217,0.02725106754807858,0.007527087430046889
2016-07,0.025348788294929352,0.03045954538899608,0.03245532005965529,0.03045954538899608,0.029807866878753676,0.028802276932688275,0.028714528600724838
2016-08,-0.0008556657974858745,-0.0008203426981124672,-0.00038128149525749476,-0.0008203426981124672,-0.0008203426981124672,-0.002476135740494981,0.0013386234436148885
2016-09,0.0015304112339229036,-0.0024423490602632518,0.00027390064891408814,-0.0024423490602632518,-0.0024423490602632518,-0.00013712400457822015,0.00022834181476636485
2016-10,-0.02007357252781964,-0.02848762520570345,-0.024307720053124336,-0.02848762520570345,-0.02848762520570345,-0.024307720053124336,-0.026936347592341
2016-11,0.011195430383695816,-0.006429535148500131,0.035571649458007906,0.00029456979195894076,-0.006429535148500131,0.03296032661638724,0.020783018282804346
2016-12,0.0089945004396683,-0.0173860651353641,0.013185435777312264,-0.018011522809653922,-0.0173860651353641,0.013563843709907706,0.0004894244551959315
2017-01,0.012688307227316223,0.017325424749583727,0.017713469750588406,0.017325424749583727,0.024427566678742237,0.018718095423796377,0.01855319923722536
2017-02,0.02551682330614995,0.027021271678661925,0.028599321884417522,0.027021271678661925,0.03556107747538316,0.02989132037475574,0.03146044231560272
2017-03,0.0005730273332540491,-0.0006682375759794121,0.0011911785992464116,-0.0006682375759794121,-0.0002159605679747088,0.0014027541527056218,0.0006651853971788951
2017-04,0.011462319546715076,0.017415913216806148,0.010103393784414112,0.017415913216806148,0.01005277004605531,0.00819176532123612,0.01435707228045836
2017-05,0.0103788719883838,0.0012322344252530483,0.005340160005030635,0.0012322344252530483,-0.0038872928176795366,0.004878878028049301,0.006264596208641424
2017-06,0.0023088092060833195,0.004239806247225518,0.006780398192839224,0.004239806247225518,0.00726746768341812,0.008054846898859212,0.006367437870081106
2017-07,0.012817320337523629,0.0013443265816038498,0.013618414133899796,0.0013443265816038498,0.019499999999999997,0.016875001495714064,0.010421818765552088
2017-08,0.00878967514079414,0.019259181294661344,0.002007654819581063,0.019259181294661344,0.0027,0.0022131299224917088,0.010973915783917309
2017-09,0.008781797969797216,0.011062311351819239,0.024231945243474298,0.011062311351819239,0.025800000000000003,0.020230059083281453,0.018425851797187642
2017-10,0.013104082056651428,-0.0016249222781437164,0.008510300433784299,-0.0016249222781437164,0.0235,0.012150000000000001,0.01093639163343447
2017-11,0.01858096970538029,0.01065864965689692,0.027829588211061844,0.01065864965689692,0.015531249999999957,0.029920192307692293,0.021321174162055763
2017-12,0.008397084400248089,0.0003970357342277286,0.010115398515446858,0.0003970357342277286,-0.0001690011794896362,0.00693352284917439,0.005941630204146086
2018-01,0.023877115839938852,0.028073860916053905,0.036434794763941056,0.028073860916053905,0.028073860916053905,0.03631182427842697,0.0424838444764197
2018-02,-0.025448725290420294,-0.015329924123214926,-0.04297019651772594,-0.015329924123214926,-0.01820315945254402,-0.04553366897903031,-0.025317056905353387
2018-03,-0.00794370052511949,-0.004413444527237191,-0.012615813516581455,-0.004413444527237191,-0.013426403302282255,-0.023157947969618575,-0.000736677866190932
2018-04,-0.0038164178865205075,-0.001346162057975199,0.0022437704545463615,-0.001346162057975199,0.005812313758331608,0.009060489564097388,-0.002174965719937139
2018-05,0.021901376300925368,0.0055917649722250886,0.015383077059811966,0.0055917649722250886,0.0020128392664356546,0.018867546015352604,0.005824328801361403
2018-06,0.004031112610984508,-0.0030818031019324327,0.01091770841107856,-0.0030818031019324327,-0.004940742893699971,0.0011603621202891492,0.0009994422194717486
2018-07,0.017350577567977584,-0.002590248846126764,0.022605818733196933,-0.002590248846126764,-0.0003747659429947868,0.027733277028043922,0.015502400796092145
2018-08,0.026064888292842175,0.005994253356973086,0.015691815823317454,0.005994253356973086,0.03489246617500727,0.024887364002145817,0.02103550691193778
2018-09,-0.0042569913455422995,-0.005027674750888072,0.0008877326504353068,-0.005027674750888072,0.0021,0.005769999999999999,-0.001472627998220259
2018-10,-0.04713331816884933,-0.022114232191120218,-0.05207368956713283,-0.022114232191120218,-0.0746,-0.06447272727272728,-0.048358640641009136
2018-11,0.017134502800056503,0.012757254095965091,0.024384283174500775,0.012757254095965091,0.0189,0.01688868918078657,0.01033690365306648
2018-12,-0.04408173571511008,-0.013222666202761553,-0.0762942972078393,-0.013222666202761553,-0.0936,-0.09260389561193356,-0.005201200354320242
2019-01,0.054413030540143716,0.04222982698454623,0.07385813048144571,0.04222982698454623,0.005949133782682274,0.0668209746112753,0.027899859608132474
2019-02,0.018995328124249297,0.01705202087923934,0.029778186382357075,0.01705202087923934,-0.006444805836630799,0.016638798540842294,0.014674611117988475
2019-03,0.019865701271784605,0.009606951046651449,0.008314063271915034,0.009606951046651449,0.020875870209761286,0.02044102427486366,0.01044881309152369
2019-04,0.022384902543851566,0.007832956853723726,0.028824748759420968,0.007832956853723726,0.017532422507567407,0.02973834410069226,0.023294908625672742
2019-05,-0.0262796034179915,-0.011243754053194714,-0.05658695776335686,-0.011243754053194714,-0.016071029665727325,-0.05027426769793485,-0.03919442245582889
2019-06,0.04871025613121033,0.04811222414257886,0.06893188054593752,0.04811222414257886,0.042971091666577615,0.056321756066788825,0.0497623408892677
2019-07,0.008451304196447391,0.0179197660892569,0.009440427599945535,0.0179197660892569,0.017180657067990057,0.011852702211591157,0.015532309960325055
2019-08,0.005427752469336555,0.02901954188418103,-0.010653764023540345,0.02901954188418103,0.02901954188418103,0.0006968304562523077,0.002558837644862236
2019-09,0.003462060523338831,0.0026651156623838635,0.018048271336923022,0.0026651156623838635,-0.004528343193528519,0.013844571506955096,-0.0012641549203942135
2019-10,0.013505068948754915,0.0040241680420075926,0.013407554398940513,0.0040241680420075926,-0.005060531378730558,0.0065098921916352925,0.012145499332130025
2019-11,0.021236197870639035,0.005688185693804794,0.022900386956925506,0.005688185693804794,0.005038204253806324,0.023208785331266864,0.014778531943773791
2019-12,0.013002125477340741,0.007787418552390578,0.02570385589784337,0.007787418552390578,0.007787418552390578,0.02288204306055391,0.018181597677341694
2020-01,0.015797359298132703,0.03161264782378332,0.0008330968507190567,0.03161264782378332,0.03161264782378332,0.0007045196743881558,0.015899415673816406
2020-02,-0.03346896089397916,-0.006831487635636571,-0.06935928816452129,-0.006831487635636571,-0.006831487635636571,-0.06291180576583656,-0.0435762317105726
2020-03,-0.06271661516322942,-0.03123480913548577,-0.12945257375651878,-0.03123480913548577,-0.03123480913548577,-0.0992271711639566,-0.008128694282492048
2020-04,0.08406876804771728,0.06643817310383227,0.1271109872404898,0.06643817310383227,0.03114544346294375,0.0692839038133743,0.03267273093928558
2020-05,0.03326672838347981,0.02495859861279695,0.042370150157252574,0.02495859861279695,0.009566522473784228,0.04117247231268833,0.012152127502301081
2020-06,0.014573725313167833,0.0111523191254638,0.015370388898741427,0.0111523191254638,0.010497470685247666,0.024021430825427754,0.008021602113602951
2020-07,0.039491928335779,0.04530916404900954,0.05625186315556476,0.04530916404900954,0.04530916404900954,0.07753695526202702,0.04089510045757562
2020-08,0.039450020596557236,0.042169969798455414,0.07128209061530855,0.042169969798455414,0.042169969798455414,0.09497067462905723,0.04805426364552708
2020-09,-0.0204236042635887,-0.018931385110942764,-0.03328703979682971,-0.018931385110942764,-0.018931385110942764,-0.025022265599983284,-0.027996217571959255
2020-10,-0.01940664095436322,-0.016537736250534056,-0.01910641309221088,-0.016537736250534056,-0.016537736250534056,-0.025354850985650372,-0.016461340594961894
2020-11,0.07657145484306255,0.03707481674259323,0.12418660751947833,0.03707481674259323,0.03707481674259323,0.10559561289174603,0.02369860491822171
2020-12,0.024677071663207345,0.011375404400440645,0.04084229366758537,0.011375404400440645,0.011375404400440645,0.03947452270588953,0.011404768093334077
2021-01,-0.00687242090383922,-0.004002307825775034,0.0002352261976749316,-0.004002307825775034,-0.004002307825775034,-0.0037034475462025,-0.0029792323659674005
2021-02,0.005066773922778432,-0.0109977605803678,0.026058435090208724,-0.0109977605803678,-0.0109977605803678,0.014548096590268643,-0.007575328489648272
2021-03,0.008592789525258675,-0.014725121246211989,0.03339190831962852,-0.02330632169403728,-0.009616845122658268,0.032371729303040477,-0.006422434334035876
2021-04,0.033540188718965934,0.027830921645553005,0.036863948421526925,0.03275170740192222,0.0369221269678359,0.03884149661513889,0.024947304212290817
2021-05,0.00489685710033909,0.020626102585087864,0.010307684927926488,0.03507743277163964,0.027053082005970796,0.010503172997859751,0.011008273075798783
2021-06,0.021751912591248288,0.010835849035294184,0.012030603204176996,0.0037020921061584854,0.009616653608976181,0.011934307903393069,0.014588463177904066
2021-07,0.0163338210632183,0.006462460732923126,0.0022172740234161522,-0.00536225109855459,-0.0006789287733070206,0.0007919805536443244,0.009613871873072704
2021-08,0.015824527993506813,0.004033679250026585,0.013876791995228498,0.003385336222802693,0.02816758273623353,0.01746067752774506,0.016715152096769006
2021-09,-0.0340511102167795,-0.022918176377560922,-0.026115181928499754,-0.022918176377560922,-0.044000000000000004,-0.028404678671448923,-0.03346728616488071
2021-10,0.039178266290594316,0.021965177725818866,0.06060485818649737,0.021965177725818866,0.0663,0.07073922169426981,0.03793048361060891
2021-11,-0.004563615345438451,0.00726259648169635,-0.018359326458387427,0.00726259648169635,-0.0158,-0.02455188045263166,-0.004405288482087105
2021-12,0.016604133630571095,0.002573459661340036,0.035503095934916205,0.002573459661340036,0.032400000000000005,0.04371415766253071,0.014843467425798474
2022-01,-0.04624067521885065,-0.023435437030131453,-0.0317196925463821,-0.023435437030131453,-0.0616,-0.03781917161618449,-0.021375993998633207
2022-02,-0.014542844096742932,-0.0009973044018679708,-0.008900219499255894,-0.0009973044018679708,-0.022799999999999997,-0.013391343868663105,0.001960495070745486
2022-03,0.0018085390116931886,0.012884081214568827,0.035342135207946455,0.012884081214568827,0.03893448275862066,0.046539080459770114,0.009395779806189454
2022-04,-0.07524972689874117,-0.04891831333231603,-0.06511156410988014,-0.04891831333231603,-0.04988468605015078,-0.06324617121065128,-0.036782501661463525
2022-05,0.0004586745941428112,-0.01426841161238271,0.0057868302103986045,-0.01426841161238271,-0.04662289385814271,0.006004712089212899,-0.01715722821467984
2022-06,-0.05352942852818719,-0.03289149014418203,-0.07399475529567485,-0.03289149014418203,-0.010715526806415535,-0.09777283556503989,-0.0150577451439222
2022-07,0.06960583138468085,0.023038634295032803,0.0769004994926066,-0.00625063750827894,-0.05861404463799669,0.03580827413630169,-0.0017709370639220905
2022-08,-0.03685699107435885,-0.01863751396231909,-0.02434388250972699,0.00029118595994012816,-0.040385964943842646,-0.011526621699502693,-0.016338397795729258
2022-09,-0.07611853029913843,-0.0640734109700001,-0.0856745247068831,-0.06225818124469726,-0.053043909373740136,-0.08947796513830995,-0.06013012225422518
2022-10,0.041013835614887875,0.0173324813170114,0.0714906136913939,0.02016530272405056,-0.01862794896522994,0.13353369117566305,0.0012199840066060561
2022-11,0.044825463142372665,0.04132924179142497,0.04298349053795899,0.0408562616168267,0.038049616238940806,0.043333333333333314,0.03881173890592005
2022-12,-0.04161081382309805,-0.010488169392457189,-0.05204439119395649,0.00803909336779578,-0.013267257796374495,-0.024775,0.004972033724451178
2023-01,0.05500187102511999,0.05274479651425019,0.06929262399033949,0.060221569423726376,0.033149032502460506,0.006647412180686155,0.051445100221720115
2023-02,-0.025261180539835452,-0.024885536309028806,-0.02430783199685099,-0.02254427768511587,-0.024655426765015753,-0.04099108535300315,-0.02491031203468496
2023-03,0.03299774257464938,0.03318649772293861,0.016465142663066045,0.030311028895407762,0.03790116296355342,-0.006013982096295057,0.03215481255440193
2023-04,0.008310739404859912,0.020468166836146003,0.006424469203435601,0.019803512566141185,0.006236868881952171,0.02774999999999999,0.021110452326742947
2023-05,-0.0012640640385103887,-0.0035704522143522287,-0.02201094675649506,-0.0035704522143522287,-0.006000000000000004,-0.024285714285714285,0.000920924499526014
2023-06,0.036793640842662886,0.011029329732913313,0.06553792972541661,0.011029329732913313,-0.02459839357429716,0.051220184517031656,0.03312409483751898
2023-07,0.017998059386296648,0.010253617033333861,0.027079875121856684,0.010253617033333861,0.019108672156459047,0.030685719618982216,0.023337292107556477
2023-08,-0.014033984977979735,-0.01398030871541262,-0.019702083367224652,-0.017976312198978075,-0.017770819195411534,-0.01755699723315352,-0.016548625436701464
2023-09,-0.0432317743495135,-0.028547968485452418,-0.03839701587791983,-0.017043734849691988,-0.024783373934997962,-0.041224894632383734,-0.03676213523137913
2023-10,-0.02358857133681042,-0.015208588163554332,-0.03260582108049361,-0.008959578772366585,-0.013429760441669642,-0.02498323980501742,-0.021122125403374895
2023-11,0.07381885596722242,0.05780280596709809,0.07253713929449578,0.054712047190110524,0.06432832521550783,0.08546101502301227,0.06434051201729665
2023-12,0.04912767124779721,0.03918595189083717,0.04435776359343017,0.0316825060020455,0.03695078957157131,0.055432929248751574,0.04365595253782197
2024-01,0.004915642263664921,0.0034014519036272687,-0.007230876262772438,0.006615412450431748,0.007955269587811705,-0.011149518214704,0.007505407791662157
2024-02,0.025919009505203486,0.010647139645441953,0.03494362659582004,0.014690181221823154,0.0247409762620342,0.053541013080008575,0.032771004668466976
2024-03,0.02261981791112691,0.03563803409928761,0.03560942198883119,0.05535536431515746,0.04967950536647478,0.04581129977720333,0.034263179502163024
2024-04,-0.039090561878545906,0.0011003707207173795,-0.02518269502203782,0.03949329936812138,0.01916314760489472,-0.031199960564261515,-0.020435362601136528
2024-05,0.03588692585885219,0.024758112258793246,0.028372161328621116,0.021554821868062235,0.028065209839450565,0.02545994878220212,0.030728345200146466
2024-06,0.02554215756644807,0.012382645818757174,0.005402525895955537,0.003589544694003103,0.010709332765947956,0.0012514005381357536,0.021960641806467753
2024-07,0.020199606496427703,0.024354192692431907,0.036995411305568646,0.026179296566315045,0.023800789115794828,0.03114252678880511,0.020521304249782806
2024-08,0.01971199187745766,0.022965023693635393,0.019277522607093492,0.02694229697979631,0.025403808744539447,0.021531118817486344,0.022126885217746847
2024-09,0.017300167871279633,0.024509549767341446,0.028031159962730572,0.023842843417112236,0.023930042717556107,0.02299487712851476,0.02450289677822871
2024-10,-0.01745646831333202,0.0018897860812326966,-0.00946903947643285,0.0018897860812326966,0.0018897860812326966,-0.009908664266161441,-0.0010519534642783172
2024-11,0.045976477220792025,0.021975485443918315,0.07074236138960575,0.021975485443918315,0.021975485443918315,0.07115361842672807,0.04516524959372058
2024-12,-0.02806473385996585,-0.019116246493880336,-0.04106273728306428,-0.019116246493880336,-0.019116246493880336,-0.04116133616133014,-0.022056541300611927
2025-01,0.02054662498076565,0.019629806688030795,0.02960919289764842,0.02551691808753552,0.026981268540707724,0.03681636697788493,0.021782152476400377
2025-02,-0.00022573573647721888,0.02608360042831306,-7.834107014773707e-06,0.03847263580515866,0.023577801399282148,-0.006679720703134692,0.012221149311667682
2025-03,-0.03458421236231741,-0.00862546138142732,-0.028977699231017236,5.034965922945032e-05,-0.015105948406087267,-0.03776203787638658,-0.029624673354172883
2025-04,0.00037887126330476853,0.027373168980211728,-0.009234344944796599,0.026695297195212964,0.036882197043465056,0.006652625789113119,0.0324606902080717
2025-05,0.03238087208505198,0.025642274129713535,0.044966686945253055,0.025642274129713535,0.025087426347383136,0.04469889840599772,0.008482908863539591
2025-06,0.03810080768263158,0.027519056939242028,0.02244675270559898,0.027519056939242028,0.027519056939242028,0.020589888186804357,0.026878398290919054
2025-07,0.011172739152019502,0.004145072987777217,0.003401002009132743,0.004145072987777217,0.004145072987777217,0.00432608687035177,0.013026335410528729
2025-08,0.019263529313063417,0.015144115802710235,0.028295648392030106,0.015144115802710235,0.01471242624749594,0.023886362983171955,0.0186658544553478
2025-09,0.02598371600227338,0.04514076765181976,0.030804546239835834,0.04514076765181976,0.06312831168468004,0.05331762233056986,0.041357323907857624
2025-10,0.016972325552356414,0.04568083914324055,0.008531598926344267,0.07800753334446475,0.06478199074389455,0.015514593292891931,0.03445492516261268
2025-11,0.005304845661986215,0.006481941226874069,0.014489111291014274,0.005814728042129524,0.005931076716551322,0.00963697698982736,0.0051420776315708175
2025-12,-0.003935567858819457,0.014859974828349783,0.0048755365426417915,0.014859974828349783,0.014859974828349783,0.0039791849409187155,0.012000150873139418
2026-01,0.006803599647522926,0.03777413374395007,0.041439185471654476,0.03777413374395007,0.03777413374395007,0.036988918039830114,0.025115896231660932
2026-02,0.005507057356545546,0.02475655788452266,0.03269988254392758,0.033846800759013154,0.02475655788452266,0.028949977141746117,0.007922032110651235
2026-03,-0.038595665088076596,-0.03491872591493221,-0.0419541473495094,-0.03559369245242632,-0.03491872591493221,-0.039931213367082184,-0.040376514515216545
2026-04,0.0596770135080653,0.02339731517118803,0.035972410814188734,0.014927172245859498,0.0367106154089567,0.0433329192121564,0.016554519879572193
2026-05,0.03116083609634269,0.007781049386178938,0.007667213708482478,-0.001593767315886124,0.011829642226455453,0.01016626342732932,0.02054200600921171
2026-06,-0.0028969357629357513,-0.02722104672916872,0.0010893176313962897,-0.05482127771928133,-0.043082102693016454,0.00728407523556748,-0.017729130579118593
2026-07,-0.00992084442195241,-0.02005544667070618,-0.006434575280303248,-0.025414988640320057,-0.019776200549213405,-0.010564539832298471,-0.02032557158619695
2026-08,0.018676864422872613,0.03846683710199701,0.03029094132697278,0.06480437519454593,0.05572116850834544,0.028244120148207316,0.032865785573109776
