date,MKT,UST10,GOLD
1973-01,0.6666666666666666,0.16666666666666669,0.16666666666666669
1973-02,0.6666666666666666,0.16666666666666669,0.16666666666666669
1973-03,0.6666666666666666,0.16666666666666669,0.16666666666666669
1973-04,0.6040817980591078,0.1979591009704461,0.1979591009704461
1973-05,0.589181301413483,0.2054093492932585,0.2054093492932585
1973-06,0.2883429180269415,0.3558285409865293,0.3558285409865293
1973-07,0.44762618045318975,0.2761869097734051,0.2761869097734051
1973-08,0.49404196038720627,0.25297901980639687,0.25297901980639687
1973-09,0.6666666666666666,0.16666666666666669,0.16666666666666669
1973-10,0.6666666666666666,0.16666666666666669,0.16666666666666669
1973-11,0.6666666666666666,0.16666666666666669,0.16666666666666669
1973-12,0.20245710125769362,0.39877144937115316,0.39877144937115316
1974-01,0.1783697456408349,0.4108151271795826,0.4108151271795826
1974-02,0.29734783801214987,0.35132608099392504,0.35132608099392504
1974-03,0.5418652460296682,0.22906737698516588,0.22906737698516588
1974-04,0.5895379540821246,0.2052310229589377,0.2052310229589377
1974-05,0.5445809460787635,0.22770952696061825,0.22770952696061825
1974-06,0.45835466809753,0.270822665951235,0.270822665951235
1974-07,0.4065790728184743,0.29671046359076286,0.29671046359076286
1974-08,0.18286760462016902,0.4085661976899155,0.4085661976899155
1974-09,0.20646792906098108,0.39676603546950945,0.39676603546950945
1974-10,0.12480048925099227,0.43759975537450385,0.43759975537450385
1974-11,0.10166870864643623,0.44916564567678186,0.44916564567678186
1974-12,0.2750858658630203,0.36245706706848985,0.36245706706848985
1975-01,0.25260292342336454,0.3736985382883177,0.3736985382883177
1975-02,0.23355299273370778,0.3832235036331461,0.3832235036331461
1975-03,0.46250490996051585,0.2687475450197421,0.2687475450197421
1975-04,0.4039094120052622,0.2980452939973689,0.2980452939973689
1975-05,0.46757146297687957,0.2662142685115602,0.2662142685115602
1975-06,0.5519077242490268,0.2240461378754866,0.2240461378754866
1975-07,0.6666666666666666,0.16666666666666669,0.16666666666666669
1975-08,0.6666666666666666,0.16666666666666669,0.16666666666666669
1975-09,0.3872561366141179,0.3063719316929411,0.3063719316929411
1975-10,0.41740739312754344,0.29129630343622825,0.29129630343622825
1975-11,0.4680764150151099,0.26596179249244506,0.26596179249244506
1975-12,0.6666666666666666,0.16666666666666669,0.16666666666666669
1976-01,0.6563176520195445,0.17184117399022775,0.17184117399022775
1976-02,0.4667516367890809,0.26662418160545953,0.26662418160545953
1976-03,0.6666666666666666,0.16666666666666669,0.16666666666666669
1976-04,0.6666666666666666,0.16666666666666669,0.16666666666666669
1976-05,0.6666666666666666,0.16666666666666669,0.16666666666666669
1976-06,0.6666666666666666,0.16666666666666669,0.16666666666666669
1976-07,0.6666666666666666,0.16666666666666669,0.16666666666666669
1976-08,0.6666666666666666,0.16666666666666669,0.16666666666666669
1976-09,0.6666666666666666,0.16666666666666669,0.16666666666666669
1976-10,0.6666666666666666,0.16666666666666669,0.16666666666666669
1976-11,0.6666666666666666,0.16666666666666669,0.16666666666666669
1976-12,0.6666666666666666,0.16666666666666669,0.16666666666666669
1977-01,0.6666666666666666,0.16666666666666669,0.16666666666666669
1977-02,0.6666666666666666,0.16666666666666669,0.16666666666666669
1977-03,0.6666666666666666,0.16666666666666669,0.16666666666666669
1977-04,0.6666666666666666,0.16666666666666669,0.16666666666666669
1977-05,0.6666666666666666,0.16666666666666669,0.16666666666666669
1977-06,0.6666666666666666,0.16666666666666669,0.16666666666666669
1977-07,0.6666666666666666,0.16666666666666669,0.16666666666666669
1977-08,0.6666666666666666,0.16666666666666669,0.16666666666666669
1977-09,0.6666666666666666,0.16666666666666669,0.16666666666666669
1977-10,0.6666666666666666,0.16666666666666669,0.16666666666666669
1977-11,0.6666666666666666,0.16666666666666669,0.16666666666666669
1977-12,0.6608128848090071,0.16959355759549644,0.16959355759549644
1978-01,0.6666666666666666,0.16666666666666669,0.16666666666666669
1978-02,0.6666666666666666,0.16666666666666669,0.16666666666666669
1978-03,0.6666666666666666,0.16666666666666669,0.16666666666666669
1978-04,0.6666666666666666,0.16666666666666669,0.16666666666666669
1978-05,0.6154335434078683,0.19228322829606587,0.19228322829606587
1978-06,0.6666666666666666,0.16666666666666669,0.16666666666666669
1978-07,0.6666666666666666,0.16666666666666669,0.16666666666666669
1978-08,0.6666666666666666,0.16666666666666669,0.16666666666666669
1978-09,0.6666666666666666,0.16666666666666669,0.16666666666666669
1978-10,0.6666666666666666,0.16666666666666669,0.16666666666666669
1978-11,0.35046224382695157,0.3247688780865242,0.3247688780865242
1978-12,0.2620764904020443,0.36896175479897786,0.36896175479897786
1979-01,0.5280993519613433,0.23595032401932836,0.23595032401932836
1979-02,0.6666666666666666,0.16666666666666669,0.16666666666666669
1979-03,0.6666666666666666,0.16666666666666669,0.16666666666666669
1979-04,0.6666666666666666,0.16666666666666669,0.16666666666666669
1979-05,0.6666666666666666,0.16666666666666669,0.16666666666666669
1979-06,0.6666666666666666,0.16666666666666669,0.16666666666666669
1979-07,0.6666666666666666,0.16666666666666669,0.16666666666666669
1979-08,0.6666666666666666,0.16666666666666669,0.16666666666666669
1979-09,0.6666666666666666,0.16666666666666669,0.16666666666666669
1979-10,0.6666666666666666,0.16666666666666669,0.16666666666666669
1979-11,0.27335236951430336,0.3633238152428483,0.3633238152428483
1979-12,0.5615553798234667,0.21922231008826665,0.21922231008826665
1980-01,0.6666666666666666,0.16666666666666669,0.16666666666666669
1980-02,0.4601046181966577,0.26994769090167114,0.26994769090167114
1980-03,0.5527437752600516,0.2236281123699742,0.2236281123699742
1980-04,0.16047144523562049,0.41976427738218974,0.41976427738218974
1980-05,0.31302967850820496,0.3434851607458975,0.3434851607458975
1980-06,0.634538414573933,0.1827307927130335,0.1827307927130335
1980-07,0.6666666666666666,0.16666666666666669,0.16666666666666669
1980-08,0.6666666666666666,0.16666666666666669,0.16666666666666669
1980-09,0.5136889882216521,0.24315550588917395,0.24315550588917395
1980-10,0.3200791023397421,0.33996044883012894,0.33996044883012894
1980-11,0.41098701652609787,0.2945064917369511,0.2945064917369511
1980-12,0.37056627784586305,0.3147168610770685,0.3147168610770685
1981-01,0.3002181601002003,0.34989091994989985,0.34989091994989985
1981-02,0.5092481418455079,0.24537592907724604,0.24537592907724604
1981-03,0.539948043601294,0.230025978199353,0.230025978199353
1981-04,0.5346291708010704,0.2326854145994648,0.2326854145994648
1981-05,0.6666666666666666,0.16666666666666669,0.16666666666666669
1981-06,0.6666666666666666,0.16666666666666669,0.16666666666666669
1981-07,0.6666666666666666,0.16666666666666669,0.16666666666666669
1981-08,0.6666666666666666,0.16666666666666669,0.16666666666666669
1981-09,0.48552572871047234,0.2572371356447638,0.2572371356447638
1981-10,0.29045365941525014,0.35477317029237493,0.35477317029237493
1981-11,0.44026971848403523,0.2798651407579824,0.2798651407579824
1981-12,0.6666666666666666,0.16666666666666669,0.16666666666666669
1982-01,0.6666666666666666,0.16666666666666669,0.16666666666666669
1982-02,0.3734689315879878,0.3132655342060061,0.3132655342060061
1982-03,0.5877728972096669,0.20611355139516657,0.20611355139516657
1982-04,0.5692722642032807,0.21536386789835965,0.21536386789835965
1982-05,0.6666666666666666,0.16666666666666669,0.16666666666666669
1982-06,0.6666666666666666,0.16666666666666669,0.16666666666666669
1982-07,0.6579431738144471,0.17102841309277644,0.17102841309277644
1982-08,0.6666666666666666,0.16666666666666669,0.16666666666666669
1982-09,0.16139981024123667,0.4193000948793817,0.4193000948793817
1982-10,0.495986344742242,0.252006827628879,0.252006827628879
1982-11,0.1634641471235925,0.41826792643820376,0.41826792643820376
1982-12,0.18489912192756477,0.4075504390362176,0.4075504390362176
1983-01,0.4307481961822412,0.2846259019088794,0.2846259019088794
1983-02,0.29164319204420813,0.3541784039778959,0.3541784039778959
1983-03,0.5920398805336667,0.20398005973316663,0.20398005973316663
1983-04,0.6666666666666666,0.16666666666666669,0.16666666666666669
1983-05,0.6666666666666666,0.16666666666666669,0.16666666666666669
1983-06,0.6666666666666666,0.16666666666666669,0.16666666666666669
1983-07,0.6565341928445366,0.1717329035777317,0.1717329035777317
1983-08,0.4248281045861475,0.28758594770692625,0.28758594770692625
1983-09,0.6666666666666666,0.16666666666666669,0.16666666666666669
1983-10,0.6666666666666666,0.16666666666666669,0.16666666666666669
1983-11,0.6666666666666666,0.16666666666666669,0.16666666666666669
1983-12,0.6666666666666666,0.16666666666666669,0.16666666666666669
1984-01,0.6666666666666666,0.16666666666666669,0.16666666666666669
1984-02,0.6666666666666666,0.16666666666666669,0.16666666666666669
1984-03,0.4492204322344751,0.2753897838827625,0.2753897838827625
1984-04,0.6666666666666666,0.16666666666666669,0.16666666666666669
1984-05,0.6666666666666666,0.16666666666666669,0.16666666666666669
1984-06,0.6666666666666666,0.16666666666666669,0.16666666666666669
1984-07,0.6666666666666666,0.16666666666666669,0.16666666666666669
1984-08,0.6666666666666666,0.16666666666666669,0.16666666666666669
1984-09,0.2977380187137056,0.35113099064314723,0.35113099064314723
1984-10,0.6666666666666666,0.16666666666666669,0.16666666666666669
1984-11,0.6666666666666666,0.16666666666666669,0.16666666666666669
1984-12,0.6666666666666666,0.16666666666666669,0.16666666666666669
1985-01,0.6666666666666666,0.16666666666666669,0.16666666666666669
1985-02,0.6242297640986832,0.18788511795065838,0.18788511795065838
1985-03,0.6666666666666666,0.16666666666666669,0.16666666666666669
1985-04,0.6666666666666666,0.16666666666666669,0.16666666666666669
1985-05,0.6666666666666666,0.16666666666666669,0.16666666666666669
1985-06,0.6666666666666666,0.16666666666666669,0.16666666666666669
1985-07,0.6666666666666666,0.16666666666666669,0.16666666666666669
1985-08,0.6666666666666666,0.16666666666666669,0.16666666666666669
1985-09,0.6666666666666666,0.16666666666666669,0.16666666666666669
1985-10,0.6666666666666666,0.16666666666666669,0.16666666666666669
1985-11,0.6666666666666666,0.16666666666666669,0.16666666666666669
1985-12,0.6666666666666666,0.16666666666666669,0.16666666666666669
1986-01,0.6666666666666666,0.16666666666666669,0.16666666666666669
1986-02,0.5639525293050136,0.2180237353474932,0.2180237353474932
1986-03,0.6666666666666666,0.16666666666666669,0.16666666666666669
1986-04,0.6666666666666666,0.16666666666666669,0.16666666666666669
1986-05,0.42965111006395357,0.28517444496802324,0.28517444496802324
1986-06,0.6666666666666666,0.16666666666666669,0.16666666666666669
1986-07,0.6666666666666666,0.16666666666666669,0.16666666666666669
1986-08,0.3701376887549364,0.3149311556225318,0.3149311556225318
1986-09,0.6666666666666666,0.16666666666666669,0.16666666666666669
1986-10,0.23067530693147575,0.3846623465342621,0.3846623465342621
1986-11,0.6666666666666666,0.16666666666666669,0.16666666666666669
1986-12,0.6380426498550794,0.1809786750724603,0.1809786750724603
1987-01,0.6666666666666666,0.16666666666666669,0.16666666666666669
1987-02,0.3561650254656648,0.3219174872671676,0.3219174872671676
1987-03,0.6666666666666666,0.16666666666666669,0.16666666666666669
1987-04,0.55903404420313,0.22048297789843502,0.22048297789843502
1987-05,0.255003211053137,0.37249839447343147,0.37249839447343147
1987-06,0.44091754116834075,0.2795412294158296,0.2795412294158296
1987-07,0.6666666666666666,0.16666666666666669,0.16666666666666669
1987-08,0.6666666666666666,0.16666666666666669,0.16666666666666669
1987-09,0.5768884644604213,0.21155576776978935,0.21155576776978935
1987-10,0.44321404162216366,0.27839297918891814,0.27839297918891814
1987-11,0.015060185737842473,0.49246990713107874,0.49246990713107874
1987-12,0.15207650070535256,0.4239617496473237,0.4239617496473237
1988-01,0.15869882825601858,0.4206505858719907,0.4206505858719907
1988-02,0.12222190237254506,0.4388890488137275,0.4388890488137275
1988-03,0.6139015254862938,0.19304923725685308,0.19304923725685308
1988-04,0.6666666666666666,0.16666666666666669,0.16666666666666669
1988-05,0.33371967495359967,0.33314016252320017,0.33314016252320017
1988-06,0.4795718024527967,0.2602140987736017,0.2602140987736017
1988-07,0.5104993707572927,0.24475031462135366,0.24475031462135366
1988-08,0.6666666666666666,0.16666666666666669,0.16666666666666669
1988-09,0.6666666666666666,0.16666666666666669,0.16666666666666669
1988-10,0.6666666666666666,0.16666666666666669,0.16666666666666669
1988-11,0.6666666666666666,0.16666666666666669,0.16666666666666669
1988-12,0.6666666666666666,0.16666666666666669,0.16666666666666669
1989-01,0.6666666666666666,0.16666666666666669,0.16666666666666669
1989-02,0.6666666666666666,0.16666666666666669,0.16666666666666669
1989-03,0.6666666666666666,0.16666666666666669,0.16666666666666669
1989-04,0.6666666666666666,0.16666666666666669,0.16666666666666669
1989-05,0.6666666666666666,0.16666666666666669,0.16666666666666669
1989-06,0.6666666666666666,0.16666666666666669,0.16666666666666669
1989-07,0.6666666666666666,0.16666666666666669,0.16666666666666669
1989-08,0.6666666666666666,0.16666666666666669,0.16666666666666669
1989-09,0.6666666666666666,0.16666666666666669,0.16666666666666669
1989-10,0.6666666666666666,0.16666666666666669,0.16666666666666669
1989-11,0.19087091862496358,0.40456454068751824,0.40456454068751824
1989-12,0.6666666666666666,0.16666666666666669,0.16666666666666669
1990-01,0.6666666666666666,0.16666666666666669,0.16666666666666669
1990-02,0.3545983357165404,0.3227008321417298,0.3227008321417298
1990-03,0.6666666666666666,0.16666666666666669,0.16666666666666669
1990-04,0.6666666666666666,0.16666666666666669,0.16666666666666669
1990-05,0.6666666666666666,0.16666666666666669,0.16666666666666669
1990-06,0.6666666666666666,0.16666666666666669,0.16666666666666669
1990-07,0.6666666666666666,0.16666666666666669,0.16666666666666669
1990-08,0.6666666666666666,0.16666666666666669,0.16666666666666669
1990-09,0.13777263290965241,0.43111368354517376,0.43111368354517376
1990-10,0.45307820982681424,0.2734608950865929,0.2734608950865929
1990-11,0.20732406544975124,0.3963379672751244,0.3963379672751244
1990-12,0.3860570049031837,0.30697149754840813,0.30697149754840813
1991-01,0.6666666666666666,0.16666666666666669,0.16666666666666669
1991-02,0.28513893239140414,0.3574305338042979,0.3574305338042979
1991-03,0.38050998876198083,0.3097450056190096,0.3097450056190096
1991-04,0.6664883875985214,0.16675580620073932,0.16675580620073932
1991-05,0.4916405577786719,0.25417972111066406,0.25417972111066406
1991-06,0.605887567413733,0.19705621629313352,0.19705621629313352
1991-07,0.6666666666666666,0.16666666666666669,0.16666666666666669
1991-08,0.6666666666666666,0.16666666666666669,0.16666666666666669
1991-09,0.4462672093910274,0.2768663953044863,0.2768663953044863
1991-10,0.6666666666666666,0.16666666666666669,0.16666666666666669
1991-11,0.6666666666666666,0.16666666666666669,0.16666666666666669
1991-12,0.429842324092701,0.2850788379536495,0.2850788379536495
1992-01,0.43696754449771263,0.2815162277511437,0.2815162277511437
1992-02,0.6666666666666666,0.16666666666666669,0.16666666666666669
1992-03,0.6666666666666666,0.16666666666666669,0.16666666666666669
1992-04,0.6666666666666666,0.16666666666666669,0.16666666666666669
1992-05,0.4850255388781954,0.2574872305609023,0.2574872305609023
1992-06,0.6666666666666666,0.16666666666666669,0.16666666666666669
1992-07,0.6666666666666666,0.16666666666666669,0.16666666666666669
1992-08,0.6666666666666666,0.16666666666666669,0.16666666666666669
1992-09,0.6666666666666666,0.16666666666666669,0.16666666666666669
1992-10,0.6666666666666666,0.16666666666666669,0.16666666666666669
1992-11,0.6666666666666666,0.16666666666666669,0.16666666666666669
1992-12,0.6666666666666666,0.16666666666666669,0.16666666666666669
1993-01,0.6666666666666666,0.16666666666666669,0.16666666666666669
1993-02,0.6666666666666666,0.16666666666666669,0.16666666666666669
1993-03,0.6129536323158642,0.1935231838420679,0.1935231838420679
1993-04,0.6666666666666666,0.16666666666666669,0.16666666666666669
1993-05,0.6666666666666666,0.16666666666666669,0.16666666666666669
1993-06,0.6666666666666666,0.16666666666666669,0.16666666666666669
1993-07,0.6666666666666666,0.16666666666666669,0.16666666666666669
1993-08,0.6666666666666666,0.16666666666666669,0.16666666666666669
1993-09,0.6666666666666666,0.16666666666666669,0.16666666666666669
1993-10,0.6666666666666666,0.16666666666666669,0.16666666666666669
1993-11,0.6666666666666666,0.16666666666666669,0.16666666666666669
1993-12,0.6666666666666666,0.16666666666666669,0.16666666666666669
1994-01,0.6666666666666666,0.16666666666666669,0.16666666666666669
1994-02,0.6666666666666666,0.16666666666666669,0.16666666666666669
1994-03,0.6666666666666666,0.16666666666666669,0.16666666666666669
1994-04,0.6666666666666666,0.16666666666666669,0.16666666666666669
1994-05,0.5410152702313732,0.2294923648843134,0.2294923648843134
1994-06,0.6666666666666666,0.16666666666666669,0.16666666666666669
1994-07,0.6666666666666666,0.16666666666666669,0.16666666666666669
1994-08,0.6666666666666666,0.16666666666666669,0.16666666666666669
1994-09,0.6666666666666666,0.16666666666666669,0.16666666666666669
1994-10,0.6666666666666666,0.16666666666666669,0.16666666666666669
1994-11,0.6666666666666666,0.16666666666666669,0.16666666666666669
1994-12,0.6666666666666666,0.16666666666666669,0.16666666666666669
1995-01,0.6666666666666666,0.16666666666666669,0.16666666666666669
1995-02,0.6666666666666666,0.16666666666666669,0.16666666666666669
1995-03,0.6666666666666666,0.16666666666666669,0.16666666666666669
1995-04,0.6666666666666666,0.16666666666666669,0.16666666666666669
1995-05,0.6666666666666666,0.16666666666666669,0.16666666666666669
1995-06,0.6666666666666666,0.16666666666666669,0.16666666666666669
1995-07,0.6666666666666666,0.16666666666666669,0.16666666666666669
1995-08,0.6666666666666666,0.16666666666666669,0.16666666666666669
1995-09,0.6666666666666666,0.16666666666666669,0.16666666666666669
1995-10,0.6666666666666666,0.16666666666666669,0.16666666666666669
1995-11,0.6666666666666666,0.16666666666666669,0.16666666666666669
1995-12,0.6666666666666666,0.16666666666666669,0.16666666666666669
1996-01,0.6666666666666666,0.16666666666666669,0.16666666666666669
1996-02,0.6073985100819411,0.19630074495902944,0.19630074495902944
1996-03,0.6666666666666666,0.16666666666666669,0.16666666666666669
1996-04,0.5434052304741286,0.2282973847629357,0.2282973847629357
1996-05,0.6666666666666666,0.16666666666666669,0.16666666666666669
1996-06,0.6666666666666666,0.16666666666666669,0.16666666666666669
1996-07,0.6666666666666666,0.16666666666666669,0.16666666666666669
1996-08,0.2752020676707587,0.36239896616462064,0.36239896616462064
1996-09,0.6666666666666666,0.16666666666666669,0.16666666666666669
1996-10,0.6666666666666666,0.16666666666666669,0.16666666666666669
1996-11,0.6666666666666666,0.16666666666666669,0.16666666666666669
1996-12,0.6666666666666666,0.16666666666666669,0.16666666666666669
1997-01,0.6242226402410951,0.18788867987945246,0.18788867987945246
1997-02,0.6666666666666666,0.16666666666666669,0.16666666666666669
1997-03,0.6498500476752392,0.17507497616238038,0.17507497616238038
1997-04,0.46940669941682917,0.26529665029158545,0.26529665029158545
1997-05,0.3170459916860314,0.3414770041569843,0.3414770041569843
1997-06,0.443246769885339,0.27837661505733047,0.27837661505733047
1997-07,0.5606394902824584,0.2196802548587708,0.2196802548587708
1997-08,0.49509598240070585,0.2524520087996471,0.2524520087996471
1997-09,0.44579078456596205,0.27710460771701895,0.27710460771701895
1997-10,0.4397707303989453,0.28011463480052734,0.28011463480052734
1997-11,0.09852494699217336,0.4507375265039133,0.4507375265039133
1997-12,0.33144917631210896,0.3342754118439455,0.3342754118439455
1998-01,0.4065603188772976,0.2967198405613512,0.2967198405613512
1998-02,0.34126285475318585,0.3293685726234071,0.3293685726234071
1998-03,0.6666666666666666,0.16666666666666669,0.16666666666666669
1998-04,0.6666666666666666,0.16666666666666669,0.16666666666666669
1998-05,0.4832859469746651,0.25835702651266745,0.25835702651266745
1998-06,0.6666666666666666,0.16666666666666669,0.16666666666666669
1998-07,0.4244678121248139,0.28776609393759306,0.28776609393759306
1998-08,0.3958009156313221,0.302099542184339,0.302099542184339
1998-09,0.08271528577214811,0.4586423571139259,0.4586423571139259
1998-10,0.08672403435014782,0.45663798282492607,0.45663798282492607
1998-11,0.1306125546828365,0.43469372265858175,0.43469372265858175
1998-12,0.4120430587189784,0.2939784706405108,0.2939784706405108
1999-01,0.2707768752622392,0.36461156236888037,0.36461156236888037
1999-02,0.266350093751163,0.36682495312441854,0.36682495312441854
1999-03,0.23432710904825266,0.3828364454758737,0.3828364454758737
1999-04,0.27070639677694,0.36464680161153,0.36464680161153
1999-05,0.2903057275457336,0.3548471362271332,0.3548471362271332
1999-06,0.28023838002569657,0.3598808099871517,0.3598808099871517
1999-07,0.31721761675168897,0.34139119162415554,0.34139119162415554
1999-08,0.48781802209440484,0.2560909889527976,0.2560909889527976
1999-09,0.2931590587624765,0.35342047061876175,0.35342047061876175
1999-10,0.31039950018641355,0.34480024990679325,0.34480024990679325
1999-11,0.17750977453049366,0.41124511273475317,0.41124511273475317
1999-12,0.5435880317124704,0.2282059841437648,0.2282059841437648
2000-01,0.6318631881412553,0.18406840592937235,0.18406840592937235
2000-02,0.1383090733856726,0.43084546330716367,0.43084546330716367
2000-03,0.2801308478623284,0.35993457606883583,0.35993457606883583
2000-04,0.1201594030510449,0.43992029847447756,0.43992029847447756
2000-05,0.0693579482602496,0.4653210258698752,0.4653210258698752
2000-06,0.11622896375266234,0.44188551812366883,0.44188551812366883
2000-07,0.24317024499981,0.378414877500095,0.378414877500095
2000-08,0.28193007415947435,0.3590349629202628,0.3590349629202628
2000-09,0.6666666666666666,0.16666666666666669,0.16666666666666669
2000-10,0.40555916836889166,0.29722041581555414,0.29722041581555414
2000-11,0.11214323144188802,0.443928384279056,0.443928384279056
2000-12,0.1661835548858366,0.4169082225570817,0.4169082225570817
2001-01,0.10682358926347207,0.44658820536826394,0.44658820536826394
2001-02,0.12322007131495542,0.4383899643425223,0.4383899643425223
2001-03,0.2829419441395802,0.3585290279302099,0.3585290279302099
2001-04,0.10830204182892698,0.4458489790855365,0.4458489790855365
2001-05,0.09461619145354246,0.45269190427322875,0.45269190427322875
2001-06,0.28219741919509106,0.35890129040245444,0.35890129040245444
2001-07,0.47323307091685857,0.2633834645415707,0.2633834645415707
2001-08,0.28078017397574795,0.359609913012126,0.359609913012126
2001-09,0.3862641099433538,0.3068679450283231,0.3068679450283231
2001-10,0.11044170204596525,0.44477914897701737,0.44477914897701737
2001-11,0.22250998866347294,0.38874500566826353,0.38874500566826353
2001-12,0.3716052803358677,0.31419735983206615,0.31419735983206615
2002-01,0.42491988125663877,0.2875400593716806,0.2875400593716806
2002-02,0.38970360274237914,0.30514819862881043,0.30514819862881043
2002-03,0.3172328238049823,0.34138358809750885,0.34138358809750885
2002-04,0.4062697806952721,0.29686510965236396,0.29686510965236396
2002-05,0.358664304141609,0.3206678479291955,0.3206678479291955
2002-06,0.21013650996100555,0.39493174501949724,0.39493174501949724
2002-07,0.2267313993804562,0.3866343003097719,0.3866343003097719
2002-08,0.05620123068845946,0.47189938465577025,0.47189938465577025
2002-09,0.09114774831695685,0.4544261258415216,0.4544261258415216
2002-10,0.11674420141816283,0.4416278992909186,0.4416278992909186
2002-11,0.07327649037127042,0.4633617548143648,0.4633617548143648
2002-12,0.18285393294379684,0.4085730335281016,0.4085730335281016
2003-01,0.31804955184387473,0.34097522407806263,0.34097522407806263
2003-02,0.17055898023959357,0.4147205098802032,0.4147205098802032
2003-03,0.34418627883274655,0.3279068605836267,0.3279068605836267
2003-04,0.1451480267996429,0.42742598660017855,0.42742598660017855
2003-05,0.28290458903026067,0.3585477054848697,0.3585477054848697
2003-06,0.3789802159572034,0.31050989202139834,0.31050989202139834
2003-07,0.40231403951893496,0.2988429802405325,0.2988429802405325
2003-08,0.4059946638101405,0.29700266809492976,0.29700266809492976
2003-09,0.6666666666666666,0.16666666666666669,0.16666666666666669
2003-10,0.4165031476695205,0.29174842616523977,0.29174842616523977
2003-11,0.5438191076211104,0.2280904461894448,0.2280904461894448
2003-12,0.6666666666666666,0.16666666666666669,0.16666666666666669
2004-01,0.6666666666666666,0.16666666666666669,0.16666666666666669
2004-02,0.6666666666666666,0.16666666666666669,0.16666666666666669
2004-03,0.6666666666666666,0.16666666666666669,0.16666666666666669
2004-04,0.38317723035896845,0.3084113848205158,0.3084113848205158
2004-05,0.6151295648286608,0.19243521758566962,0.19243521758566962
2004-06,0.6666666666666666,0.16666666666666669,0.16666666666666669
2004-07,0.6666666666666666,0.16666666666666669,0.16666666666666669
2004-08,0.6666666666666666,0.16666666666666669,0.16666666666666669
2004-09,0.5049130099499572,0.24754349502502138,0.24754349502502138
2004-10,0.6666666666666666,0.16666666666666669,0.16666666666666669
2004-11,0.6453516073038145,0.17732419634809277,0.17732419634809277
2004-12,0.6666666666666666,0.16666666666666669,0.16666666666666669
2005-01,0.6666666666666666,0.16666666666666669,0.16666666666666669
2005-02,0.6666666666666666,0.16666666666666669,0.16666666666666669
2005-03,0.6666666666666666,0.16666666666666669,0.16666666666666669
2005-04,0.6666666666666666,0.16666666666666669,0.16666666666666669
2005-05,0.43768088736731925,0.2811595563163404,0.2811595563163404
2005-06,0.6666666666666666,0.16666666666666669,0.16666666666666669
2005-07,0.6666666666666666,0.16666666666666669,0.16666666666666669
2005-08,0.6666666666666666,0.16666666666666669,0.16666666666666669
2005-09,0.6666666666666666,0.16666666666666669,0.16666666666666669
2005-10,0.6666666666666666,0.16666666666666669,0.16666666666666669
2005-11,0.40400931091991726,0.2979953445400414,0.2979953445400414
2005-12,0.6666666666666666,0.16666666666666669,0.16666666666666669
2006-01,0.6666666666666666,0.16666666666666669,0.16666666666666669
2006-02,0.6666666666666666,0.16666666666666669,0.16666666666666669
2006-03,0.6666666666666666,0.16666666666666669,0.16666666666666669
2006-04,0.6666666666666666,0.16666666666666669,0.16666666666666669
2006-05,0.6666666666666666,0.16666666666666669,0.16666666666666669
2006-06,0.5463477329743748,0.2268261335128126,0.2268261335128126
2006-07,0.32004231692940793,0.339978841535296,0.339978841535296
2006-08,0.4479380466082431,0.27603097669587845,0.27603097669587845
2006-09,0.6666666666666666,0.16666666666666669,0.16666666666666669
2006-10,0.6666666666666666,0.16666666666666669,0.16666666666666669
2006-11,0.6666666666666666,0.16666666666666669,0.16666666666666669
2006-12,0.6666666666666666,0.16666666666666669,0.16666666666666669
2007-01,0.6666666666666666,0.16666666666666669,0.16666666666666669
2007-02,0.6666666666666666,0.16666666666666669,0.16666666666666669
2007-03,0.5469779846246936,0.2265110076876532,0.2265110076876532
2007-04,0.48841267062968663,0.2557936646851567,0.2557936646851567
2007-05,0.6666666666666666,0.16666666666666669,0.16666666666666669
2007-06,0.6666666666666666,0.16666666666666669,0.16666666666666669
2007-07,0.559724299159845,0.2201378504200775,0.2201378504200775
2007-08,0.33719133588453615,0.3314043320577319,0.3314043320577319
2007-09,0.16210568802131994,0.41894715598934,0.41894715598934
2007-10,0.42745679567564504,0.2862716021621775,0.2862716021621775
2007-11,0.4603239363581668,0.2698380318209166,0.2698380318209166
2007-12,0.14821780141074942,0.4258910992946253,0.4258910992946253
2008-01,0.33338120342422134,0.3333093982878893,0.3333093982878893
2008-02,0.17228658109430994,0.41385670945284503,0.41385670945284503
2008-03,0.24930696578631134,0.3753465171068443,0.3753465171068443
2008-04,0.1262586337338406,0.4368706831330797,0.4368706831330797
2008-05,0.2859974083305882,0.3570012958347059,0.3570012958347059
2008-06,0.5198189550516471,0.24009052247417645,0.24009052247417645
2008-07,0.24557227150032357,0.3772138642498382,0.3772138642498382
2008-08,0.1848520924901716,0.40757395375491423,0.40757395375491423
2008-09,0.2429248241519008,0.37853758792404957,0.37853758792404957
2008-10,0.03616379922869126,0.48191810038565436,0.48191810038565436
2008-11,0.01491499583065605,0.492542502084672,0.492542502084672
2008-12,0.023539290155035888,0.48823035492248207,0.48823035492248207
2009-01,0.04085255324812193,0.479573723375939,0.479573723375939
2009-02,0.07092891203950681,0.4645355439802466,0.4645355439802466
2009-03,0.08966344030163113,0.45516827984918445,0.45516827984918445
2009-04,0.04122152353788648,0.4793892382310568,0.4793892382310568
2009-05,0.10579081244330792,0.44710459377834605,0.44710459377834605
2009-06,0.1311059312887696,0.4344470343556152,0.4344470343556152
2009-07,0.2353353839267436,0.3823323080366282,0.3823323080366282
2009-08,0.22310576332670834,0.3884471183366458,0.3884471183366458
2009-09,0.36762225591750936,0.31618887204124535,0.31618887204124535
2009-10,0.4312362084100566,0.2843818957949717,0.2843818957949717
2009-11,0.2148220059786322,0.3925889970106839,0.3925889970106839
2009-12,0.40569096111734193,0.29715451944132903,0.29715451944132903
2010-01,0.6666666666666666,0.16666666666666669,0.16666666666666669
2010-02,0.43643389310134967,0.2817830534493252,0.2817830534493252
2010-03,0.35896133783513895,0.3205193310824305,0.3205193310824305
2010-04,0.6666666666666666,0.16666666666666669,0.16666666666666669
2010-05,0.45752059860346145,0.2712397006982693,0.2712397006982693
2010-06,0.09926306028585927,0.45036846985707035,0.45036846985707035
2010-07,0.14271300745015006,0.428643496274925,0.428643496274925
2010-08,0.2311642068730236,0.3844178965634882,0.3844178965634882
2010-09,0.290893732820764,0.35455313358961804,0.35455313358961804
2010-10,0.33574496185306074,0.3321275190734696,0.3321275190734696
2010-11,0.6666666666666666,0.16666666666666669,0.16666666666666669
2010-12,0.4715152302300063,0.26424238488499685,0.26424238488499685
2011-01,0.6666666666666666,0.16666666666666669,0.16666666666666669
2011-02,0.6666666666666666,0.16666666666666669,0.16666666666666669
2011-03,0.6666666666666666,0.16666666666666669,0.16666666666666669
2011-04,0.36101804616822325,0.31949097691588835,0.31949097691588835
2011-05,0.6666666666666666,0.16666666666666669,0.16666666666666669
2011-06,0.6666666666666666,0.16666666666666669,0.16666666666666669
2011-07,0.3494689921762384,0.3252655039118808,0.3252655039118808
2011-08,0.4212647865882316,0.28936760670588424,0.28936760670588424
2011-09,0.040815890953303395,0.4795920545233483,0.4795920545233483
2011-10,0.11552208805897957,0.4422389559705102,0.4422389559705102
2011-11,0.10241891575810064,0.4487905421209497,0.4487905421209497
2011-12,0.1056433333989959,0.44717833330050205,0.44717833330050205
2012-01,0.278738000295227,0.3606309998523865,0.3606309998523865
2012-02,0.6666666666666666,0.16666666666666669,0.16666666666666669
2012-03,0.6666666666666666,0.16666666666666669,0.16666666666666669
2012-04,0.6559064421541413,0.17204677892292936,0.17204677892292936
2012-05,0.4716815255070118,0.2641592372464941,0.2641592372464941
2012-06,0.5280712101446995,0.23596439492765026,0.23596439492765026
2012-07,0.23163187486338288,0.38418406256830856,0.38418406256830856
2012-08,0.5282972186710418,0.23585139066447908,0.23585139066447908
2012-09,0.6666666666666666,0.16666666666666669,0.16666666666666669
2012-10,0.6666666666666666,0.16666666666666669,0.16666666666666669
2012-11,0.6666666666666666,0.16666666666666669,0.16666666666666669
2012-12,0.43704657637156896,0.2814767118142155,0.2814767118142155
2013-01,0.6666666666666666,0.16666666666666669,0.16666666666666669
2013-02,0.6666666666666666,0.16666666666666669,0.16666666666666669
2013-03,0.6513894011795701,0.17430529941021494,0.17430529941021494
2013-04,0.6666666666666666,0.16666666666666669,0.16666666666666669
2013-05,0.4541876094573268,0.27290619527133664,0.27290619527133664
2013-06,0.6666666666666666,0.16666666666666669,0.16666666666666669
2013-07,0.38667433242671084,0.3066628337866446,0.3066628337866446
2013-08,0.6666666666666666,0.16666666666666669,0.16666666666666669
2013-09,0.6666666666666666,0.16666666666666669,0.16666666666666669
2013-10,0.6666666666666666,0.16666666666666669,0.16666666666666669
2013-11,0.5455258548800311,0.22723707255998443,0.22723707255998443
2013-12,0.6666666666666666,0.16666666666666669,0.16666666666666669
2014-01,0.6666666666666666,0.16666666666666669,0.16666666666666669
2014-02,0.5797457721166458,0.2101271139416771,0.2101271139416771
2014-03,0.6089486551328201,0.19552567243358993,0.19552567243358993
2014-04,0.6666666666666666,0.16666666666666669,0.16666666666666669
2014-05,0.501184539121558,0.249407730439221,0.249407730439221
2014-06,0.6666666666666666,0.16666666666666669,0.16666666666666669
2014-07,0.6666666666666666,0.16666666666666669,0.16666666666666669
2014-08,0.6666666666666666,0.16666666666666669,0.16666666666666669
2014-09,0.6666666666666666,0.16666666666666669,0.16666666666666669
2014-10,0.6666666666666666,0.16666666666666669,0.16666666666666669
2014-11,0.27524333060123424,0.36237833469938285,0.36237833469938285
2014-12,0.6666666666666666,0.16666666666666669,0.16666666666666669
2015-01,0.40438598454678026,0.29780700772660984,0.29780700772660984
2015-02,0.3637177680618852,0.31814111596905736,0.31814111596905736
2015-03,0.6666666666666666,0.16666666666666669,0.16666666666666669
2015-04,0.5333174446853424,0.23334127765732882,0.23334127765732882
2015-05,0.6666666666666666,0.16666666666666669,0.16666666666666669
2015-06,0.6666666666666666,0.16666666666666669,0.16666666666666669
2015-07,0.6666666666666666,0.16666666666666669,0.16666666666666669
2015-08,0.6666666666666666,0.16666666666666669,0.16666666666666669
2015-09,0.15084254129974353,0.42457872935012825,0.42457872935012825
2015-10,0.2102431298076766,0.3948784350961617,0.3948784350961617
2015-11,0.4742826230173827,0.26285868849130867,0.26285868849130867
2015-12,0.6666666666666666,0.16666666666666669,0.16666666666666669
2016-01,0.30308046068747563,0.3484597696562622,0.3484597696562622
2016-02,0.18575063008748102,0.4071246849562595,0.4071246849562595
2016-03,0.29872675921748637,0.3506366203912568,0.3506366203912568
2016-04,0.5850271842030387,0.20748640789848066,0.20748640789848066
2016-05,0.6666666666666666,0.16666666666666669,0.16666666666666669
2016-06,0.6666666666666666,0.16666666666666669,0.16666666666666669
2016-07,0.2634879093889698,0.3682560453055151,0.3682560453055151
2016-08,0.6666666666666666,0.16666666666666669,0.16666666666666669
2016-09,0.6666666666666666,0.16666666666666669,0.16666666666666669
2016-10,0.482365013771226,0.258817493114387,0.258817493114387
2016-11,0.6666666666666666,0.16666666666666669,0.16666666666666669
2016-12,0.6666666666666666,0.16666666666666669,0.16666666666666669
2017-01,0.6666666666666666,0.16666666666666669,0.16666666666666669
2017-02,0.6666666666666666,0.16666666666666669,0.16666666666666669
2017-03,0.6666666666666666,0.16666666666666669,0.16666666666666669
2017-04,0.6666666666666666,0.16666666666666669,0.16666666666666669
2017-05,0.6666666666666666,0.16666666666666669,0.16666666666666669
2017-06,0.6666666666666666,0.16666666666666669,0.16666666666666669
2017-07,0.6666666666666666,0.16666666666666669,0.16666666666666669
2017-08,0.6666666666666666,0.16666666666666669,0.16666666666666669
2017-09,0.6666666666666666,0.16666666666666669,0.16666666666666669
2017-10,0.6666666666666666,0.16666666666666669,0.16666666666666669
2017-11,0.6666666666666666,0.16666666666666669,0.16666666666666669
2017-12,0.6666666666666666,0.16666666666666669,0.16666666666666669
2018-01,0.6666666666666666,0.16666666666666669,0.16666666666666669
2018-02,0.6666666666666666,0.16666666666666669,0.16666666666666669
2018-03,0.15977112820840836,0.42011443589579583,0.42011443589579583
2018-04,0.254163590010917,0.37291820499454154,0.37291820499454154
2018-05,0.3454692596944462,0.3272653701527769,0.3272653701527769
2018-06,0.6666666666666666,0.16666666666666669,0.16666666666666669
2018-07,0.6666666666666666,0.16666666666666669,0.16666666666666669
2018-08,0.6666666666666666,0.16666666666666669,0.16666666666666669
2018-09,0.6666666666666666,0.16666666666666669,0.16666666666666669
2018-10,0.6666666666666666,0.16666666666666669,0.16666666666666669
2018-11,0.1691576982418661,0.41542115087906695,0.41542115087906695
2018-12,0.2653006765105251,0.3673496617447375,0.3673496617447375
2019-01,0.11683081189274451,0.44158459405362777,0.44158459405362777
2019-02,0.25846383600710077,0.3707680819964496,0.3707680819964496
2019-03,0.6666666666666666,0.16666666666666669,0.16666666666666669
2019-04,0.637873265289451,0.1810633673552745,0.1810633673552745
2019-05,0.6666666666666666,0.16666666666666669,0.16666666666666669
2019-06,0.3935905600469885,0.3032047199765058,0.3032047199765058
2019-07,0.6666666666666666,0.16666666666666669,0.16666666666666669
2019-08,0.6666666666666666,0.16666666666666669,0.16666666666666669
2019-09,0.1803338899888014,0.4098330550055993,0.4098330550055993
2019-10,0.6666666666666666,0.16666666666666669,0.16666666666666669
2019-11,0.516383051509241,0.2418084742453795,0.2418084742453795
2019-12,0.6666666666666666,0.16666666666666669,0.16666666666666669
2020-01,0.6666666666666666,0.16666666666666669,0.16666666666666669
2020-02,0.6666666666666666,0.16666666666666669,0.16666666666666669
2020-03,0.17546178214469008,0.41226910892765495,0.41226910892765495
2020-04,0.011657226160816592,0.4941713869195917,0.4941713869195917
2020-05,0.05762404824573904,0.47118797587713046,0.47118797587713046
2020-06,0.19025374574706,0.40487312712647,0.40487312712647
2020-07,0.11584482424619455,0.4420775878769027,0.4420775878769027
2020-08,0.4616232380999905,0.26918838095000475,0.26918838095000475
2020-09,0.6666666666666666,0.16666666666666669,0.16666666666666669
2020-10,0.1641003417338699,0.41794982913306505,0.41794982913306505
2020-11,0.23247685866020296,0.3837615706698985,0.3837615706698985
2020-12,0.33573683393920306,0.33213158303039847,0.33213158303039847
2021-01,0.6666666666666666,0.16666666666666669,0.16666666666666669
2021-02,0.4006536749058133,0.29967316254709336,0.29967316254709336
2021-03,0.453347257265001,0.2733263713674995,0.2733263713674995
2021-04,0.2566720771027262,0.3716639614486369,0.3716639614486369
2021-05,0.6666666666666666,0.16666666666666669,0.16666666666666669
2021-06,0.49674088027844426,0.25162955986077784,0.25162955986077784
2021-07,0.6666666666666666,0.16666666666666669,0.16666666666666669
2021-08,0.6666666666666666,0.16666666666666669,0.16666666666666669
2021-09,0.6666666666666666,0.16666666666666669,0.16666666666666669
2021-10,0.5757433707136895,0.21212831464315524,0.21212831464315524
2021-11,0.6666666666666666,0.16666666666666669,0.16666666666666669
2021-12,0.6095415712780661,0.19522921436096696,0.19522921436096696
2022-01,0.2860773439779322,0.35696132801103386,0.35696132801103386
2022-02,0.24228385617075782,0.37885807191462106,0.37885807191462106
2022-03,0.2048569824724016,0.3975715087637992,0.3975715087637992
2022-04,0.1535060091169808,0.42324699544150957,0.42324699544150957
2022-05,0.16049497098278953,0.41975251450860523,0.41975251450860523
2022-06,0.09645982808008126,0.4517700859599594,0.4517700859599594
2022-07,0.10809482311397822,0.4459525884430109,0.4459525884430109
2022-08,0.2383163086375877,0.38084184568120616,0.38084184568120616
2022-09,0.2375813800542572,0.3812093099728714,0.3812093099728714
2022-10,0.16515978000834877,0.41742010999582563,0.41742010999582563
2022-11,0.12903142276796564,0.4354842886160172,0.4354842886160172
2022-12,0.1272536323220428,0.4363731838389786,0.4363731838389786
2023-01,0.2944440433086069,0.3527779783456966,0.3527779783456966
2023-02,0.3532052797425541,0.32339736012872294,0.32339736012872294
2023-03,0.4503753667441474,0.27481231662792627,0.27481231662792627
2023-04,0.27184578278191546,0.3640771086090423,0.3640771086090423
2023-05,0.6666666666666666,0.16666666666666669,0.16666666666666669
2023-06,0.590976382698505,0.20451180865074747,0.20451180865074747
2023-07,0.6666666666666666,0.16666666666666669,0.16666666666666669
2023-08,0.6666666666666666,0.16666666666666669,0.16666666666666669
2023-09,0.6112271713401956,0.19438641432990222,0.19438641432990222
2023-10,0.6666666666666666,0.16666666666666669,0.16666666666666669
2023-11,0.4637428799345599,0.26812856003272,0.26812856003272
2023-12,0.5595701073271104,0.22021494633644478,0.22021494633644478
2024-01,0.6666666666666666,0.16666666666666669,0.16666666666666669
2024-02,0.6666666666666666,0.16666666666666669,0.16666666666666669
2024-03,0.6224836780720449,0.18875816096397757,0.18875816096397757
2024-04,0.6666666666666666,0.16666666666666669,0.16666666666666669
2024-05,0.513331762033249,0.24333411898337548,0.24333411898337548
2024-06,0.6666666666666666,0.16666666666666669,0.16666666666666669
2024-07,0.6666666666666666,0.16666666666666669,0.16666666666666669
2024-08,0.47884756939152456,0.2605762153042377,0.2605762153042377
2024-09,0.2403531074958967,0.37982344625205167,0.37982344625205167
2024-10,0.5304375252476985,0.23478123737615075,0.23478123737615075
2024-11,0.6666666666666666,0.16666666666666669,0.16666666666666669
2024-12,0.5334133892661161,0.23329330536694193,0.23329330536694193
2025-01,0.45923835456169815,0.2703808227191509,0.2703808227191509
2025-02,0.5274428291481903,0.23627858542590485,0.23627858542590485
2025-03,0.6010906556687884,0.1994546721656058,0.1994546721656058
2025-04,0.2140574166319429,0.39297129168402856,0.39297129168402856
2025-05,0.042620346567973554,0.47868982671601323,0.47868982671601323
2025-06,0.3311980205064318,0.3344009897467841,0.3344009897467841
2025-07,0.6666666666666666,0.16666666666666669,0.16666666666666669
2025-08,0.6666666666666666,0.16666666666666669,0.16666666666666669
2025-09,0.647589954005163,0.17620502299741853,0.17620502299741853
2025-10,0.6666666666666666,0.16666666666666669,0.16666666666666669
2025-11,0.4742388284910514,0.26288058575447426,0.26288058575447426
2025-12,0.45879478318104877,0.2706026084094756,0.2706026084094756
2026-01,0.6666666666666666,0.16666666666666669,0.16666666666666669
2026-02,0.6666666666666666,0.16666666666666669,0.16666666666666669
2026-03,0.5880404533533868,0.20597977332330658,0.20597977332330658
2026-04,0.28062454419126065,0.35968772790436965,0.35968772790436965
2026-05,0.5310221590693671,0.23448892046531644,0.23448892046531644
2026-06,0.6666666666666666,0.16666666666666669,0.16666666666666669
2026-07,0.34693198914181056,0.3265340054290947,0.3265340054290947
2026-08,0.6666666666666666,0.16666666666666669,0.16666666666666669
